asset,filename,shot_id,trace_start,trace_end,n_traces,n_labeled,n_unlabeled,label_coverage,first_break_min_ms,first_break_max_ms,first_break_mean_ms,first_break_median_ms,source_x,source_y,usable
Brunswick,Brunswick_orig_1500ms_V2.hdf5,1,0,2582,2582,2279,303,0.8826491092176607,30.0,1072.0,579.6450197455024,566.0,2876700.0,52530740.0,True
Brunswick,Brunswick_orig_1500ms_V2.hdf5,2,2582,5164,2582,1340,1242,0.5189775367931836,26.0,925.0,417.81641791044774,412.0,2868620.0,52528910.0,True
Brunswick,Brunswick_orig_1500ms_V2.hdf5,3,5164,7746,2582,1722,860,0.6669248644461657,40.0,1073.0,513.6974448315912,502.0,2876700.0,52531300.0,True
Brunswick,Brunswick_orig_1500ms_V2.hdf5,4,7746,10328,2582,1739,843,0.6735089078233927,36.0,933.0,443.20356526739505,444.0,2868650.0,52529510.0,True
Brunswick,Brunswick_orig_1500ms_V2.hdf5,5,10328,12910,2582,1747,835,0.6766072811773819,58.0,1104.0,561.5930165998856,547.0,2876710.0,52531900.0,True
Brunswick,Brunswick_orig_1500ms_V2.hdf5,6,12910,15492,2582,1940,642,0.7513555383423702,36.0,930.0,455.2355670103093,456.0,2868650.0,52530110.0,True
Brunswick,Brunswick_orig_1500ms_V2.hdf5,7,15492,18074,2582,1533,1049,0.5937257939581719,40.0,1088.0,540.7227658186563,535.0,2876710.0,52532510.0,True
Brunswick,Brunswick_orig_1500ms_V2.hdf5,8,18074,20656,2582,1792,790,0.6940356312935708,44.0,958.0,445.03738839285717,434.0,2868670.0,52530710.0,True
Brunswick,Brunswick_orig_1500ms_V2.hdf5,9,20656,23238,2582,2131,451,0.8253292021688613,26.0,904.0,464.823087752229,464.0,2864680.0,52524700.0,True
Brunswick,Brunswick_orig_1500ms_V2.hdf5,10,23238,25820,2582,1660,922,0.6429124709527498,26.0,1081.0,507.18674698795184,482.0,2876710.0,52533110.0,True
Brunswick,Brunswick_orig_1500ms_V2.hdf5,11,25820,28402,2582,1697,885,0.6572424477149497,52.0,952.0,425.13258691809074,414.0,2868680.0,52531140.0,True
Brunswick,Brunswick_orig_1500ms_V2.hdf5,12,28402,30984,2582,2083,499,0.8067389620449265,18.0,900.0,455.9323091694671,460.0,2864670.0,52525300.0,True
Brunswick,Brunswick_orig_1500ms_V2.hdf5,13,30984,33566,2582,1848,734,0.715724244771495,16.0,1078.0,513.2316017316017,498.0,2876710.0,52533700.0,True
Brunswick,Brunswick_orig_1500ms_V2.hdf5,14,33566,36148,2582,1966,616,0.761425251742835,18.0,1082.0,515.0686673448627,494.0,2876710.0,52534300.0,True
Brunswick,Brunswick_orig_1500ms_V2.hdf5,15,36148,38730,2582,2023,559,0.7835011618900077,24.0,887.0,449.99060800790903,450.0,2864660.0,52525900.0,True
Brunswick,Brunswick_orig_1500ms_V2.hdf5,16,38730,41312,2582,1854,728,0.7180480247869868,48.0,955.0,441.60355987055016,437.5,2868700.0,52531910.0,True
Brunswick,Brunswick_orig_1500ms_V2.hdf5,17,41312,43894,2582,2078,504,0.8048024786986832,33.0,1088.0,514.8960538979788,488.0,2876710.0,52534900.0,True
Brunswick,Brunswick_orig_1500ms_V2.hdf5,19,43894,46476,2582,2272,310,0.8799380325329202,42.0,1077.0,524.2966549295775,498.0,2876710.0,52535500.0,True
Brunswick,Brunswick_orig_1500ms_V2.hdf5,20,46476,49058,2582,1594,988,0.6173508907823393,32.0,936.0,372.9159347553325,366.0,2868710.0,52532510.0,True
Brunswick,Brunswick_orig_1500ms_V2.hdf5,21,49058,51640,2582,2171,411,0.8408210689388071,32.0,1081.0,508.6278212805159,486.0,2876710.0,52536100.0,True
Brunswick,Brunswick_orig_1500ms_V2.hdf5,22,51640,54222,2582,1941,641,0.7517428350116189,36.0,850.0,444.2715095311695,460.0,2864650.0,52527100.0,True
Brunswick,Brunswick_orig_1500ms_V2.hdf5,23,54222,56804,2582,2058,524,0.7970565453137103,20.0,1083.0,501.5534499514091,474.0,2876710.0,52536700.0,True
Brunswick,Brunswick_orig_1500ms_V2.hdf5,24,56804,59386,2582,2137,445,0.8276529821843532,15.0,1092.0,515.3144595226954,478.0,2876710.0,52537310.0,True
Brunswick,Brunswick_orig_1500ms_V2.hdf5,25,59386,61968,2582,2092,490,0.8102246320681642,18.0,933.0,430.1075525812619,420.0,2868720.0,52533050.0,True
Brunswick,Brunswick_orig_1500ms_V2.hdf5,26,61968,64550,2582,2361,221,0.9144074360960496,26.0,863.0,463.7039390088945,478.0,2864680.0,52527700.0,True
Brunswick,Brunswick_orig_1500ms_V2.hdf5,27,64550,67132,2582,2281,301,0.883423702556158,28.0,1092.0,516.5589653660675,480.0,2876710.0,52537900.0,True
Brunswick,Brunswick_orig_1500ms_V2.hdf5,28,67132,69714,2582,2287,295,0.8857474825716499,18.0,936.0,448.34980323567993,438.0,2868720.0,52533710.0,True
Brunswick,Brunswick_orig_1500ms_V2.hdf5,29,69714,72016,2302,2056,246,0.893136403127715,40.0,1086.0,515.636186770428,462.0,2876710.0,52538500.0,True
Brunswick,Brunswick_orig_1500ms_V2.hdf5,30,72016,74598,2582,2058,524,0.7970565453137103,18.0,853.0,432.61516034985425,433.5,2864640.0,52528300.0,True
Brunswick,Brunswick_orig_1500ms_V2.hdf5,31,74598,77180,2582,2197,385,0.8508907823392718,36.0,1090.0,518.5266272189349,472.0,2876710.0,52539100.0,True
Brunswick,Brunswick_orig_1500ms_V2.hdf5,32,77180,79762,2582,1753,829,0.6789310611928737,28.0,938.0,439.79406731317744,426.0,2868720.0,52534120.0,True
Brunswick,Brunswick_orig_1500ms_V2.hdf5,34,79762,82344,2582,1951,631,0.7556158017041054,22.0,853.0,424.87749871860586,428.0,2864630.0,52528900.0,True
Brunswick,Brunswick_orig_1500ms_V2.hdf5,35,82344,84926,2582,2167,415,0.8392718822618126,46.0,950.0,431.5431472081218,416.0,2868720.0,52534910.0,True
Brunswick,Brunswick_orig_1500ms_V2.hdf5,37,84926,87508,2582,1904,678,0.737412858249419,34.0,849.0,405.75052521008405,400.0,2864630.0,52529500.0,True
Brunswick,Brunswick_orig_1500ms_V2.hdf5,38,87508,90090,2582,2107,475,0.8160340821068939,40.0,932.0,410.6682486948268,388.0,2868720.0,52535710.0,True
Brunswick,Brunswick_orig_1500ms_V2.hdf5,39,90090,92672,2582,2015,567,0.7804027885360186,26.0,920.0,389.03225806451616,364.0,2868710.0,52536110.0,True
Brunswick,Brunswick_orig_1500ms_V2.hdf5,42,92672,95254,2582,1860,722,0.7203718048024786,38.0,859.0,404.23172043010754,404.0,2864620.0,52530100.0,True
Brunswick,Brunswick_orig_1500ms_V2.hdf5,44,95254,97836,2582,2112,470,0.8179705654531371,18.0,939.0,398.5667613636364,375.0,2868710.0,52536710.0,True
Brunswick,Brunswick_orig_1500ms_V2.hdf5,46,97836,100418,2582,2062,520,0.7986057319907048,24.0,939.0,392.1561590688652,362.0,2868670.0,52537310.0,True
Brunswick,Brunswick_orig_1500ms_V2.hdf5,48,100418,103000,2582,1854,728,0.7180480247869868,20.0,862.0,397.7270765911543,389.0,2864630.0,52531300.0,True
Brunswick,Brunswick_orig_1500ms_V2.hdf5,49,103000,105582,2582,2180,402,0.8443067389620449,34.0,946.0,397.91926605504585,368.0,2868720.0,52537910.0,True
Brunswick,Brunswick_orig_1500ms_V2.hdf5,50,105582,108164,2582,2190,392,0.8481797056545314,24.0,1093.0,503.5013698630137,454.0,2876710.0,52540910.0,True
Brunswick,Brunswick_orig_1500ms_V2.hdf5,51,108164,110746,2582,2078,504,0.8048024786986832,34.0,948.0,390.5567853705486,356.0,2868710.0,52538510.0,True
Brunswick,Brunswick_orig_1500ms_V2.hdf5,52,110746,113048,2302,1826,476,0.7932232841007819,18.0,852.0,377.62157721796274,362.0,2864630.0,52531800.0,True
Brunswick,Brunswick_orig_1500ms_V2.hdf5,53,113048,115630,2582,2139,443,0.8284275755228505,24.0,943.0,392.2010285179991,352.0,2868710.0,52539110.0,True
Brunswick,Brunswick_orig_1500ms_V2.hdf5,56,115630,118212,2582,1926,656,0.7459333849728892,26.0,860.0,383.86344755970924,374.0,2864640.0,52532550.0,True
Brunswick,Brunswick_orig_1500ms_V2.hdf5,57,118212,120794,2582,2182,400,0.8450813323005422,42.0,1092.0,498.5673693858845,446.5,2876710.0,52541920.0,True
Brunswick,Brunswick_orig_1500ms_V2.hdf5,58,120794,123376,2582,2163,419,0.8377226955848179,16.0,954.0,391.0790568654646,346.0,2868700.0,52540310.0,True
Brunswick,Brunswick_orig_1500ms_V2.hdf5,59,123376,125958,2582,2286,296,0.8853601859024013,28.0,950.0,399.0752405949256,356.0,2868700.0,52540910.0,True
Brunswick,Brunswick_orig_1500ms_V2.hdf5,60,125958,128540,2582,1978,604,0.7660728117738187,36.0,868.0,379.319514661274,364.0,2864640.0,52533150.0,True
Brunswick,Brunswick_orig_1500ms_V2.hdf5,61,128540,131122,2582,2280,302,0.8830364058869093,40.0,944.0,394.58947368421053,352.0,2868700.0,52541510.0,True
Brunswick,Brunswick_orig_1500ms_V2.hdf5,62,131122,133704,2582,2146,436,0.831138652207591,32.0,862.0,385.35274930102514,364.0,2864640.0,52533700.0,True
Brunswick,Brunswick_orig_1500ms_V2.hdf5,63,133704,136286,2582,2338,244,0.9054996127033308,32.0,959.0,403.10179640718565,352.0,2868700.0,52542110.0,True
Brunswick,Brunswick_orig_1500ms_V2.hdf5,64,136286,138868,2582,1505,1077,0.58288148721921,38.0,1140.0,510.46644518272427,452.0,2876510.0,52542710.0,True
Brunswick,Brunswick_orig_1500ms_V2.hdf5,65,138868,141450,2582,2229,353,0.8632842757552285,24.0,863.0,382.5307312696276,362.0,2864640.0,52534250.0,True
Brunswick,Brunswick_orig_1500ms_V2.hdf5,66,141450,144032,2582,2247,335,0.8702556158017041,22.0,958.0,395.3969737427681,344.0,2868690.0,52542640.0,True
Brunswick,Brunswick_orig_1500ms_V2.hdf5,67,144032,146614,2582,2029,553,0.7858249419054996,18.0,868.0,374.6436668309512,348.0,2864640.0,52534900.0,True
Brunswick,Brunswick_orig_1500ms_V2.hdf5,70,146614,149196,2582,2072,510,0.8024786986831913,22.0,970.0,385.9015444015444,330.0,2868880.0,52543320.0,True
Brunswick,Brunswick_orig_1500ms_V2.hdf5,71,149196,151778,2582,2215,367,0.8578621223857474,22.0,864.0,377.33408577878106,358.0,2864640.0,52535500.0,True
Brunswick,Brunswick_orig_1500ms_V2.hdf5,73,151778,154360,2582,2120,462,0.8210689388071263,18.0,970.0,383.35141509433964,331.0,2868800.0,52543920.0,True
Brunswick,Brunswick_orig_1500ms_V2.hdf5,74,154360,156942,2582,1847,735,0.7153369481022464,64.0,1158.0,531.6491608012994,466.0,2876710.0,52545110.0,True
Brunswick,Brunswick_orig_1500ms_V2.hdf5,75,156942,159524,2582,2328,254,0.9016266460108443,32.0,868.0,384.11082474226805,364.0,2864640.0,52536100.0,True
Brunswick,Brunswick_orig_1500ms_V2.hdf5,76,159524,162106,2582,2240,342,0.8675445391169636,16.0,968.0,393.29553571428573,334.0,2868750.0,52544520.0,True
Brunswick,Brunswick_orig_1500ms_V2.hdf5,77,162106,164688,2582,2300,282,0.8907823392718822,22.0,975.0,401.99391304347824,340.0,2868720.0,52545120.0,True
Brunswick,Brunswick_orig_1500ms_V2.hdf5,78,164688,167270,2582,2302,280,0.8915569326103796,36.0,872.0,379.99565595134663,356.0,2864630.0,52536700.0,True
Brunswick,Brunswick_orig_1500ms_V2.hdf5,79,167270,169852,2582,2335,247,0.9043377226955848,24.0,1002.0,406.71263383297645,344.0,2868670.0,52545710.0,True
Brunswick,Brunswick_orig_1500ms_V2.hdf5,80,169852,172434,2582,2346,236,0.9085979860573199,16.0,1017.0,406.81841432225065,344.0,2868660.0,52546310.0,True
Brunswick,Brunswick_orig_1500ms_V2.hdf5,81,172434,175016,2582,1946,636,0.7536793183578622,26.0,877.0,379.08376156217884,349.5,2864630.0,52537300.0,True
Brunswick,Brunswick_orig_1500ms_V2.hdf5,82,175016,177598,2582,2095,487,0.8113865220759101,42.0,1145.0,514.2601431980906,456.0,2876710.0,52545720.0,True
Brunswick,Brunswick_orig_1500ms_V2.hdf5,83,177598,180180,2582,2375,207,0.9198295894655306,30.0,1120.0,525.1128421052632,476.0,2876630.0,52546310.0,True
Brunswick,Brunswick_orig_1500ms_V2.hdf5,84,180180,182762,2582,2472,110,0.9573973663826492,30.0,886.0,392.93527508090614,358.0,2864630.0,52538500.0,True
Brunswick,Brunswick_orig_1500ms_V2.hdf5,85,182762,185064,2302,1675,627,0.7276281494352737,15.0,1087.0,475.9731343283582,426.0,2872720.0,52548110.0,True
Brunswick,Brunswick_orig_1500ms_V2.hdf5,86,185064,187646,2582,2453,129,0.9500387296669248,26.0,1122.0,533.5250713412148,486.0,2876720.0,52546910.0,True
Brunswick,Brunswick_orig_1500ms_V2.hdf5,87,187646,190228,2582,2065,517,0.7997676219984509,28.0,1051.0,453.65569007263923,394.0,2872720.0,52547510.0,True
Brunswick,Brunswick_orig_1500ms_V2.hdf5,88,190228,192810,2582,2415,167,0.9353214562354764,40.0,1127.0,536.4761904761905,488.0,2876720.0,52547500.0,True
Brunswick,Brunswick_orig_1500ms_V2.hdf5,89,192810,195392,2582,2479,103,0.9601084430673896,34.0,870.0,381.62363856393705,346.0,2864640.0,52539100.0,True
Brunswick,Brunswick_orig_1500ms_V2.hdf5,90,195392,197974,2582,2089,493,0.8090627420604183,40.0,1058.0,460.10962182862613,404.0,2872720.0,52547090.0,True
Brunswick,Brunswick_orig_1500ms_V2.hdf5,95,197974,200556,2582,2186,396,0.8466305189775368,54.0,1136.0,517.4784995425434,466.0,2876820.0,52548100.0,True
Brunswick,Brunswick_orig_1500ms_V2.hdf5,96,200556,203138,2582,2192,390,0.8489542989930287,39.0,1179.0,550.3567518248175,510.5,2876850.0,52548710.0,True
Brunswick,Brunswick_orig_1500ms_V2.hdf5,97,203138,205720,2582,2400,182,0.9295120061967467,42.0,884.0,375.2604166666667,334.0,2864640.0,52539700.0,True
Brunswick,Brunswick_orig_1500ms_V2.hdf5,98,205720,208302,2582,2286,296,0.8853601859024013,38.0,1132.0,546.1303587051618,499.0,2876920.0,52549310.0,True
Brunswick,Brunswick_orig_1500ms_V2.hdf5,99,208302,210884,2582,2471,111,0.9570100697134004,34.0,758.0,343.2302711452853,322.0,2856700.0,52540270.0,True
Brunswick,Brunswick_orig_1500ms_V2.hdf5,100,210884,213466,2582,2168,414,0.8396591789310612,26.0,1146.0,532.4215867158672,486.0,2876710.0,52549900.0,True
Brunswick,Brunswick_orig_1500ms_V2.hdf5,102,213466,216048,2582,2194,388,0.8497288923315259,24.0,888.0,374.5834092980857,322.0,2864640.0,52540900.0,True
Brunswick,Brunswick_orig_1500ms_V2.hdf5,103,216048,218630,2582,2522,60,0.9767621998450813,46.0,756.0,346.30095162569387,328.0,2856700.0,52539700.0,True
Brunswick,Brunswick_orig_1500ms_V2.hdf5,104,218630,221212,2582,2190,392,0.8481797056545314,22.0,904.0,387.2904109589041,336.0,2864650.0,52541500.0,True
Brunswick,Brunswick_orig_1500ms_V2.hdf5,105,221212,223794,2582,2495,87,0.966305189775368,54.0,752.0,346.6745490981964,328.0,2856700.0,52539100.0,True
Brunswick,Brunswick_orig_1500ms_V2.hdf5,106,223794,226376,2582,2292,290,0.8876839659178931,6.0,897.0,368.4659685863874,316.0,2864650.0,52542100.0,True
Brunswick,Brunswick_orig_1500ms_V2.hdf5,107,226376,228958,2582,2362,220,0.9147947327652982,46.0,742.0,344.92845046570704,328.0,2856700.0,52538500.0,True
Brunswick,Brunswick_orig_1500ms_V2.hdf5,108,228958,231540,2582,2144,438,0.8303640588690937,38.0,906.0,361.7131529850746,306.5,2864650.0,52542700.0,True
Brunswick,Brunswick_orig_1500ms_V2.hdf5,109,231540,234122,2582,2298,284,0.8900077459333849,28.0,740.0,337.96649260226286,320.0,2856700.0,52537900.0,True
Brunswick,Brunswick_orig_1500ms_V2.hdf5,110,234122,236704,2582,2213,369,0.8570875290472502,32.0,903.0,363.3113420695888,308.0,2864650.0,52543300.0,True
Brunswick,Brunswick_orig_1500ms_V2.hdf5,111,236704,239286,2582,2251,331,0.8718048024786987,22.0,903.0,369.65704131497114,312.0,2864660.0,52543900.0,True
Brunswick,Brunswick_orig_1500ms_V2.hdf5,112,239286,241868,2582,2076,506,0.8040278853601859,26.0,739.0,338.8275529865125,316.5,2856700.0,52537300.0,True
Brunswick,Brunswick_orig_1500ms_V2.hdf5,113,241868,244450,2582,2036,546,0.7885360185902401,18.0,1080.0,459.66895874263264,405.5,2872720.0,52546210.0,True
Brunswick,Brunswick_orig_1500ms_V2.hdf5,114,244450,247032,2582,2032,550,0.7869868319132456,36.0,730.0,334.55757874015745,314.0,2856700.0,52536700.0,True
Brunswick,Brunswick_orig_1500ms_V2.hdf5,115,247032,249614,2582,1861,721,0.7207591014717274,16.0,1053.0,450.9129500268673,392.0,2872720.0,52545710.0,True
Brunswick,Brunswick_orig_1500ms_V2.hdf5,116,249614,252196,2582,2261,321,0.8756777691711851,46.0,730.0,342.0636886333481,326.0,2856700.0,52536100.0,True
Brunswick,Brunswick_orig_1500ms_V2.hdf5,117,252196,254778,2582,2304,278,0.8923315259488769,42.0,727.0,346.40972222222223,330.0,2856700.0,52535450.0,True
Brunswick,Brunswick_orig_1500ms_V2.hdf5,118,254778,257360,2582,2340,242,0.9062742060418281,6.0,822.0,345.8410256410256,312.0,2860690.0,52542110.0,True
Brunswick,Brunswick_orig_1500ms_V2.hdf5,119,257360,259942,2582,2190,392,0.8481797056545314,40.0,817.0,335.6442922374429,306.0,2860690.0,52541500.0,True
Brunswick,Brunswick_orig_1500ms_V2.hdf5,120,259942,262524,2582,2402,180,0.930286599535244,30.0,724.0,353.54621149042464,342.0,2856700.0,52534900.0,True
Brunswick,Brunswick_orig_1500ms_V2.hdf5,121,262524,265106,2582,1780,802,0.6893880712625872,6.0,1051.0,448.99606741573035,386.0,2872720.0,52544950.0,True
Brunswick,Brunswick_orig_1500ms_V2.hdf5,122,265106,267688,2582,2327,255,0.9012393493415957,42.0,816.0,343.7614954877525,308.0,2860690.0,52540900.0,True
Brunswick,Brunswick_orig_1500ms_V2.hdf5,124,267688,270270,2582,2368,214,0.91711851278079,24.0,723.0,355.2947635135135,344.0,2856700.0,52534300.0,True
Brunswick,Brunswick_orig_1500ms_V2.hdf5,126,270270,272852,2582,2122,460,0.8218435321456236,30.0,803.0,334.7775683317625,302.0,2860690.0,52540300.0,True
Brunswick,Brunswick_orig_1500ms_V2.hdf5,127,272852,275434,2582,1444,1138,0.5592563903950426,52.0,1016.0,352.43490304709144,332.0,2872720.0,52543910.0,True
Brunswick,Brunswick_orig_1500ms_V2.hdf5,128,275434,278016,2582,2286,296,0.8853601859024013,32.0,724.0,354.3184601924759,342.0,2856700.0,52533700.0,True
Brunswick,Brunswick_orig_1500ms_V2.hdf5,129,278016,280598,2582,1654,928,0.6405886909372579,46.0,1040.0,417.3295042321644,366.0,2872720.0,52543310.0,True
Brunswick,Brunswick_orig_1500ms_V2.hdf5,130,280598,283180,2582,1556,1026,0.6026336173508908,36.0,1040.0,366.055912596401,334.0,2872720.0,52542710.0,True
Brunswick,Brunswick_orig_1500ms_V2.hdf5,131,283180,285762,2582,2317,265,0.8973663826491092,18.0,804.0,343.753560638757,310.0,2860690.0,52539700.0,True
Brunswick,Brunswick_orig_1500ms_V2.hdf5,133,285762,288344,2582,2111,471,0.8175832687838884,42.0,722.0,353.6125059213643,342.0,2856690.0,52533100.0,True
Brunswick,Brunswick_orig_1500ms_V2.hdf5,134,288344,290926,2582,2251,331,0.8718048024786987,20.0,798.0,341.84095957352287,310.0,2860690.0,52539100.0,True
Brunswick,Brunswick_orig_1500ms_V2.hdf5,135,290926,293508,2582,2096,486,0.8117738187451587,40.0,712.0,353.94704198473283,344.0,2856690.0,52532500.0,True
Brunswick,Brunswick_orig_1500ms_V2.hdf5,136,293508,296090,2582,1321,1261,0.5116189000774594,22.0,987.0,355.6222558667676,337.0,2872720.0,52542110.0,True
Brunswick,Brunswick_orig_1500ms_V2.hdf5,137,296090,298672,2582,2135,447,0.826878388845856,28.0,719.0,361.02435597189697,356.0,2856690.0,52531900.0,True
Brunswick,Brunswick_orig_1500ms_V2.hdf5,138,298672,301254,2582,2246,336,0.8698683191324554,32.0,808.0,345.08904719501334,312.0,2860690.0,52538500.0,True
Brunswick,Brunswick_orig_1500ms_V2.hdf5,139,301254,303836,2582,1722,860,0.6669248644461657,20.0,1031.0,413.01684088269457,368.0,2872720.0,52541510.0,True
Brunswick,Brunswick_orig_1500ms_V2.hdf5,140,303836,306418,2582,2178,404,0.8435321456235476,14.0,728.0,362.3824609733701,358.0,2856690.0,52531300.0,True
Brunswick,Brunswick_orig_1500ms_V2.hdf5,141,306418,309000,2582,1703,879,0.6595662277304415,32.0,1015.0,414.429242513212,372.0,2872720.0,52540890.0,True
Brunswick,Brunswick_orig_1500ms_V2.hdf5,142,309000,311582,2582,2218,364,0.8590240123934935,44.0,806.0,345.6136158701533,312.0,2860690.0,52537900.0,True
Brunswick,Brunswick_orig_1500ms_V2.hdf5,143,311582,314164,2582,2220,362,0.8597986057319907,20.0,734.0,367.7126126126126,366.0,2856690.0,52530700.0,True
Brunswick,Brunswick_orig_1500ms_V2.hdf5,144,314164,316746,2582,2058,524,0.7970565453137103,44.0,792.0,337.9995140913508,310.0,2860690.0,52537300.0,True
Brunswick,Brunswick_orig_1500ms_V2.hdf5,145,316746,319328,2582,1515,1067,0.5867544539116963,40.0,1021.0,385.380198019802,350.0,2872720.0,52540310.0,True
Brunswick,Brunswick_orig_1500ms_V2.hdf5,146,319328,321910,2582,2240,342,0.8675445391169636,36.0,808.0,357.58526785714287,332.0,2860690.0,52536710.0,True
Brunswick,Brunswick_orig_1500ms_V2.hdf5,147,321910,324492,2582,1498,1084,0.5801704105344694,30.0,1013.0,401.1688918558078,370.0,2872720.0,52539700.0,True
Brunswick,Brunswick_orig_1500ms_V2.hdf5,148,324492,327074,2582,2179,403,0.8439194422927963,30.0,740.0,369.62046810463517,368.0,2856690.0,52530100.0,True
Brunswick,Brunswick_orig_1500ms_V2.hdf5,149,327074,329656,2582,1454,1128,0.5631293570875291,20.0,1016.0,392.5790921595598,373.0,2872720.0,52539100.0,True
Brunswick,Brunswick_orig_1500ms_V2.hdf5,150,329656,332238,2582,2133,449,0.8261037955073587,30.0,812.0,357.0529770276606,330.0,2860690.0,52536100.0,True
Brunswick,Brunswick_orig_1500ms_V2.hdf5,151,332238,334820,2582,1849,733,0.7161115414407436,44.0,752.0,362.5608436992969,356.0,2856690.0,52529500.0,True
Brunswick,Brunswick_orig_1500ms_V2.hdf5,152,334820,337402,2582,1619,963,0.6270333075135553,14.0,1007.0,397.95120444718964,380.0,2872720.0,52538510.0,True
Brunswick,Brunswick_orig_1500ms_V2.hdf5,153,337402,339984,2582,918,1664,0.3555383423702556,40.0,792.0,283.421568627451,256.0,2860700.0,52535300.0,False
Brunswick,Brunswick_orig_1500ms_V2.hdf5,154,339984,342566,2582,2088,494,0.8086754453911696,32.0,762.0,377.6580459770115,375.5,2856680.0,52528900.0,True
Brunswick,Brunswick_orig_1500ms_V2.hdf5,155,342566,345148,2582,1452,1130,0.5623547637490317,20.0,1018.0,391.7651515151515,370.0,2872720.0,52537900.0,True
Brunswick,Brunswick_orig_1500ms_V2.hdf5,156,345148,347730,2582,1608,974,0.6227730441518203,46.0,778.0,322.6312189054726,304.0,2860700.0,52534900.0,True
Brunswick,Brunswick_orig_1500ms_V2.hdf5,157,347730,350312,2582,1818,764,0.7041053446940356,46.0,780.0,332.95379537953795,316.0,2860700.0,52534300.0,True
Brunswick,Brunswick_orig_1500ms_V2.hdf5,158,350312,352894,2582,1828,754,0.7079783113865221,32.0,1012.0,421.79704595185996,396.0,2872720.0,52537300.0,True
Brunswick,Brunswick_orig_1500ms_V2.hdf5,159,352894,355476,2582,1982,600,0.7676219984508134,20.0,772.0,372.3370332996973,370.0,2856690.0,52528300.0,True
Brunswick,Brunswick_orig_1500ms_V2.hdf5,160,355476,358058,2582,1851,731,0.7168861347792409,34.0,780.0,342.52998379254456,324.0,2860700.0,52533700.0,True
Brunswick,Brunswick_orig_1500ms_V2.hdf5,161,358058,360640,2582,1813,769,0.7021688613477924,34.0,1008.0,410.84611141754,390.0,2872720.0,52536710.0,True
Brunswick,Brunswick_orig_1500ms_V2.hdf5,162,360640,363222,2582,2080,502,0.8055770720371804,16.0,780.0,385.3206730769231,382.0,2856690.0,52527700.0,True
Brunswick,Brunswick_orig_1500ms_V2.hdf5,163,363222,365804,2582,2071,511,0.8020914020139427,22.0,796.0,362.6122646064703,344.0,2860700.0,52533100.0,True
Brunswick,Brunswick_orig_1500ms_V2.hdf5,164,365804,368386,2582,1836,746,0.7110766847405112,24.0,1007.0,421.6628540305011,402.0,2872720.0,52536110.0,True
Brunswick,Brunswick_orig_1500ms_V2.hdf5,165,368386,370968,2582,2233,349,0.864833462432223,28.0,945.0,402.50694133452754,404.0,2856690.0,52527100.0,True
Brunswick,Brunswick_orig_1500ms_V2.hdf5,166,370968,373550,2582,1739,843,0.6735089078233927,30.0,783.0,349.97469810235765,328.0,2860700.0,52532500.0,True
Brunswick,Brunswick_orig_1500ms_V2.hdf5,167,373550,376132,2582,1835,747,0.7106893880712626,16.0,996.0,424.2103542234332,404.0,2872720.0,52535590.0,True
Brunswick,Brunswick_orig_1500ms_V2.hdf5,168,376132,378434,2302,1954,348,0.8488271068635969,42.0,788.0,358.3080859774821,344.0,2860700.0,52531910.0,True
Brunswick,Brunswick_orig_1500ms_V2.hdf5,169,378434,381016,2582,1829,753,0.7083656080557708,20.0,993.0,420.4630945872061,404.0,2872720.0,52534910.0,True
Brunswick,Brunswick_orig_1500ms_V2.hdf5,170,381016,383598,2582,2293,289,0.8880712625871418,56.0,806.0,387.8181421718273,378.0,2860700.0,52531300.0,True
Brunswick,Brunswick_orig_1500ms_V2.hdf5,171,383598,386180,2582,2012,570,0.7792408985282726,40.0,793.0,398.3916500994036,404.0,2856690.0,52526500.0,True
Brunswick,Brunswick_orig_1500ms_V2.hdf5,172,386180,388762,2582,1580,1002,0.6119287374128582,30.0,989.0,405.3708860759494,404.0,2872720.0,52534300.0,True
Brunswick,Brunswick_orig_1500ms_V2.hdf5,173,388762,391344,2582,2278,304,0.8822618125484121,50.0,820.0,403.0035118525022,397.0,2860700.0,52530700.0,True
Brunswick,Brunswick_orig_1500ms_V2.hdf5,174,391344,393926,2582,2057,525,0.7966692486444616,36.0,799.0,404.81964025279535,404.0,2856690.0,52525900.0,True
Brunswick,Brunswick_orig_1500ms_V2.hdf5,175,393926,396508,2582,1437,1145,0.5565453137103021,38.0,994.0,416.0,404.0,2872730.0,52533600.0,True
Brunswick,Brunswick_orig_1500ms_V2.hdf5,176,396508,399090,2582,2419,163,0.9368706429124709,34.0,818.0,410.5671765192228,406.0,2860700.0,52530100.0,True
Brunswick,Brunswick_orig_1500ms_V2.hdf5,177,399090,401672,2582,2412,170,0.9341595662277304,22.0,820.0,415.38971807628525,414.0,2860700.0,52529600.0,True
Brunswick,Brunswick_orig_1500ms_V2.hdf5,178,401672,404254,2582,2098,484,0.8125484120836561,22.0,829.0,416.90228789323163,422.0,2856690.0,52525300.0,True
Brunswick,Brunswick_orig_1500ms_V2.hdf5,180,404254,406836,2582,1125,1457,0.435708752904725,32.0,1012.0,396.73333333333335,382.0,2872710.0,52533110.0,False
Brunswick,Brunswick_orig_1500ms_V2.hdf5,181,406836,409418,2582,2162,420,0.8373353989155693,16.0,817.0,424.0707678075856,430.0,2856690.0,52524700.0,True
Brunswick,Brunswick_orig_1500ms_V2.hdf5,182,409418,412000,2582,2397,185,0.9283501161890008,38.0,822.0,416.60867751355863,418.0,2860700.0,52529160.0,True
Brunswick,Brunswick_orig_1500ms_V2.hdf5,183,412000,414582,2582,1589,993,0.6154144074360961,14.0,997.0,419.64820641913155,408.0,2873090.0,52532470.0,True
Brunswick,Brunswick_orig_1500ms_V2.hdf5,184,414582,417064,2482,1726,756,0.6954069298952458,48.0,1005.0,478.1193511008111,470.0,2872210.0,52531900.0,True
Brunswick,Brunswick_orig_1500ms_V2.hdf5,185,417064,419646,2582,2271,311,0.8795507358636716,50.0,834.0,422.6376045794804,426.0,2861100.0,52528250.0,True
Brunswick,Brunswick_orig_1500ms_V2.hdf5,187,419646,422228,2582,2400,182,0.9295120061967467,38.0,834.0,431.19,438.0,2861100.0,52527710.0,True
Brunswick,Brunswick_orig_1500ms_V2.hdf5,188,422228,424810,2582,2288,294,0.8861347792408986,28.0,822.0,427.14597902097904,432.0,2861100.0,52527100.0,True
Brunswick,Brunswick_orig_1500ms_V2.hdf5,189,424810,427392,2582,1727,855,0.668861347792409,22.0,827.0,396.0,390.0,2861100.0,52526500.0,True
Brunswick,Brunswick_orig_1500ms_V2.hdf5,190,427392,429974,2582,2043,539,0.7912470952749806,40.0,854.0,417.33627019089573,422.0,2852730.0,52524700.0,True
Brunswick,Brunswick_orig_1500ms_V2.hdf5,191,429974,432556,2582,1551,1031,0.6006971340046475,34.0,834.0,398.9542230818827,384.0,2861100.0,52525900.0,True
Brunswick,Brunswick_orig_1500ms_V2.hdf5,192,432556,435138,2582,1693,889,0.6556932610379551,42.0,836.0,411.39397519196694,400.0,2861100.0,52525300.0,True
Brunswick,Brunswick_orig_1500ms_V2.hdf5,193,435138,437720,2582,1939,643,0.7509682416731216,32.0,850.0,407.2882929345023,410.0,2852730.0,52525300.0,True
Brunswick,Brunswick_orig_1500ms_V2.hdf5,196,437720,440302,2582,1635,947,0.6332300542215337,54.0,810.0,413.62996941896023,412.0,2861100.0,52524700.0,True
Brunswick,Brunswick_orig_1500ms_V2.hdf5,197,440302,442884,2582,2041,541,0.7904725019364833,24.0,820.0,391.7158255756982,394.0,2852720.0,52526500.0,True
Brunswick,Brunswick_orig_1500ms_V2.hdf5,199,442884,445466,2582,2419,163,0.9368706429124709,50.0,812.0,403.7284001653576,414.0,2852720.0,52527700.0,True
Brunswick,Brunswick_orig_1500ms_V2.hdf5,200,445466,448048,2582,2418,164,0.9364833462432223,40.0,806.0,397.8713813068652,406.0,2852720.0,52528140.0,True
Brunswick,Brunswick_orig_1500ms_V2.hdf5,201,448048,450630,2582,2134,448,0.8264910921766073,20.0,787.0,371.6124648547329,374.0,2852720.0,52528910.0,True
Brunswick,Brunswick_orig_1500ms_V2.hdf5,202,450630,453212,2582,2141,441,0.8292021688613478,26.0,902.0,423.6786548341896,430.0,2848550.0,52524700.0,True
Brunswick,Brunswick_orig_1500ms_V2.hdf5,203,453212,455794,2582,2170,412,0.8404337722695585,18.0,782.0,369.5589861751152,370.0,2852710.0,52529590.0,True
Brunswick,Brunswick_orig_1500ms_V2.hdf5,204,455794,458376,2582,2126,456,0.8233927188226181,32.0,884.0,413.9252116650988,420.0,2848560.0,52525300.0,True
Brunswick,Brunswick_orig_1500ms_V2.hdf5,205,458376,460958,2582,2151,431,0.8330751355538343,40.0,879.0,403.2473268247327,412.0,2848570.0,52525900.0,True
Brunswick,Brunswick_orig_1500ms_V2.hdf5,206,460958,463540,2582,2075,507,0.8036405886909372,28.0,769.0,360.2168674698795,362.0,2852710.0,52530100.0,True
Brunswick,Brunswick_orig_1500ms_V2.hdf5,207,463540,466122,2582,2171,411,0.8408210689388071,28.0,874.0,398.3371718102257,408.0,2848570.0,52526500.0,True
Brunswick,Brunswick_orig_1500ms_V2.hdf5,208,466122,468704,2582,2073,509,0.80286599535244,40.0,761.0,355.1611191509889,358.0,2852710.0,52530710.0,True
Brunswick,Brunswick_orig_1500ms_V2.hdf5,209,468704,471286,2582,2120,462,0.8210689388071263,18.0,864.0,387.5900943396226,396.0,2848580.0,52527100.0,True
Brunswick,Brunswick_orig_1500ms_V2.hdf5,210,471286,473868,2582,2134,448,0.8264910921766073,18.0,849.0,382.2071227741331,388.0,2848590.0,52527700.0,True
Brunswick,Brunswick_orig_1500ms_V2.hdf5,211,473868,476450,2582,2501,81,0.9686289697908598,30.0,874.0,387.48060775689726,350.0,2864240.0,52538430.0,True
Brunswick,Brunswick_orig_1500ms_V2.hdf5,212,476450,479032,2582,2124,458,0.8226181254841208,28.0,692.0,344.85169491525426,346.0,2852710.0,52531580.0,True
Brunswick,Brunswick_orig_1500ms_V2.hdf5,213,479032,481614,2582,2301,281,0.8911696359411309,30.0,846.0,385.0599739243807,392.0,2848600.0,52528300.0,True
Brunswick,Brunswick_orig_1500ms_V2.hdf5,214,481614,484196,2582,2294,288,0.8884585592563904,24.0,744.0,355.25457715780294,354.0,2852710.0,52531900.0,True
Brunswick,Brunswick_orig_1500ms_V2.hdf5,215,484196,486778,2582,2334,248,0.9039504260263361,44.0,838.0,384.08954584404455,388.0,2848600.0,52528900.0,True
Brunswick,Brunswick_orig_1500ms_V2.hdf5,217,486778,489360,2582,2112,470,0.8179705654531371,28.0,824.0,362.5369318181818,360.0,2848610.0,52529740.0,True
Brunswick,Brunswick_orig_1500ms_V2.hdf5,218,489360,491942,2582,2254,328,0.8729666924864447,24.0,724.0,344.6029281277728,340.0,2852700.0,52533110.0,True
Brunswick,Brunswick_orig_1500ms_V2.hdf5,219,491942,494524,2582,2206,376,0.8543764523625097,22.0,819.0,363.16183136899366,364.0,2848620.0,52530100.0,True
Brunswick,Brunswick_orig_1500ms_V2.hdf5,220,494524,497106,2582,2185,397,0.8462432223082882,36.0,723.0,337.11487414187644,334.0,2852700.0,52533710.0,True
Brunswick,Brunswick_orig_1500ms_V2.hdf5,221,497106,499688,2582,2438,144,0.9442292796281953,20.0,811.0,376.56439704675967,380.0,2848620.0,52530700.0,True
Brunswick,Brunswick_orig_1500ms_V2.hdf5,222,499688,502270,2582,2361,221,0.9144074360960496,40.0,713.0,345.6166878441338,342.0,2852700.0,52534300.0,True
Brunswick,Brunswick_orig_1500ms_V2.hdf5,223,502270,504852,2582,2441,141,0.9453911696359412,32.0,800.0,371.12904547316674,374.0,2848630.0,52531300.0,True
Brunswick,Brunswick_orig_1500ms_V2.hdf5,224,504852,507434,2582,2283,299,0.8841982958946553,30.0,709.0,338.7152869031975,334.0,2852700.0,52534910.0,True
Brunswick,Brunswick_orig_1500ms_V2.hdf5,226,507434,510016,2582,2257,325,0.8741285824941906,40.0,795.0,354.902525476296,356.0,2848640.0,52531900.0,True
Brunswick,Brunswick_orig_1500ms_V2.hdf5,228,510016,512598,2582,2126,456,0.8233927188226181,18.0,658.0,322.7709313264346,318.0,2852690.0,52535860.0,True
Brunswick,Brunswick_orig_1500ms_V2.hdf5,229,512598,515180,2582,2436,146,0.9434546862896979,38.0,797.0,364.76724137931035,366.0,2848640.0,52532500.0,True
Brunswick,Brunswick_orig_1500ms_V2.hdf5,230,515180,517762,2582,2022,560,0.7831138652207591,50.0,1000.0,434.5909990108803,415.0,2840680.0,52524690.0,True
Brunswick,Brunswick_orig_1500ms_V2.hdf5,232,517762,520344,2582,1948,634,0.7544539116963594,38.0,1003.0,418.8583162217659,399.0,2840680.0,52525290.0,True
Brunswick,Brunswick_orig_1500ms_V2.hdf5,234,520344,522926,2582,2281,301,0.883423702556158,38.0,684.0,332.0670758439281,318.0,2852690.0,52536820.0,True
Brunswick,Brunswick_orig_1500ms_V2.hdf5,235,522926,525508,2582,1969,613,0.762587141750581,28.0,940.0,407.9207719654647,392.0,2840680.0,52525890.0,True
Brunswick,Brunswick_orig_1500ms_V2.hdf5,236,525508,528090,2582,2238,344,0.8667699457784663,26.0,795.0,346.1966041108132,346.0,2848650.0,52532970.0,True
Brunswick,Brunswick_orig_1500ms_V2.hdf5,237,528090,530672,2582,2253,329,0.872579395817196,46.0,688.0,331.97558810474925,316.0,2852680.0,52537300.0,True
Brunswick,Brunswick_orig_1500ms_V2.hdf5,238,530672,533254,2582,2018,564,0.7815646785437645,18.0,979.0,407.20763131813675,386.5,2840680.0,52527090.0,True
Brunswick,Brunswick_orig_1500ms_V2.hdf5,240,533254,535836,2582,2177,405,0.843144848954299,12.0,784.0,340.0114836931557,340.0,2848660.0,52533700.0,True
Brunswick,Brunswick_orig_1500ms_V2.hdf5,242,535836,538418,2582,2240,342,0.8675445391169636,20.0,778.0,341.5674107142857,334.0,2848660.0,52534300.0,True
Brunswick,Brunswick_orig_1500ms_V2.hdf5,243,538418,541000,2582,2286,296,0.8853601859024013,30.0,768.0,342.905949256343,332.0,2848670.0,52534900.0,True
Brunswick,Brunswick_orig_1500ms_V2.hdf5,245,541000,543582,2582,2269,313,0.8787761425251743,32.0,756.0,337.3962097840458,328.0,2848680.0,52536100.0,True
Brunswick,Brunswick_orig_1500ms_V2.hdf5,246,543582,546164,2582,2337,245,0.9051123160340822,22.0,749.0,337.8767650834403,330.0,2848680.0,52536700.0,True
Brunswick,Brunswick_orig_1500ms_V2.hdf5,251,546164,548959,2795,2083,712,0.7452593917710196,22.0,891.0,326.31397023523766,298.0,2864660.0,52544500.0,True
Brunswick,Brunswick_orig_1500ms_V2.hdf5,253,548959,551541,2582,1869,713,0.7238574748257165,20.0,1058.0,456.0631353665062,420.0,2836710.0,52524680.0,True
Brunswick,Brunswick_orig_1500ms_V2.hdf5,254,551541,554336,2795,1841,954,0.6586762075134168,24.0,929.0,315.8049972840847,286.0,2864660.0,52545100.0,True
Brunswick,Brunswick_orig_1500ms_V2.hdf5,255,554336,557131,2795,1619,1176,0.5792486583184258,48.0,1342.0,646.7201976528721,660.0,2820650.0,52525290.0,True
Brunswick,Brunswick_orig_1500ms_V2.hdf5,256,557131,559713,2582,1473,1109,0.5704879938032533,18.0,986.0,396.02376103190767,374.0,2840680.0,52526440.0,True
Brunswick,Brunswick_orig_1500ms_V2.hdf5,257,559713,562295,2582,1598,984,0.6189000774593338,16.0,1056.0,437.0438047559449,394.0,2836700.0,52525280.0,True
Brunswick,Brunswick_orig_1500ms_V2.hdf5,258,562295,565090,2795,1907,888,0.6822898032200357,36.0,935.0,325.73990561090716,290.0,2864660.0,52545700.0,True
Brunswick,Brunswick_orig_1500ms_V2.hdf5,259,565090,567672,2582,1439,1143,0.5573199070487994,28.0,1055.0,411.88881167477416,378.0,2836700.0,52525880.0,True
Brunswick,Brunswick_orig_1500ms_V2.hdf5,260,567672,570467,2795,1899,896,0.679427549194991,40.0,901.0,335.48499210110583,306.0,2864660.0,52546300.0,True
Brunswick,Brunswick_orig_1500ms_V2.hdf5,261,570467,573049,2582,1351,1231,0.5232378001549187,38.0,1038.0,389.21095484826054,352.0,2836700.0,52526480.0,True
Brunswick,Brunswick_orig_1500ms_V2.hdf5,262,573049,575844,2795,1271,1524,0.4547406082289803,36.0,906.0,298.852871754524,267.0,2864660.0,52546900.0,False
Brunswick,Brunswick_orig_1500ms_V2.hdf5,263,575844,578426,2582,1736,846,0.6723470178156468,30.0,1045.0,431.0443548387097,392.0,2836690.0,52527080.0,True
Brunswick,Brunswick_orig_1500ms_V2.hdf5,264,578426,581008,2582,1573,1009,0.6092176607281178,20.0,1031.0,398.77495232040684,358.0,2836690.0,52527680.0,True
Brunswick,Brunswick_orig_1500ms_V2.hdf5,265,581008,583803,2795,1118,1677,0.4,28.0,913.0,312.66010733452595,277.5,2864670.0,52547500.0,False
Brunswick,Brunswick_orig_1500ms_V2.hdf5,266,583803,586385,2582,1539,1043,0.5960495739736639,20.0,1029.0,400.1643924626381,350.0,2836690.0,52528280.0,True
Brunswick,Brunswick_orig_1500ms_V2.hdf5,267,586385,589360,2975,1683,1292,0.5657142857142857,36.0,911.0,343.59893048128345,304.0,2864670.0,52548100.0,True
Brunswick,Brunswick_orig_1500ms_V2.hdf5,268,589360,591942,2582,1998,584,0.7738187451587917,28.0,979.0,407.79079079079077,382.0,2840680.0,52527690.0,True
Brunswick,Brunswick_orig_1500ms_V2.hdf5,275,591942,594524,2582,2080,502,0.8055770720371804,20.0,1021.0,424.35528846153846,392.0,2836690.0,52528630.0,True
Brunswick,Brunswick_orig_1500ms_V2.hdf5,276,594524,597319,2795,2150,645,0.7692307692307693,36.0,1333.0,648.9079069767441,649.0,2820650.0,52525900.0,True
Brunswick,Brunswick_orig_1500ms_V2.hdf5,277,597319,600294,2975,2193,782,0.7371428571428571,46.0,906.0,354.15230278157776,312.0,2864670.0,52549300.0,True
Brunswick,Brunswick_orig_1500ms_V2.hdf5,278,600294,602876,2582,2274,308,0.8807126258714175,40.0,954.0,418.93051890941075,390.0,2840690.0,52528290.0,True
Brunswick,Brunswick_orig_1500ms_V2.hdf5,279,602876,605851,2975,1964,1011,0.6601680672268908,38.0,929.0,354.88594704684317,312.0,2864670.0,52549900.0,True
Brunswick,Brunswick_orig_1500ms_V2.hdf5,280,605851,608433,2582,2288,294,0.8861347792408986,32.0,959.0,414.81075174825173,386.0,2840690.0,52528890.0,True
Brunswick,Brunswick_orig_1500ms_V2.hdf5,281,608433,611015,2582,2263,319,0.8764523625096824,38.0,1001.0,434.81617322138754,406.0,2836680.0,52529480.0,True
Brunswick,Brunswick_orig_1500ms_V2.hdf5,282,611015,613990,2975,2356,619,0.7919327731092437,24.0,964.0,377.78310696095076,328.0,2864670.0,52550500.0,True
Brunswick,Brunswick_orig_1500ms_V2.hdf5,283,613990,616572,2582,2384,198,0.9233152594887684,38.0,1005.0,445.1061241610738,420.0,2836680.0,52530080.0,True
Brunswick,Brunswick_orig_1500ms_V2.hdf5,284,616572,619154,2582,2264,318,0.876839659178931,26.0,948.0,406.50618374558303,378.0,2840690.0,52529230.0,True
Brunswick,Brunswick_orig_1500ms_V2.hdf5,285,619154,621736,2582,2321,261,0.8989155693261038,26.0,994.0,432.08530805687207,404.0,2836680.0,52530680.0,True
Brunswick,Brunswick_orig_1500ms_V2.hdf5,286,621736,624318,2582,2339,243,0.9058869093725794,16.0,992.0,431.20820863616933,402.0,2836680.0,52531280.0,True
Brunswick,Brunswick_orig_1500ms_V2.hdf5,287,624318,626900,2582,2378,204,0.9209914794732765,14.0,942.0,408.5609756097561,378.0,2840690.0,52530090.0,True
Brunswick,Brunswick_orig_1500ms_V2.hdf5,288,626900,629695,2795,2490,305,0.8908765652951699,20.0,1028.0,432.53654618473894,392.0,2836680.0,52531880.0,True
Brunswick,Brunswick_orig_1500ms_V2.hdf5,289,629695,632670,2975,2624,351,0.8820168067226891,26.0,1020.0,430.5903201219512,374.0,2868710.0,52552310.0,True
Brunswick,Brunswick_orig_1500ms_V2.hdf5,290,632670,635252,2582,2363,219,0.9151820294345469,20.0,930.0,404.9310198899704,376.0,2840700.0,52530690.0,True
Brunswick,Brunswick_orig_1500ms_V2.hdf5,291,635252,638047,2795,2621,174,0.9377459749552772,34.0,1021.0,443.8161007249142,410.0,2836680.0,52532480.0,True
Brunswick,Brunswick_orig_1500ms_V2.hdf5,292,638047,641022,2975,2602,373,0.8746218487394958,36.0,1015.0,422.3873943120676,368.0,2868710.0,52551710.0,True
Brunswick,Brunswick_orig_1500ms_V2.hdf5,295,641022,643604,2582,2433,149,0.942292796281952,34.0,929.0,409.6309083436087,380.0,2840700.0,52531290.0,True
Brunswick,Brunswick_orig_1500ms_V2.hdf5,296,643604,646399,2795,2494,301,0.8923076923076924,26.0,1008.0,422.1186848436247,380.0,2836680.0,52533680.0,True
Brunswick,Brunswick_orig_1500ms_V2.hdf5,297,646399,649374,2975,2529,446,0.8500840336134454,40.0,1010.0,419.2933965994464,362.0,2868710.0,52551110.0,True
Brunswick,Brunswick_orig_1500ms_V2.hdf5,298,649374,652169,2795,2608,187,0.9330948121645796,18.0,1008.0,431.3611963190184,394.0,2836680.0,52534280.0,True
Brunswick,Brunswick_orig_1500ms_V2.hdf5,299,652169,655144,2975,2509,466,0.8433613445378151,32.0,1014.0,416.60940613790353,358.0,2868710.0,52550510.0,True
Brunswick,Brunswick_orig_1500ms_V2.hdf5,300,655144,657726,2582,2357,225,0.912858249419055,40.0,922.0,395.8845990666101,368.0,2840700.0,52531890.0,True
Brunswick,Brunswick_orig_1500ms_V2.hdf5,301,657726,660701,2975,2757,218,0.9267226890756303,18.0,1051.0,434.31302140007256,384.0,2836680.0,52534880.0,True
Brunswick,Brunswick_orig_1500ms_V2.hdf5,302,660701,663496,2795,2135,660,0.7638640429338104,26.0,1326.0,640.7185011709602,636.0,2820650.0,52526490.0,True
Brunswick,Brunswick_orig_1500ms_V2.hdf5,303,663496,666471,2975,2483,492,0.8346218487394959,24.0,1003.0,412.2960128876359,356.0,2868710.0,52549910.0,True
Brunswick,Brunswick_orig_1500ms_V2.hdf5,304,666471,669053,2582,2316,266,0.8969790859798605,28.0,918.0,390.5246113989637,362.0,2840700.0,52532490.0,True
Brunswick,Brunswick_orig_1500ms_V2.hdf5,305,669053,672028,2975,2643,332,0.8884033613445378,30.0,1042.0,423.09004918653045,368.0,2836670.0,52535480.0,True
Brunswick,Brunswick_orig_1500ms_V2.hdf5,306,672028,674823,2795,2102,693,0.7520572450805009,24.0,1324.0,619.8415794481447,622.0,2820650.0,52527090.0,True
Brunswick,Brunswick_orig_1500ms_V2.hdf5,307,674823,677798,2975,2774,201,0.9324369747899159,40.0,1037.0,430.94448449891854,379.0,2836680.0,52536090.0,True
Brunswick,Brunswick_orig_1500ms_V2.hdf5,308,677798,680380,2582,2323,259,0.8996901626646011,16.0,909.0,386.1317262160999,360.0,2840700.0,52533190.0,True
Brunswick,Brunswick_orig_1500ms_V2.hdf5,309,680380,683175,2795,2115,680,0.7567084078711985,22.0,995.0,368.4406619385343,324.0,2868700.0,52549110.0,True
Brunswick,Brunswick_orig_1500ms_V2.hdf5,310,683175,686150,2975,2639,336,0.8870588235294118,32.0,1029.0,416.3361121636984,362.0,2836680.0,52536680.0,True
Brunswick,Brunswick_orig_1500ms_V2.hdf5,311,686150,688945,2795,2489,306,0.8905187835420394,22.0,934.0,392.48814785054236,364.0,2840710.0,52533690.0,True
Brunswick,Brunswick_orig_1500ms_V2.hdf5,312,688945,691920,2975,2640,335,0.8873949579831932,22.0,1023.0,410.63219696969696,358.0,2836680.0,52537280.0,True
Brunswick,Brunswick_orig_1500ms_V2.hdf5,313,691920,694715,2795,2449,346,0.8762075134168158,32.0,936.0,388.19681502654146,358.0,2840710.0,52534290.0,True
Brunswick,Brunswick_orig_1500ms_V2.hdf5,314,694715,697510,2795,2613,182,0.9348837209302325,42.0,930.0,397.06582472254115,366.0,2840710.0,52534890.0,True
Brunswick,Brunswick_orig_1500ms_V2.hdf5,315,697510,700305,2795,2565,230,0.9177101967799642,30.0,926.0,390.4697855750487,358.0,2840710.0,52535490.0,True
Brunswick,Brunswick_orig_1500ms_V2.hdf5,316,700305,703280,2975,2293,682,0.7707563025210084,22.0,1353.0,636.5481901439163,622.0,2820650.0,52527700.0,True
Brunswick,Brunswick_orig_1500ms_V2.hdf5,317,703280,706075,2795,2564,231,0.9173524150268336,22.0,922.0,387.2745709828393,356.0,2840720.0,52536090.0,True
Brunswick,Brunswick_orig_1500ms_V2.hdf5,319,706075,708870,2795,1993,802,0.7130590339892665,34.0,984.0,369.93778223783244,316.0,2868700.0,52548110.0,True
Brunswick,Brunswick_orig_1500ms_V2.hdf5,320,708870,711845,2975,2649,326,0.8904201680672269,18.0,966.0,390.93959984899965,354.0,2840720.0,52536690.0,True
Brunswick,Brunswick_orig_1500ms_V2.hdf5,321,711845,714820,2975,2294,681,0.7710924369747899,20.0,1094.0,421.4119442022668,374.0,2832750.0,52535470.0,True
Brunswick,Brunswick_orig_1500ms_V2.hdf5,322,714820,717615,2795,1934,861,0.6919499105545617,34.0,974.0,374.96587383660807,322.0,2868700.0,52547510.0,True
Brunswick,Brunswick_orig_1500ms_V2.hdf5,323,717615,720590,2975,2067,908,0.6947899159663865,44.0,1341.0,591.7387518142235,580.0,2820660.0,52528900.0,True
Brunswick,Brunswick_orig_1500ms_V2.hdf5,324,720590,723565,2975,2591,384,0.8709243697478991,30.0,960.0,383.18255499807026,350.0,2840720.0,52537290.0,True
Brunswick,Brunswick_orig_1500ms_V2.hdf5,325,723565,726540,2975,2746,229,0.9230252100840336,30.0,1101.0,470.81281864530223,442.0,2832750.0,52534870.0,True
Brunswick,Brunswick_orig_1500ms_V2.hdf5,326,726540,729335,2795,1954,841,0.6991055456171735,22.0,972.0,367.70726714431936,320.0,2868700.0,52546920.0,True
Brunswick,Brunswick_orig_1500ms_V2.hdf5,327,729335,732310,2975,2200,775,0.7394957983193278,36.0,1335.0,606.7472727272727,601.0,2820660.0,52529490.0,True
Brunswick,Brunswick_orig_1500ms_V2.hdf5,328,732310,735285,2975,2685,290,0.9025210084033614,40.0,952.0,386.48156424581003,350.0,2840720.0,52537890.0,True
Brunswick,Brunswick_orig_1500ms_V2.hdf5,329,735285,738260,2975,2609,366,0.8769747899159663,42.0,1113.0,460.7734764277501,428.0,2832750.0,52534270.0,True
Brunswick,Brunswick_orig_1500ms_V2.hdf5,330,738260,741235,2975,1955,1020,0.6571428571428571,22.0,1323.0,590.5856777493606,572.0,2820660.0,52530090.0,True
Brunswick,Brunswick_orig_1500ms_V2.hdf5,331,741235,744210,2975,2550,425,0.8571428571428571,30.0,1116.0,459.02941176470586,424.0,2832750.0,52533670.0,True
Brunswick,Brunswick_orig_1500ms_V2.hdf5,332,744210,747185,2975,2701,274,0.9078991596638656,32.0,948.0,386.72121436505,350.0,2840720.0,52538490.0,True
Brunswick,Brunswick_orig_1500ms_V2.hdf5,333,747185,750160,2975,2573,402,0.8648739495798319,20.0,1120.0,465.7535950252623,432.0,2832750.0,52533070.0,True
Brunswick,Brunswick_orig_1500ms_V2.hdf5,334,750160,752955,2795,2482,313,0.8880143112701252,18.0,1087.0,467.5245769540693,448.0,2832750.0,52532470.0,True
Brunswick,Brunswick_orig_1500ms_V2.hdf5,335,752955,755930,2975,2787,188,0.9368067226890756,22.0,944.0,390.9020452099031,356.0,2840720.0,52539100.0,True
Brunswick,Brunswick_orig_1500ms_V2.hdf5,337,755930,758725,2795,2406,389,0.8608228980322004,30.0,1093.0,469.44638403990024,447.0,2832750.0,52531720.0,True
Brunswick,Brunswick_orig_1500ms_V2.hdf5,339,758725,761520,2795,1313,1482,0.4697674418604651,34.0,1074.0,393.3762376237624,344.0,2872700.0,52548710.0,False
Brunswick,Brunswick_orig_1500ms_V2.hdf5,340,761520,764315,2795,2387,408,0.8540250447227191,40.0,1093.0,466.2375366568915,446.0,2832750.0,52531270.0,True
Brunswick,Brunswick_orig_1500ms_V2.hdf5,341,764315,767290,2975,1968,1007,0.6615126050420168,36.0,1255.0,525.2947154471544,502.0,2824710.0,52530700.0,True
Brunswick,Brunswick_orig_1500ms_V2.hdf5,342,767290,770085,2795,1303,1492,0.4661896243291592,52.0,1085.0,391.0015349194167,342.0,2872690.0,52549310.0,False
Brunswick,Brunswick_orig_1500ms_V2.hdf5,343,770085,772880,2795,2319,476,0.829695885509839,34.0,1097.0,465.47994825355755,444.0,2832750.0,52530670.0,True
Brunswick,Brunswick_orig_1500ms_V2.hdf5,345,772880,775675,2795,1025,1770,0.3667262969588551,58.0,1025.0,396.4448780487805,328.0,2872710.0,52549910.0,False
Brunswick,Brunswick_orig_1500ms_V2.hdf5,346,775675,778650,2975,954,2021,0.320672268907563,16.0,857.0,294.4507337526205,261.0,2844730.0,52541500.0,False
Brunswick,Brunswick_orig_1500ms_V2.hdf5,347,778650,781625,2975,2457,518,0.8258823529411765,24.0,1272.0,578.7846967846967,572.0,2824710.0,52529490.0,True
Brunswick,Brunswick_orig_1500ms_V2.hdf5,348,781625,784420,2795,2393,402,0.8561717352415027,32.0,1059.0,456.6084412870873,412.0,2872720.0,52550710.0,True
Brunswick,Brunswick_orig_1500ms_V2.hdf5,349,784420,787395,2975,2810,165,0.9445378151260504,24.0,858.0,367.01103202846974,348.0,2844730.0,52540900.0,True
Brunswick,Brunswick_orig_1500ms_V2.hdf5,350,787395,790190,2795,2298,497,0.8221824686940966,22.0,1075.0,450.08877284595303,403.0,2872710.0,52551180.0,True
Brunswick,Brunswick_orig_1500ms_V2.hdf5,351,790190,793165,2975,2751,224,0.9247058823529412,30.0,862.0,365.3849509269357,344.0,2844740.0,52540500.0,True
Brunswick,Brunswick_orig_1500ms_V2.hdf5,352,793165,795960,2795,1908,887,0.6826475849731664,14.0,1244.0,534.2295597484276,526.0,2824710.0,52528890.0,True
Brunswick,Brunswick_orig_1500ms_V2.hdf5,353,795960,798935,2975,2405,570,0.8084033613445378,28.0,1093.0,462.5189189189189,406.0,2872710.0,52551710.0,True
Brunswick,Brunswick_orig_1500ms_V2.hdf5,354,798935,801730,2795,2117,678,0.7574239713774598,26.0,1251.0,569.5762871988663,562.0,2824710.0,52528290.0,True
Brunswick,Brunswick_orig_1500ms_V2.hdf5,355,801730,804705,2975,2688,287,0.9035294117647059,6.0,866.0,361.39471726190476,342.0,2844740.0,52539560.0,True
Brunswick,Brunswick_orig_1500ms_V2.hdf5,356,804705,807500,2795,1950,845,0.6976744186046512,40.0,1260.0,555.405641025641,548.0,2824710.0,52527690.0,True
Brunswick,Brunswick_orig_1500ms_V2.hdf5,357,807500,810475,2975,2431,544,0.8171428571428572,38.0,1090.0,466.12176059234883,412.0,2872710.0,52552310.0,True
Brunswick,Brunswick_orig_1500ms_V2.hdf5,358,810475,813270,2795,1684,1111,0.6025044722719142,34.0,1261.0,523.3200712589073,508.0,2824700.0,52527090.0,True
Brunswick,Brunswick_orig_1500ms_V2.hdf5,359,813270,816245,2975,2685,290,0.9025210084033614,24.0,870.0,364.37616387337056,344.0,2844740.0,52539100.0,True
Brunswick,Brunswick_orig_1500ms_V2.hdf5,360,816245,819220,2975,2100,875,0.7058823529411765,48.0,1096.0,446.7352380952381,386.0,2872710.0,52552910.0,True
Brunswick,Brunswick_orig_1500ms_V2.hdf5,361,819220,822015,2795,1968,827,0.7041144901610018,24.0,1261.0,564.6727642276422,554.0,2824700.0,52526490.0,True
Brunswick,Brunswick_orig_1500ms_V2.hdf5,363,822015,824990,2975,2216,759,0.7448739495798319,34.0,960.0,427.39981949458485,388.0,2872710.0,52553510.0,True
Brunswick,Brunswick_orig_1500ms_V2.hdf5,365,824990,827965,2975,2087,888,0.7015126050420168,24.0,1096.0,439.37278390033543,390.0,2872710.0,52554110.0,True
Brunswick,Brunswick_orig_1500ms_V2.hdf5,366,827965,830760,2795,2678,117,0.958139534883721,26.0,838.0,368.6952949962659,354.0,2844750.0,52537900.0,True
Brunswick,Brunswick_orig_1500ms_V2.hdf5,367,830760,833342,2582,1661,921,0.6432997676219985,20.0,1234.0,551.2823600240819,546.0,2824700.0,52525290.0,True
Brunswick,Brunswick_orig_1500ms_V2.hdf5,368,833342,836137,2795,2436,359,0.871556350626118,36.0,842.0,354.5053366174056,338.0,2844750.0,52537300.0,True
Brunswick,Brunswick_orig_1500ms_V2.hdf5,370,836137,838932,2795,2492,303,0.8915921288014311,44.0,849.0,358.7684590690209,344.0,2844750.0,52536700.0,True
Brunswick,Brunswick_orig_1500ms_V2.hdf5,371,838932,841727,2795,2244,551,0.8028622540250447,22.0,1109.0,464.52584670231727,438.0,2832750.0,52530070.0,True
Brunswick,Brunswick_orig_1500ms_V2.hdf5,372,841727,844309,2582,2171,411,0.8408210689388071,18.0,1065.0,470.7208659603869,460.0,2832750.0,52529460.0,True
Brunswick,Brunswick_orig_1500ms_V2.hdf5,373,844309,847104,2795,2014,781,0.720572450805009,36.0,872.0,342.8674280039722,326.0,2844760.0,52536200.0,True
Brunswick,Brunswick_orig_1500ms_V2.hdf5,374,847104,849686,2582,2003,579,0.7757552285050349,26.0,1073.0,452.426360459311,438.0,2832750.0,52528860.0,True
Brunswick,Brunswick_orig_1500ms_V2.hdf5,375,849686,852661,2975,2122,853,0.7132773109243697,6.0,1177.0,508.6573986804901,469.0,2876730.0,52556310.0,True
Brunswick,Brunswick_orig_1500ms_V2.hdf5,376,852661,855243,2582,1987,595,0.7695584817970565,36.0,1003.0,449.04932058379467,436.0,2832750.0,52528260.0,True
Brunswick,Brunswick_orig_1500ms_V2.hdf5,377,855243,858038,2795,1632,1163,0.5838998211091234,32.0,863.0,326.78799019607845,314.0,2844760.0,52535600.0,True
Brunswick,Brunswick_orig_1500ms_V2.hdf5,378,858038,860620,2582,1962,620,0.7598760650658405,36.0,1086.0,461.0005096839959,441.0,2832750.0,52527660.0,True
Brunswick,Brunswick_orig_1500ms_V2.hdf5,379,860620,863595,2975,2156,819,0.7247058823529412,22.0,1172.0,508.13961038961037,470.0,2876730.0,52555910.0,True
Brunswick,Brunswick_orig_1500ms_V2.hdf5,380,863595,866177,2582,2112,470,0.8179705654531371,24.0,1095.0,483.3858901515151,475.0,2832750.0,52527060.0,True
Brunswick,Brunswick_orig_1500ms_V2.hdf5,381,866177,869152,2975,1903,1072,0.6396638655462185,32.0,1172.0,485.0635838150289,438.0,2876720.0,52555310.0,True
Brunswick,Brunswick_orig_1500ms_V2.hdf5,382,869152,871734,2582,1964,618,0.7606506584043378,16.0,1104.0,475.79429735234214,462.0,2832750.0,52526470.0,True
Brunswick,Brunswick_orig_1500ms_V2.hdf5,383,871734,874316,2582,2178,404,0.8435321456235476,22.0,821.0,352.02112029384756,334.0,2844760.0,52534850.0,True
Brunswick,Brunswick_orig_1500ms_V2.hdf5,384,874316,876898,2582,1977,605,0.7656855151045701,24.0,1107.0,483.21648963075364,463.0,2832750.0,52525620.0,True
Brunswick,Brunswick_orig_1500ms_V2.hdf5,385,876898,879873,2975,2086,889,0.7011764705882353,44.0,1172.0,509.1227229146692,464.0,2876720.0,52554710.0,True
Brunswick,Brunswick_orig_1500ms_V2.hdf5,386,879873,882455,2582,2255,327,0.8733539891556933,32.0,833.0,362.15831485587586,346.0,2844770.0,52534300.0,True
Brunswick,Brunswick_orig_1500ms_V2.hdf5,387,882455,885037,2582,2043,539,0.7912470952749806,4.0,1190.0,555.4801762114538,556.0,2828230.0,52524670.0,True
Brunswick,Brunswick_orig_1500ms_V2.hdf5,388,885037,887619,2582,1929,653,0.7470952749806352,30.0,1108.0,482.31570762052877,462.0,2832750.0,52525260.0,True
Brunswick,Brunswick_orig_1500ms_V2.hdf5,390,887619,890201,2582,2067,515,0.8005422153369481,40.0,1118.0,503.7135945815191,484.0,2832750.0,52524640.0,True
Brunswick,Brunswick_orig_1500ms_V2.hdf5,391,890201,892783,2582,1913,669,0.7408985282726569,28.0,1181.0,530.527443805541,524.0,2828430.0,52525270.0,True
Brunswick,Brunswick_orig_1500ms_V2.hdf5,392,892783,895365,2582,2255,327,0.8733539891556933,42.0,848.0,361.0691796008869,348.0,2844770.0,52533700.0,True
Brunswick,Brunswick_orig_1500ms_V2.hdf5,393,895365,898340,2975,2523,452,0.8480672268907563,24.0,1211.0,530.1212841854934,498.0,2876710.0,52553510.0,True
Brunswick,Brunswick_orig_1500ms_V2.hdf5,394,898340,900922,2582,1902,680,0.7366382649109218,38.0,1168.0,516.4942166140904,510.0,2828640.0,52525870.0,True
Brunswick,Brunswick_orig_1500ms_V2.hdf5,395,900922,903504,2582,2118,464,0.820294345468629,36.0,851.0,355.08923512747873,342.0,2844780.0,52533100.0,True
Brunswick,Brunswick_orig_1500ms_V2.hdf5,397,903504,906086,2582,2177,405,0.843144848954299,24.0,854.0,358.65732659623336,348.0,2844780.0,52532500.0,True
Brunswick,Brunswick_orig_1500ms_V2.hdf5,398,906086,908668,2582,1968,614,0.7621998450813323,36.0,1166.0,526.569105691057,519.0,2828710.0,52526470.0,True
Brunswick,Brunswick_orig_1500ms_V2.hdf5,399,908668,911250,2582,2205,377,0.8539891556932611,18.0,864.0,366.44580498866213,356.0,2844780.0,52531900.0,True
Brunswick,Brunswick_orig_1500ms_V2.hdf5,400,911250,913832,2582,2092,490,0.8102246320681642,24.0,1159.0,527.3766730401529,530.0,2828710.0,52527020.0,True
Brunswick,Brunswick_orig_1500ms_V2.hdf5,401,913832,916414,2582,2107,475,0.8160340821068939,26.0,866.0,359.70811580446133,356.0,2844780.0,52531300.0,True
Brunswick,Brunswick_orig_1500ms_V2.hdf5,402,916414,919209,2795,1878,917,0.6719141323792487,14.0,1196.0,480.1325878594249,460.0,2828720.0,52527670.0,True
Brunswick,Brunswick_orig_1500ms_V2.hdf5,403,919209,921791,2582,2027,555,0.7850503485670023,36.0,882.0,361.18105574740997,358.0,2844780.0,52530700.0,True
Brunswick,Brunswick_orig_1500ms_V2.hdf5,404,921791,924586,2795,2005,790,0.7173524150268337,22.0,1187.0,487.9127182044888,476.0,2828720.0,52528270.0,True
Brunswick,Brunswick_orig_1500ms_V2.hdf5,405,924586,927168,2582,1951,631,0.7556158017041054,34.0,887.0,359.169656586366,358.0,2844780.0,52530100.0,True
Brunswick,Brunswick_orig_1500ms_V2.hdf5,408,927168,929963,2795,1989,806,0.7116279069767442,36.0,1182.0,478.2187028657617,458.0,2828720.0,52528870.0,True
Brunswick,Brunswick_orig_1500ms_V2.hdf5,409,929963,932758,2795,2278,517,0.8150268336314848,50.0,1149.0,514.6729587357331,474.0,2876580.0,52551250.0,True
Brunswick,Brunswick_orig_1500ms_V2.hdf5,410,932758,935340,2582,2173,409,0.8415956622773044,24.0,889.0,383.9075011504832,380.0,2844780.0,52529250.0,True
Brunswick,Brunswick_orig_1500ms_V2.hdf5,411,935340,937922,2582,2086,496,0.8079008520526724,18.0,894.0,375.4774688398849,376.0,2844780.0,52528900.0,True
Brunswick,Brunswick_orig_1500ms_V2.hdf5,413,937922,940717,2795,2077,718,0.7431127012522362,38.0,1175.0,486.14203177660085,472.0,2828730.0,52529490.0,True
Brunswick,Brunswick_orig_1500ms_V2.hdf5,414,940717,943512,2795,2087,708,0.7466905187835421,24.0,1168.0,492.99233349305223,474.0,2828730.0,52530300.0,True
Brunswick,Brunswick_orig_1500ms_V2.hdf5,415,943512,946094,2582,1995,587,0.7726568551510457,20.0,899.0,379.7964912280702,378.0,2844780.0,52528300.0,True
Brunswick,Brunswick_orig_1500ms_V2.hdf5,416,946094,948889,2795,2137,658,0.7645796064400715,16.0,1155.0,501.5077211043519,486.0,2828720.0,52530670.0,True
Brunswick,Brunswick_orig_1500ms_V2.hdf5,417,948889,951471,2582,1880,702,0.7281177381874516,30.0,918.0,373.39255319148936,372.0,2844770.0,52527700.0,True
Brunswick,Brunswick_orig_1500ms_V2.hdf5,418,951471,954446,2975,2544,431,0.8551260504201681,20.0,1202.0,519.6635220125786,506.0,2828720.0,52531270.0,True
Brunswick,Brunswick_orig_1500ms_V2.hdf5,419,954446,957028,2582,2004,578,0.7761425251742835,36.0,909.0,388.3822355289421,386.0,2844770.0,52527100.0,True
Brunswick,Brunswick_orig_1500ms_V2.hdf5,420,957028,960003,2975,2549,426,0.8568067226890757,32.0,1193.0,519.3060023538643,506.0,2828720.0,52531870.0,True
Brunswick,Brunswick_orig_1500ms_V2.hdf5,421,960003,962585,2582,1919,663,0.7432223082881487,24.0,912.0,383.4048983845753,384.0,2844770.0,52526500.0,True
Brunswick,Brunswick_orig_1500ms_V2.hdf5,422,962585,965560,2975,2371,604,0.7969747899159664,40.0,1189.0,493.93589202867986,468.0,2828720.0,52532470.0,True
Brunswick,Brunswick_orig_1500ms_V2.hdf5,423,965560,968142,2582,1991,591,0.7711076684740511,16.0,850.0,402.2918131592165,402.0,2844770.0,52525900.0,True
Brunswick,Brunswick_orig_1500ms_V2.hdf5,425,968142,970724,2582,2094,488,0.8109992254066615,28.0,940.0,423.1805157593123,420.0,2844760.0,52524700.0,True
Brunswick,Brunswick_orig_1500ms_V2.hdf5,426,970724,973699,2975,2264,711,0.7610084033613446,30.0,1182.0,479.6329505300353,455.0,2828720.0,52533080.0,True
Brunswick,Brunswick_orig_1500ms_V2.hdf5,427,973699,976674,2975,2388,587,0.802689075630252,20.0,1168.0,484.8396147403685,462.0,2828720.0,52533670.0,True
Brunswick,Brunswick_orig_1500ms_V2.hdf5,428,976674,979469,2795,2161,634,0.7731663685152057,20.0,776.0,326.7047663118926,320.0,2848690.0,52537300.0,True
Brunswick,Brunswick_orig_1500ms_V2.hdf5,429,979469,982264,2795,1960,835,0.7012522361359571,30.0,774.0,312.89183673469387,308.0,2848700.0,52537900.0,True
Brunswick,Brunswick_orig_1500ms_V2.hdf5,430,982264,985059,2795,1410,1385,0.5044722719141324,58.0,765.0,296.78156028368795,284.0,2848700.0,52538550.0,True
Brunswick,Brunswick_orig_1500ms_V2.hdf5,431,985059,987854,2795,2131,664,0.762432915921288,40.0,764.0,325.55326137963397,316.0,2848700.0,52538820.0,True
Brunswick,Brunswick_orig_1500ms_V2.hdf5,432,987854,990649,2795,2346,449,0.8393559928443649,22.0,752.0,329.4987212276215,319.0,2848700.0,52539690.0,True
Brunswick,Brunswick_orig_1500ms_V2.hdf5,434,990649,993624,2975,2382,593,0.800672268907563,26.0,784.0,330.2737195633921,320.0,2848700.0,52540900.0,True
Brunswick,Brunswick_orig_1500ms_V2.hdf5,436,993624,996599,2975,2606,369,0.8759663865546219,36.0,775.0,343.1285495011512,332.0,2848700.0,52542090.0,True
Brunswick,Brunswick_orig_1500ms_V2.hdf5,437,996599,999574,2975,2690,285,0.9042016806722689,26.0,772.0,345.4275092936803,336.0,2848700.0,52542690.0,True
Brunswick,Brunswick_orig_1500ms_V2.hdf5,438,999574,1002549,2975,2646,329,0.8894117647058823,27.0,873.0,371.01360544217687,331.0,2860700.0,52548710.0,True
Brunswick,Brunswick_orig_1500ms_V2.hdf5,439,1002549,1005524,2975,2583,392,0.8682352941176471,30.0,869.0,360.85249709639953,324.0,2860700.0,52548160.0,True
Brunswick,Brunswick_orig_1500ms_V2.hdf5,440,1005524,1008319,2795,2378,417,0.8508050089445438,30.0,758.0,338.8780487804878,322.0,2856700.0,52540900.0,True
Brunswick,Brunswick_orig_1500ms_V2.hdf5,442,1008319,1011114,2795,1479,1316,0.5291592128801431,48.0,719.0,320.4557133198107,301.0,2852690.0,52539100.0,True
Brunswick,Brunswick_orig_1500ms_V2.hdf5,443,1011114,1014089,2975,1776,1199,0.5969747899159664,46.0,839.0,328.259009009009,310.0,2860700.0,52547500.0,True
Brunswick,Brunswick_orig_1500ms_V2.hdf5,444,1014089,1016884,2795,2287,508,0.8182468694096601,32.0,750.0,327.7083515522519,316.0,2856700.0,52541500.0,True
Brunswick,Brunswick_orig_1500ms_V2.hdf5,445,1016884,1019019,2135,1947,188,0.911943793911007,32.0,860.0,344.4386235233693,304.0,2860700.0,52546900.0,True
Brunswick,Brunswick_orig_1500ms_V2.hdf5,446,1019019,1021814,2795,2399,396,0.8583184257602863,44.0,756.0,335.01042100875367,318.0,2856700.0,52542080.0,True
Brunswick,Brunswick_orig_1500ms_V2.hdf5,447,1021814,1024609,2795,1661,1134,0.5942754919499106,42.0,718.0,306.88380493678505,290.0,2852690.0,52539700.0,True
Brunswick,Brunswick_orig_1500ms_V2.hdf5,448,1024609,1027404,2795,1556,1239,0.5567084078711986,50.0,751.0,308.50835475578407,292.0,2856700.0,52542700.0,True
Brunswick,Brunswick_orig_1500ms_V2.hdf5,449,1027404,1030379,2975,2610,365,0.8773109243697479,24.0,865.0,358.9567049808429,326.0,2860690.0,52546300.0,True
Brunswick,Brunswick_orig_1500ms_V2.hdf5,450,1030379,1033174,2795,2348,447,0.8400715563506261,36.0,690.0,325.51192504258944,310.0,2852690.0,52540300.0,True
Brunswick,Brunswick_orig_1500ms_V2.hdf5,451,1033174,1035969,2795,1639,1156,0.5864042933810376,36.0,752.0,302.8230628431971,288.0,2856700.0,52543300.0,True
Brunswick,Brunswick_orig_1500ms_V2.hdf5,452,1035969,1038764,2795,2258,537,0.807871198568873,22.0,846.0,338.9402125775022,309.0,2860680.0,52545700.0,True
Brunswick,Brunswick_orig_1500ms_V2.hdf5,453,1038764,1041559,2795,2529,266,0.904830053667263,26.0,684.0,335.44998022933964,320.0,2852690.0,52540900.0,True
Brunswick,Brunswick_orig_1500ms_V2.hdf5,454,1041559,1044354,2795,2482,313,0.8880143112701252,28.0,846.0,349.9395648670427,318.0,2860680.0,52545350.0,True
Brunswick,Brunswick_orig_1500ms_V2.hdf5,455,1044354,1047149,2795,1961,834,0.7016100178890876,26.0,749.0,307.5736868944416,294.0,2856700.0,52543900.0,True
Brunswick,Brunswick_orig_1500ms_V2.hdf5,456,1047149,1049944,2795,2630,165,0.9409660107334525,18.0,686.0,337.1669201520913,326.0,2852690.0,52541500.0,True
Brunswick,Brunswick_orig_1500ms_V2.hdf5,457,1049944,1052739,2795,2612,183,0.9345259391771019,44.0,846.0,360.24655436447165,326.0,2860680.0,52544500.0,True
Brunswick,Brunswick_orig_1500ms_V2.hdf5,458,1052739,1055714,2975,2549,426,0.8568067226890757,28.0,760.0,339.3911337779521,324.0,2856700.0,52544510.0,True
Brunswick,Brunswick_orig_1500ms_V2.hdf5,459,1055714,1058689,2975,1405,1570,0.4722689075630252,12.0,715.0,283.5060498220641,268.0,2852690.0,52542100.0,False
Brunswick,Brunswick_orig_1500ms_V2.hdf5,460,1058689,1061484,2795,2705,90,0.9677996422182469,44.0,842.0,366.59001848428835,328.0,2860680.0,52543900.0,True
Brunswick,Brunswick_orig_1500ms_V2.hdf5,461,1061484,1064459,2975,2693,282,0.9052100840336135,40.0,780.0,348.72150018566657,332.0,2856700.0,52545100.0,True
Brunswick,Brunswick_orig_1500ms_V2.hdf5,463,1064459,1067254,2795,2520,275,0.9016100178890877,32.0,838.0,358.46785714285716,326.0,2860690.0,52543240.0,True
Brunswick,Brunswick_orig_1500ms_V2.hdf5,464,1067254,1070229,2975,2114,861,0.7105882352941176,38.0,760.0,313.55629139072846,305.0,2856700.0,52545700.0,True
Brunswick,Brunswick_orig_1500ms_V2.hdf5,465,1070229,1073024,2795,2074,721,0.7420393559928443,26.0,973.0,378.0549662487946,326.0,2868660.0,52548710.0,True
Brunswick,Brunswick_orig_1500ms_V2.hdf5,466,1073024,1075999,2975,2759,216,0.9273949579831933,30.0,704.0,344.5665096049293,332.0,2852690.0,52543300.0,True
Brunswick,Brunswick_orig_1500ms_V2.hdf5,467,1075999,1078794,2795,2563,232,0.916994633273703,20.0,830.0,356.7760436987905,328.0,2860690.0,52542700.0,True
Brunswick,Brunswick_orig_1500ms_V2.hdf5,468,1078794,1081769,2975,2460,515,0.826890756302521,26.0,766.0,327.98048780487807,322.0,2856700.0,52546300.0,True
Brunswick,Brunswick_orig_1500ms_V2.hdf5,470,1081769,1084744,2975,2626,349,0.8826890756302521,18.0,777.0,344.028179741051,332.0,2856700.0,52546900.0,True
Brunswick,Brunswick_orig_1500ms_V2.hdf5,471,1084744,1087719,2975,2663,312,0.895126050420168,24.0,704.0,339.1171610965077,330.0,2852700.0,52544500.0,True
Brunswick,Brunswick_orig_1500ms_V2.hdf5,472,1087719,1090694,2975,2715,260,0.9126050420168067,18.0,714.0,340.6670349907919,332.0,2852700.0,52545100.0,True
Brunswick,Brunswick_orig_1500ms_V2.hdf5,477,1090694,1093809,3115,2464,651,0.7910112359550562,32.0,998.0,405.31128246753246,346.0,2864810.0,52553500.0,True
Brunswick,Brunswick_orig_1500ms_V2.hdf5,478,1093809,1096924,3115,2462,653,0.7903691813804173,16.0,1124.0,439.08367181153534,380.0,2832750.0,52536070.0,True
Brunswick,Brunswick_orig_1500ms_V2.hdf5,479,1096924,1100039,3115,2231,884,0.7162118780096308,16.0,1195.0,476.18422232182877,424.0,2828720.0,52534270.0,True
Brunswick,Brunswick_orig_1500ms_V2.hdf5,480,1100039,1103154,3115,2608,507,0.837239165329053,20.0,796.0,344.71203987730064,334.0,2848700.0,52543900.0,True
Brunswick,Brunswick_orig_1500ms_V2.hdf5,481,1103154,1106269,3115,2835,280,0.9101123595505618,38.0,988.0,421.58130511463844,366.0,2864810.0,52553000.0,True
Brunswick,Brunswick_orig_1500ms_V2.hdf5,482,1106269,1109384,3115,2502,613,0.8032102728731942,26.0,1115.0,444.5199840127898,384.0,2832750.0,52536670.0,True
Brunswick,Brunswick_orig_1500ms_V2.hdf5,483,1109384,1112499,3115,2454,661,0.787800963081862,38.0,969.0,384.78158109209454,332.0,2864810.0,52552100.0,True
Brunswick,Brunswick_orig_1500ms_V2.hdf5,484,1112499,1115614,3115,2720,395,0.8731942215088283,30.0,788.0,349.64779411764704,336.0,2848700.0,52544500.0,True
Brunswick,Brunswick_orig_1500ms_V2.hdf5,485,1115614,1118729,3115,2490,625,0.7993579454253612,38.0,1108.0,440.4823293172691,382.0,2832740.0,52537420.0,True
Brunswick,Brunswick_orig_1500ms_V2.hdf5,486,1118729,1121844,3115,2245,870,0.7207062600321027,28.0,1176.0,470.9265033407572,422.0,2828720.0,52534870.0,True
Brunswick,Brunswick_orig_1500ms_V2.hdf5,487,1121844,1124959,3115,2504,611,0.8038523274478331,32.0,960.0,388.930910543131,336.0,2864810.0,52551700.0,True
Brunswick,Brunswick_orig_1500ms_V2.hdf5,488,1124959,1128074,3115,2426,689,0.7788121990369181,38.0,1097.0,428.2444352844188,364.0,2832740.0,52537870.0,True
Brunswick,Brunswick_orig_1500ms_V2.hdf5,489,1128074,1131189,3115,2787,328,0.8947030497592295,40.0,791.0,352.2935055615357,340.0,2848700.0,52545100.0,True
Brunswick,Brunswick_orig_1500ms_V2.hdf5,490,1131189,1134304,3115,2505,610,0.8041733547351525,38.0,1186.0,488.5069860279441,449.0,2828720.0,52535470.0,True
Brunswick,Brunswick_orig_1500ms_V2.hdf5,491,1134304,1137419,3115,2415,700,0.7752808988764045,20.0,968.0,380.2405797101449,332.0,2864800.0,52551100.0,True
Brunswick,Brunswick_orig_1500ms_V2.hdf5,494,1137419,1140534,3115,2308,807,0.7409309791332264,32.0,1169.0,476.3193240901213,424.0,2828720.0,52536070.0,True
Brunswick,Brunswick_orig_1500ms_V2.hdf5,495,1140534,1143649,3115,2498,617,0.8019261637239166,16.0,1084.0,432.40912730184147,367.0,2832740.0,52539070.0,True
Brunswick,Brunswick_orig_1500ms_V2.hdf5,496,1143649,1146764,3115,2501,614,0.8028892455858748,16.0,766.0,341.3714514194322,332.0,2848700.0,52546300.0,True
Brunswick,Brunswick_orig_1500ms_V2.hdf5,497,1146764,1149879,3115,2331,784,0.748314606741573,26.0,1183.0,478.67310167310166,428.0,2828720.0,52536670.0,True
Brunswick,Brunswick_orig_1500ms_V2.hdf5,498,1149879,1153101,3222,2407,815,0.7470515207945375,24.0,1079.0,411.8392189447445,342.0,2832740.0,52539670.0,True
Brunswick,Brunswick_orig_1500ms_V2.hdf5,499,1153101,1156216,3115,2045,1070,0.6565008025682183,22.0,1027.0,394.479217603912,334.0,2868710.0,52552910.0,True
Brunswick,Brunswick_orig_1500ms_V2.hdf5,500,1156216,1159438,3222,2597,625,0.8060211049037864,16.0,803.0,350.32691567192916,338.0,2848710.0,52546900.0,True
Brunswick,Brunswick_orig_1500ms_V2.hdf5,501,1159438,1162660,3222,2575,647,0.7991930477963998,16.0,1207.0,487.28155339805824,438.0,2828720.0,52537270.0,True
Brunswick,Brunswick_orig_1500ms_V2.hdf5,502,1162660,1165775,3115,2001,1114,0.6423756019261637,32.0,1035.0,402.82658670664665,338.0,2868710.0,52553520.0,True
Brunswick,Brunswick_orig_1500ms_V2.hdf5,503,1165775,1168997,3222,2830,392,0.8783364369956549,26.0,801.0,358.61166077738517,347.0,2848710.0,52547500.0,True
Brunswick,Brunswick_orig_1500ms_V2.hdf5,504,1168997,1172219,3222,2608,614,0.8094351334574799,34.0,1118.0,436.26725460122697,362.0,2832740.0,52540280.0,True
Brunswick,Brunswick_orig_1500ms_V2.hdf5,505,1172219,1175441,3222,2481,741,0.7700186219739292,24.0,1175.0,481.7908101571947,422.0,2828720.0,52537870.0,True
Brunswick,Brunswick_orig_1500ms_V2.hdf5,506,1175441,1178556,3115,2325,790,0.7463884430176565,42.0,1058.0,419.13290322580644,357.0,2868710.0,52554110.0,True
Brunswick,Brunswick_orig_1500ms_V2.hdf5,509,1178556,1181778,3222,2432,790,0.7548106765983861,30.0,762.0,340.9033717105263,328.0,2848710.0,52548700.0,True
Brunswick,Brunswick_orig_1500ms_V2.hdf5,510,1181778,1185000,3222,2503,719,0.776846679081316,36.0,1188.0,480.8673591689972,420.0,2828720.0,52538480.0,True
Brunswick,Brunswick_orig_1500ms_V2.hdf5,511,1185000,1188115,3115,1973,1142,0.6333868378812199,42.0,1029.0,405.2858590978206,336.0,2868710.0,52554710.0,True
Brunswick,Brunswick_orig_1500ms_V2.hdf5,512,1188115,1191337,3222,2509,713,0.7787088764742396,24.0,1100.0,421.82901554404145,346.0,2832740.0,52541540.0,True
Brunswick,Brunswick_orig_1500ms_V2.hdf5,513,1191337,1194559,3222,2521,701,0.7824332712600869,20.0,767.0,346.3502578341928,336.0,2848710.0,52549300.0,True
Brunswick,Brunswick_orig_1500ms_V2.hdf5,514,1194559,1197674,3115,2272,843,0.7293739967897271,28.0,1069.0,422.6518485915493,356.0,2868710.0,52555310.0,True
Brunswick,Brunswick_orig_1500ms_V2.hdf5,517,1197674,1200789,3115,2587,528,0.8304975922953451,18.0,1062.0,449.4425976034016,386.0,2868710.0,52555740.0,True
Brunswick,Brunswick_orig_1500ms_V2.hdf5,518,1200789,1204011,3222,2372,850,0.7361887026691496,26.0,1145.0,469.4342327150084,408.0,2828720.0,52539670.0,True
Brunswick,Brunswick_orig_1500ms_V2.hdf5,519,1204011,1207233,3222,2318,904,0.7194289261328367,16.0,1092.0,416.67471958584986,338.0,2832740.0,52542080.0,True
Brunswick,Brunswick_orig_1500ms_V2.hdf5,520,1207233,1210455,3222,2458,764,0.7628801986343886,20.0,819.0,347.29820992676974,334.0,2844720.0,52547500.0,True
Brunswick,Brunswick_orig_1500ms_V2.hdf5,521,1210455,1213677,3222,2339,883,0.7259466170080695,18.0,1163.0,450.560923471569,388.0,2828720.0,52540270.0,True
Brunswick,Brunswick_orig_1500ms_V2.hdf5,523,1213677,1216899,3222,2352,870,0.7299813780260708,28.0,1075.0,427.92942176870747,364.0,2868710.0,52556510.0,True
Brunswick,Brunswick_orig_1500ms_V2.hdf5,524,1216899,1220121,3222,2474,748,0.7678460583488517,42.0,804.0,351.2312045270817,332.0,2844720.0,52546300.0,True
Brunswick,Brunswick_orig_1500ms_V2.hdf5,525,1220121,1223343,3222,2550,672,0.7914338919925512,28.0,873.0,355.7647058823529,334.0,2844720.0,52545700.0,True
Brunswick,Brunswick_orig_1500ms_V2.hdf5,526,1223343,1226565,3222,2466,756,0.7653631284916201,46.0,1086.0,451.1135442011354,384.0,2868710.0,52557110.0,True
Brunswick,Brunswick_orig_1500ms_V2.hdf5,527,1226565,1229787,3222,2527,695,0.7842954686530106,20.0,816.0,354.6311832212109,334.0,2844720.0,52545100.0,True
Brunswick,Brunswick_orig_1500ms_V2.hdf5,528,1229787,1233009,3222,1478,1744,0.4587212911235258,44.0,1123.0,412.0081190798376,342.0,2868710.0,52557720.0,False
Brunswick,Brunswick_orig_1500ms_V2.hdf5,529,1233009,1236124,3115,2635,480,0.8459069020866774,18.0,846.0,354.6800759013283,340.0,2844720.0,52544510.0,True
Brunswick,Brunswick_orig_1500ms_V2.hdf5,532,1236124,1239346,3222,1728,1494,0.5363128491620112,20.0,1135.0,452.6255787037037,405.0,2868710.0,52558910.0,True
Brunswick,Brunswick_orig_1500ms_V2.hdf5,533,1239346,1242568,3222,2497,725,0.7749844816883923,20.0,1008.0,382.8133760512615,330.0,2836680.0,52543890.0,True
Brunswick,Brunswick_orig_1500ms_V2.hdf5,534,1242568,1245683,3115,2089,1026,0.6706260032102729,44.0,853.0,345.8133078027764,324.0,2844730.0,52543300.0,True
Brunswick,Brunswick_orig_1500ms_V2.hdf5,536,1245683,1248905,3222,2193,1029,0.680633147113594,30.0,988.0,383.9781121751026,326.0,2836680.0,52543280.0,True
Brunswick,Brunswick_orig_1500ms_V2.hdf5,539,1248905,1252127,3222,2628,594,0.8156424581005587,38.0,985.0,396.3234398782344,338.0,2836680.0,52542690.0,True
Brunswick,Brunswick_orig_1500ms_V2.hdf5,540,1252127,1254402,2275,1934,341,0.8501098901098901,14.0,852.0,347.976215098242,314.0,2840730.0,52539790.0,True
Brunswick,Brunswick_orig_1500ms_V2.hdf5,541,1254402,1257624,3222,1941,1281,0.6024208566108007,20.0,1111.0,465.68263781555896,394.0,2872710.0,52560710.0,True
Brunswick,Brunswick_orig_1500ms_V2.hdf5,542,1257624,1260739,3115,2540,575,0.8154093097913323,26.0,961.0,379.01338582677164,340.0,2840720.0,52540290.0,True
Brunswick,Brunswick_orig_1500ms_V2.hdf5,543,1260739,1263961,3222,2371,851,0.7358783364369956,30.0,984.0,382.5436524673134,322.0,2836680.0,52542080.0,True
Brunswick,Brunswick_orig_1500ms_V2.hdf5,544,1263961,1267183,3222,2244,978,0.6964618249534451,28.0,1252.0,526.7205882352941,466.0,2824700.0,52537890.0,True
Brunswick,Brunswick_orig_1500ms_V2.hdf5,545,1267183,1270298,3115,2745,370,0.8812199036918138,36.0,946.0,387.66703096539163,348.0,2840730.0,52540890.0,True
Brunswick,Brunswick_orig_1500ms_V2.hdf5,546,1270298,1273520,3222,2098,1124,0.6511483550589696,30.0,1155.0,477.6920877025739,410.0,2872710.0,52560110.0,True
Brunswick,Brunswick_orig_1500ms_V2.hdf5,547,1273520,1276635,3115,1910,1205,0.6131621187800963,40.0,1093.0,437.313612565445,370.0,2872710.0,52556510.0,True
Brunswick,Brunswick_orig_1500ms_V2.hdf5,548,1276635,1279857,3222,2394,828,0.7430167597765364,22.0,1007.0,386.9590643274854,326.0,2836680.0,52541480.0,True
Brunswick,Brunswick_orig_1500ms_V2.hdf5,550,1279857,1282972,3115,2549,566,0.8182985553772071,36.0,955.0,372.8403295409965,334.0,2840730.0,52541490.0,True
Brunswick,Brunswick_orig_1500ms_V2.hdf5,551,1282972,1286087,3115,2355,760,0.7560192616372392,18.0,1013.0,383.57112526539277,330.0,2836680.0,52540890.0,True
Brunswick,Brunswick_orig_1500ms_V2.hdf5,552,1286087,1289202,3115,2412,703,0.7743178170144462,26.0,944.0,380.3495024875622,342.0,2840730.0,52542040.0,True
Brunswick,Brunswick_orig_1500ms_V2.hdf5,553,1289202,1292424,3222,2027,1195,0.6291123525760397,38.0,1242.0,523.2777503700049,478.0,2824710.0,52536700.0,True
Brunswick,Brunswick_orig_1500ms_V2.hdf5,554,1292424,1295646,3222,1715,1507,0.5322780881440099,38.0,1111.0,442.5469387755102,380.0,2872700.0,52559510.0,True
Brunswick,Brunswick_orig_1500ms_V2.hdf5,555,1295646,1298761,3115,2472,643,0.7935794542536115,26.0,1006.0,392.002427184466,332.0,2836680.0,52540290.0,True
Brunswick,Brunswick_orig_1500ms_V2.hdf5,556,1298761,1301876,3115,2523,592,0.8099518459069021,14.0,940.0,368.144669044788,336.0,2840730.0,52542690.0,True
Brunswick,Brunswick_orig_1500ms_V2.hdf5,557,1301876,1305098,3222,2270,952,0.7045313469894475,26.0,1274.0,543.0348017621145,490.0,2824710.0,52536090.0,True
Brunswick,Brunswick_orig_1500ms_V2.hdf5,558,1305098,1308320,3222,1856,1366,0.5760397268777157,36.0,1110.0,435.1185344827586,364.0,2872700.0,52558910.0,True
Brunswick,Brunswick_orig_1500ms_V2.hdf5,559,1308320,1311542,3222,2438,784,0.7566728739913098,18.0,935.0,366.6476620180476,330.0,2840730.0,52543290.0,True
Brunswick,Brunswick_orig_1500ms_V2.hdf5,560,1311542,1314657,3115,2231,884,0.7162118780096308,38.0,1009.0,378.3886149708651,318.0,2836680.0,52539680.0,True
Brunswick,Brunswick_orig_1500ms_V2.hdf5,562,1314657,1317879,3222,2122,1100,0.6585971446306642,16.0,1283.0,525.1300659754949,474.0,2824710.0,52535490.0,True
Brunswick,Brunswick_orig_1500ms_V2.hdf5,563,1317879,1321101,3222,2398,824,0.7442582247051521,30.0,920.0,359.0383653044203,325.0,2840730.0,52543890.0,True
Brunswick,Brunswick_orig_1500ms_V2.hdf5,564,1321101,1324216,3115,2272,843,0.7293739967897271,34.0,1029.0,374.4432218309859,320.0,2836680.0,52539080.0,True
Brunswick,Brunswick_orig_1500ms_V2.hdf5,565,1324216,1327331,3115,1741,1374,0.5589085072231139,20.0,1056.0,407.9959793222286,354.0,2872700.0,52557710.0,True
Brunswick,Brunswick_orig_1500ms_V2.hdf5,566,1327331,1330446,3115,1885,1230,0.6051364365971108,20.0,1249.0,480.75437665782493,438.0,2824710.0,52534890.0,True
Brunswick,Brunswick_orig_1500ms_V2.hdf5,567,1330446,1333561,3115,2056,1059,0.6600321027287319,26.0,1033.0,367.43336575875486,318.0,2836680.0,52538480.0,True
Brunswick,Brunswick_orig_1500ms_V2.hdf5,568,1333561,1336783,3222,2615,607,0.8116076970825574,40.0,905.0,364.004206500956,334.0,2840740.0,52544500.0,True
Brunswick,Brunswick_orig_1500ms_V2.hdf5,569,1336783,1339898,3115,2134,981,0.6850722311396469,30.0,1246.0,505.17619493908154,474.0,2824710.0,52534290.0,True
Brunswick,Brunswick_orig_1500ms_V2.hdf5,570,1339898,1343013,3115,1800,1315,0.5778491171749599,28.0,1097.0,423.4844444444444,364.0,2872710.0,52557120.0,True
Brunswick,Brunswick_orig_1500ms_V2.hdf5,571,1343013,1346235,3222,2751,471,0.8538175046554934,32.0,941.0,372.9429298436932,344.0,2840740.0,52545090.0,True
Brunswick,Brunswick_orig_1500ms_V2.hdf5,572,1346235,1349350,3115,2524,591,0.8102728731942215,18.0,1052.0,395.0661648177496,338.0,2836680.0,52537890.0,True
Brunswick,Brunswick_orig_1500ms_V2.hdf5,573,1349350,1352465,3115,2196,919,0.704975922953451,40.0,1259.0,516.1352459016393,485.0,2824710.0,52533690.0,True
Brunswick,Brunswick_orig_1500ms_V2.hdf5,574,1352465,1355687,3222,2707,515,0.84016139044072,20.0,904.0,372.72257111193204,346.0,2840740.0,52545700.0,True
Brunswick,Brunswick_orig_1500ms_V2.hdf5,575,1355687,1358802,3115,1843,1272,0.5916532905296951,46.0,1117.0,432.6690179055887,362.0,2872710.0,52555910.0,True
Brunswick,Brunswick_orig_1500ms_V2.hdf5,576,1358802,1361917,3115,2180,935,0.6998394863563403,30.0,1264.0,513.5105504587156,486.0,2824710.0,52533090.0,True
Brunswick,Brunswick_orig_1500ms_V2.hdf5,577,1361917,1365032,3115,1719,1396,0.5518459069020867,34.0,1054.0,422.5287958115183,362.0,2872710.0,52555310.0,True
Brunswick,Brunswick_orig_1500ms_V2.hdf5,578,1365032,1368147,3115,2187,928,0.7020866773675762,20.0,1275.0,526.9085505258345,496.0,2824710.0,52532490.0,True
Brunswick,Brunswick_orig_1500ms_V2.hdf5,579,1368147,1371262,3115,2362,753,0.7582664526484751,20.0,1114.0,464.01354784081286,412.0,2872710.0,52554710.0,True
Brunswick,Brunswick_orig_1500ms_V2.hdf5,580,1371262,1374377,3115,2078,1037,0.6670947030497593,32.0,1168.0,509.03416746871994,475.0,2876740.0,52557270.0,True
Brunswick,Brunswick_orig_1500ms_V2.hdf5,581,1374377,1377492,3115,1323,1792,0.4247191011235955,22.0,1222.0,503.43386243386243,487.0,2820660.0,52530700.0,False
Brunswick,Brunswick_orig_1500ms_V2.hdf5,582,1377492,1380607,3115,2207,908,0.7085072231139646,38.0,1183.0,516.4540099682828,482.0,2876740.0,52557710.0,True
Brunswick,Brunswick_orig_1500ms_V2.hdf5,584,1380607,1383722,3115,1999,1116,0.6417335473515249,42.0,1312.0,575.3661830915457,556.0,2820670.0,52531890.0,True
Brunswick,Brunswick_orig_1500ms_V2.hdf5,585,1383722,1386837,3115,2012,1103,0.6459069020866773,36.0,1133.0,491.2420477137177,456.0,2876740.0,52558310.0,True
Brunswick,Brunswick_orig_1500ms_V2.hdf5,586,1386837,1389952,3115,1886,1229,0.6054574638844302,36.0,1297.0,550.1781548250265,523.0,2820670.0,52532490.0,True
Brunswick,Brunswick_orig_1500ms_V2.hdf5,587,1389952,1393067,3115,2277,838,0.7309791332263242,24.0,1297.0,579.8164251207729,564.0,2820670.0,52533090.0,True
Brunswick,Brunswick_orig_1500ms_V2.hdf5,588,1393067,1396182,3115,2251,864,0.7226324237560192,26.0,1206.0,533.3487338960462,488.0,2876740.0,52558910.0,True
Brunswick,Brunswick_orig_1500ms_V2.hdf5,589,1396182,1399404,3222,2156,1066,0.6691495965238982,20.0,1352.0,567.3641001855287,528.0,2820680.0,52533700.0,True
Brunswick,Brunswick_orig_1500ms_V2.hdf5,590,1399404,1402519,3115,2485,630,0.797752808988764,18.0,1203.0,547.2547283702213,518.0,2876750.0,52559510.0,True
Brunswick,Brunswick_orig_1500ms_V2.hdf5,592,1402519,1405741,3222,2305,917,0.7153941651148356,36.0,1256.0,565.5665943600868,536.0,2820680.0,52534900.0,True
Brunswick,Brunswick_orig_1500ms_V2.hdf5,593,1405741,1408963,3222,2429,793,0.7538795779019243,24.0,1212.0,547.6525319061342,512.0,2876760.0,52560120.0,True
Brunswick,Brunswick_orig_1500ms_V2.hdf5,594,1408963,1412185,3222,2325,897,0.7216014897579144,34.0,1268.0,561.4640860215054,518.0,2876760.0,52560710.0,True
Brunswick,Brunswick_orig_1500ms_V2.hdf5,595,1412185,1415407,3222,2477,745,0.7687771570453135,40.0,1283.0,596.123132821962,562.0,2820690.0,52535490.0,True
Brunswick,Brunswick_orig_1500ms_V2.hdf5,596,1415407,1418629,3222,2453,769,0.7613283674736189,28.0,1295.0,583.7733387688545,556.0,2820690.0,52536090.0,True
Brunswick,Brunswick_orig_1500ms_V2.hdf5,599,1418629,1421851,3222,2322,900,0.7206703910614525,32.0,1192.0,560.7515073212747,524.0,2876760.0,52561760.0,True
Brunswick,Brunswick_orig_1500ms_V2.hdf5,600,1421851,1425073,3222,2328,894,0.7225325884543762,18.0,1206.0,559.2302405498282,522.5,2876760.0,52562510.0,True
Brunswick,Brunswick_orig_1500ms_V2.hdf5,605,1425073,1428188,3115,2843,272,0.9126805778491172,20.0,732.0,352.8336264509321,344.0,2852700.0,52545700.0,True
Brunswick,Brunswick_orig_1500ms_V2.hdf5,606,1428188,1431410,3222,3116,106,0.9671011793916822,20.0,966.0,442.07766367137356,392.0,2864740.0,52554100.0,True
Brunswick,Brunswick_orig_1500ms_V2.hdf5,608,1431410,1434525,3115,2856,259,0.9168539325842696,30.0,904.0,382.57633053221286,342.0,2860700.0,52549300.0,True
Brunswick,Brunswick_orig_1500ms_V2.hdf5,609,1434525,1437747,3222,2935,287,0.9109248913718188,28.0,1020.0,448.34480408858605,394.0,2865560.0,52554700.0,True
Brunswick,Brunswick_orig_1500ms_V2.hdf5,610,1437747,1440862,3115,2936,179,0.9425361155698234,38.0,736.0,357.27111716621255,346.0,2852700.0,52546910.0,True
Brunswick,Brunswick_orig_1500ms_V2.hdf5,611,1440862,1443977,3115,2808,307,0.9014446227929374,20.0,782.0,357.40918803418805,340.0,2856700.0,52547500.0,True
Brunswick,Brunswick_orig_1500ms_V2.hdf5,612,1443977,1447199,3222,3159,63,0.9804469273743017,38.0,1024.0,458.62266540044317,406.0,2865600.0,52555300.0,True
Brunswick,Brunswick_orig_1500ms_V2.hdf5,613,1447199,1450314,3115,2969,146,0.9531300160513644,30.0,742.0,358.0404176490401,348.0,2852700.0,52547500.0,True
Brunswick,Brunswick_orig_1500ms_V2.hdf5,614,1450314,1453429,3115,2883,232,0.9255216693418941,36.0,884.0,380.8199791883455,342.0,2860710.0,52549900.0,True
Brunswick,Brunswick_orig_1500ms_V2.hdf5,615,1453429,1456651,3222,2948,274,0.91495965238982,40.0,1014.0,436.92232021709634,378.0,2865060.0,52555910.0,True
Brunswick,Brunswick_orig_1500ms_V2.hdf5,616,1456651,1459766,3115,2692,423,0.8642054574638844,30.0,813.0,356.61292719167903,335.0,2856700.0,52548100.0,True
Brunswick,Brunswick_orig_1500ms_V2.hdf5,617,1459766,1462881,3115,2970,145,0.9534510433386838,22.0,752.0,362.28552188552186,352.0,2852700.0,52548100.0,True
Brunswick,Brunswick_orig_1500ms_V2.hdf5,618,1462881,1465996,3115,2760,355,0.8860353130016051,44.0,899.0,376.3797101449275,338.0,2860720.0,52550500.0,True
Brunswick,Brunswick_orig_1500ms_V2.hdf5,619,1465996,1469218,3222,3006,216,0.9329608938547486,26.0,1023.0,442.18230206254157,384.0,2864690.0,52556500.0,True
Brunswick,Brunswick_orig_1500ms_V2.hdf5,621,1469218,1472440,3222,2947,275,0.914649286157666,20.0,762.0,366.0173057346454,354.0,2852700.0,52548700.0,True
Brunswick,Brunswick_orig_1500ms_V2.hdf5,622,1472440,1475555,3115,2758,357,0.8853932584269663,32.0,899.0,380.39956490210295,338.0,2860720.0,52551100.0,True
Brunswick,Brunswick_orig_1500ms_V2.hdf5,623,1475555,1478777,3222,2851,371,0.8848541278708877,24.0,972.0,435.9484391441599,378.0,2864700.0,52557100.0,True
Brunswick,Brunswick_orig_1500ms_V2.hdf5,624,1478777,1481892,3115,2835,280,0.9101123595505618,28.0,820.0,362.85291005291003,340.0,2856700.0,52549300.0,True
Brunswick,Brunswick_orig_1500ms_V2.hdf5,625,1481892,1485114,3222,3024,198,0.9385474860335196,30.0,766.0,367.20800264550263,354.0,2852700.0,52549300.0,True
Brunswick,Brunswick_orig_1500ms_V2.hdf5,626,1485114,1488229,3115,2764,351,0.8873194221508828,20.0,908.0,380.58212735166427,338.0,2860730.0,52551710.0,True
Brunswick,Brunswick_orig_1500ms_V2.hdf5,627,1488229,1491451,3222,2943,279,0.9134078212290503,40.0,772.0,363.8936459395175,348.0,2852700.0,52549900.0,True
Brunswick,Brunswick_orig_1500ms_V2.hdf5,628,1491451,1494566,3115,2753,362,0.8837881219903692,18.0,830.0,361.4558663276426,342.0,2856700.0,52549900.0,True
Brunswick,Brunswick_orig_1500ms_V2.hdf5,630,1494566,1497788,3222,3020,202,0.9373060211049038,32.0,780.0,368.2930463576159,354.0,2852700.0,52550510.0,True
Brunswick,Brunswick_orig_1500ms_V2.hdf5,631,1497788,1501010,3222,2986,236,0.9267535692116697,16.0,838.0,374.96048225050237,352.0,2856700.0,52550500.0,True
Brunswick,Brunswick_orig_1500ms_V2.hdf5,632,1501010,1504232,3222,2308,914,0.7163252638112974,36.0,924.0,370.4805025996534,340.0,2860730.0,52552900.0,True
Brunswick,Brunswick_orig_1500ms_V2.hdf5,633,1504232,1507454,3222,2982,240,0.925512104283054,20.0,784.0,368.30684104627767,354.0,2852700.0,52551110.0,True
Brunswick,Brunswick_orig_1500ms_V2.hdf5,634,1507454,1510676,3222,2902,320,0.9006828057107387,24.0,842.0,371.2970365265334,348.0,2856700.0,52551100.0,True
Brunswick,Brunswick_orig_1500ms_V2.hdf5,636,1510676,1513898,3222,2935,287,0.9109248913718188,36.0,850.0,372.39352640545144,348.0,2856700.0,52551700.0,True
Brunswick,Brunswick_orig_1500ms_V2.hdf5,637,1513898,1517120,3222,3003,219,0.9320297951582868,36.0,940.0,404.25108225108227,356.0,2860720.0,52554100.0,True
Brunswick,Brunswick_orig_1500ms_V2.hdf5,638,1517120,1520342,3222,2957,265,0.9177529484792054,32.0,856.0,373.03584714237405,348.0,2856700.0,52552300.0,True
Brunswick,Brunswick_orig_1500ms_V2.hdf5,641,1520342,1523564,3222,3016,206,0.936064556176288,18.0,950.0,409.6551724137931,362.0,2860720.0,52555310.0,True
Brunswick,Brunswick_orig_1500ms_V2.hdf5,642,1523564,1526863,3299,2183,1116,0.6617156714155805,18.0,1195.0,540.063215758131,478.0,2876750.0,52563110.0,True
Brunswick,Brunswick_orig_1500ms_V2.hdf5,643,1526863,1530162,3299,2054,1245,0.6226129130039406,28.0,1277.0,571.0861733203506,526.0,2876740.0,52563710.0,True
Brunswick,Brunswick_orig_1500ms_V2.hdf5,644,1530162,1533461,3299,1519,1780,0.46044255835101544,40.0,1144.0,505.9058591178407,446.0,2876730.0,52564310.0,False
Brunswick,Brunswick_orig_1500ms_V2.hdf5,646,1533461,1536760,3299,2598,701,0.7875113670809336,24.0,1248.0,602.931870669746,568.0,2820700.0,52537300.0,True
Brunswick,Brunswick_orig_1500ms_V2.hdf5,647,1536760,1540059,3299,2308,991,0.6996059411943013,32.0,1254.0,575.2118717504333,525.0,2876720.0,52564910.0,True
Brunswick,Brunswick_orig_1500ms_V2.hdf5,648,1540059,1543358,3299,2944,355,0.8923916338284329,18.0,812.0,366.62703804347825,358.0,2848710.0,52549900.0,True
Brunswick,Brunswick_orig_1500ms_V2.hdf5,649,1543358,1546657,3299,2671,628,0.8096392846317065,36.0,1260.0,592.4545114189442,568.0,2820700.0,52537900.0,True
Brunswick,Brunswick_orig_1500ms_V2.hdf5,650,1546657,1549956,3299,3134,165,0.9499848438920885,28.0,804.0,373.3350350989151,366.0,2848710.0,52550500.0,True
Brunswick,Brunswick_orig_1500ms_V2.hdf5,651,1549956,1553255,3299,2486,813,0.7535616853591998,22.0,1273.0,577.4513274336283,534.0,2876720.0,52565510.0,True
Brunswick,Brunswick_orig_1500ms_V2.hdf5,652,1553255,1556282,3027,2914,113,0.9626693095474067,36.0,798.0,370.52024708304737,364.0,2848710.0,52551100.0,True
Brunswick,Brunswick_orig_1500ms_V2.hdf5,653,1556282,1559581,3299,2607,692,0.7902394665050015,46.0,1261.0,585.5980053701572,550.0,2820700.0,52538490.0,True
Brunswick,Brunswick_orig_1500ms_V2.hdf5,654,1559581,1562880,3299,3110,189,0.9427099120945741,36.0,790.0,371.2893890675241,362.0,2848710.0,52551700.0,True
Brunswick,Brunswick_orig_1500ms_V2.hdf5,655,1562880,1566179,3299,2573,726,0.7799333131251894,24.0,1211.0,535.2191993781578,492.0,2873980.0,52564310.0,True
Brunswick,Brunswick_orig_1500ms_V2.hdf5,656,1566179,1569478,3299,2585,714,0.7835707790239467,38.0,1235.0,581.0936170212766,548.0,2820700.0,52539090.0,True
Brunswick,Brunswick_orig_1500ms_V2.hdf5,657,1569478,1572777,3299,3102,197,0.940284934828736,26.0,784.0,371.62217923920053,362.0,2848710.0,52552300.0,True
Brunswick,Brunswick_orig_1500ms_V2.hdf5,658,1572777,1576076,3299,3038,261,0.9208851167020309,18.0,890.0,377.3061224489796,358.0,2844720.0,52548100.0,True
Brunswick,Brunswick_orig_1500ms_V2.hdf5,659,1576076,1579375,3299,2559,740,0.7756896029099727,32.0,1220.0,533.6014067995311,490.0,2874010.0,52563710.0,True
Brunswick,Brunswick_orig_1500ms_V2.hdf5,660,1579375,1582674,3299,3061,238,0.9278569263413156,18.0,776.0,370.31917673962755,360.0,2848710.0,52552900.0,True
Brunswick,Brunswick_orig_1500ms_V2.hdf5,661,1582674,1585973,3299,2933,366,0.8890572900879055,28.0,882.0,371.5707466757586,352.0,2844720.0,52548700.0,True
Brunswick,Brunswick_orig_1500ms_V2.hdf5,662,1585973,1589272,3299,2653,646,0.8041830857835708,24.0,1318.0,580.8695816057293,552.0,2820700.0,52539690.0,True
Brunswick,Brunswick_orig_1500ms_V2.hdf5,663,1589272,1592571,3299,2603,696,0.7890269778720824,40.0,1186.0,542.8809066461774,512.0,2874040.0,52563120.0,True
Brunswick,Brunswick_orig_1500ms_V2.hdf5,664,1592571,1595598,3027,2758,269,0.9111331351172778,38.0,874.0,371.9300217548948,352.0,2844710.0,52549310.0,True
Brunswick,Brunswick_orig_1500ms_V2.hdf5,665,1595598,1598897,3299,3091,208,0.9369505910882086,34.0,868.0,378.8945325137496,362.0,2844710.0,52549910.0,True
Brunswick,Brunswick_orig_1500ms_V2.hdf5,666,1598897,1602196,3299,3018,281,0.9148226735374356,14.0,830.0,369.9151756129887,354.0,2852700.0,52554700.0,True
Brunswick,Brunswick_orig_1500ms_V2.hdf5,668,1602196,1605495,3299,2943,356,0.8920885116702031,26.0,860.0,369.43832823649336,352.0,2844710.0,52550500.0,True
Brunswick,Brunswick_orig_1500ms_V2.hdf5,670,1605495,1608794,3299,2571,728,0.7793270688087299,20.0,1184.0,531.0427849085959,484.0,2874080.0,52561910.0,True
Brunswick,Brunswick_orig_1500ms_V2.hdf5,671,1608794,1612093,3299,2848,451,0.8632919066383753,26.0,822.0,364.3570926966292,344.0,2852700.0,52554100.0,True
Brunswick,Brunswick_orig_1500ms_V2.hdf5,672,1612093,1615392,3299,3002,297,0.9099727190057593,18.0,854.0,372.94736842105266,358.0,2844710.0,52551100.0,True
Brunswick,Brunswick_orig_1500ms_V2.hdf5,673,1615392,1618691,3299,2497,802,0.7568960290997272,30.0,1186.0,512.9335202242692,470.0,2824700.0,52540890.0,True
Brunswick,Brunswick_orig_1500ms_V2.hdf5,674,1618691,1621990,3299,2868,431,0.8693543498029705,34.0,817.0,365.82252440725244,346.0,2852700.0,52553500.0,True
Brunswick,Brunswick_orig_1500ms_V2.hdf5,675,1621990,1625289,3299,2496,803,0.7565929069414974,20.0,1170.0,507.5208333333333,450.0,2873360.0,52561300.0,True
Brunswick,Brunswick_orig_1500ms_V2.hdf5,676,1625289,1628588,3299,2626,673,0.7959987875113671,40.0,1252.0,526.038842345773,480.0,2824700.0,52540290.0,True
Brunswick,Brunswick_orig_1500ms_V2.hdf5,677,1628588,1631887,3299,2987,312,0.9054258866323128,36.0,808.0,370.4800803481754,354.0,2852700.0,52552900.0,True
Brunswick,Brunswick_orig_1500ms_V2.hdf5,678,1631887,1635186,3299,2990,309,0.9063352531070021,24.0,942.0,388.67926421404684,356.0,2840730.0,52548690.0,True
Brunswick,Brunswick_orig_1500ms_V2.hdf5,679,1635186,1638485,3299,3017,282,0.9145195513792058,26.0,802.0,369.5747431223069,354.0,2852700.0,52552300.0,True
Brunswick,Brunswick_orig_1500ms_V2.hdf5,680,1638485,1641784,3299,3092,207,0.9372537132464384,34.0,940.0,394.25,362.0,2840730.0,52548090.0,True
Brunswick,Brunswick_orig_1500ms_V2.hdf5,682,1641784,1645083,3299,3164,135,0.9590785086389815,16.0,796.0,377.53034134007584,364.0,2852700.0,52551710.0,True
Brunswick,Brunswick_orig_1500ms_V2.hdf5,683,1645083,1648382,3299,3082,217,0.9342224916641406,24.0,1116.0,492.4691758598313,444.0,2868710.0,52559510.0,True
Brunswick,Brunswick_orig_1500ms_V2.hdf5,685,1648382,1651681,3299,2872,427,0.8705668384358897,24.0,1209.0,553.058495821727,526.0,2824700.0,52539090.0,True
Brunswick,Brunswick_orig_1500ms_V2.hdf5,686,1651681,1654980,3299,2675,624,0.8108517732646257,38.0,1123.0,473.0635514018692,414.0,2868710.0,52560120.0,True
Brunswick,Brunswick_orig_1500ms_V2.hdf5,688,1654980,1658279,3299,3190,109,0.9669596847529555,46.0,1130.0,508.1802507836991,464.0,2868710.0,52560720.0,True
Brunswick,Brunswick_orig_1500ms_V2.hdf5,689,1658279,1661578,3299,3193,106,0.9678690512276448,34.0,1139.0,511.157532101472,468.0,2868710.0,52561310.0,True
Brunswick,Brunswick_orig_1500ms_V2.hdf5,690,1661578,1664877,3299,3163,136,0.9587753864807518,20.0,969.0,404.83370218147326,370.0,2840730.0,52546300.0,True
Brunswick,Brunswick_orig_1500ms_V2.hdf5,691,1664877,1668176,3299,3111,188,0.9430130342528039,18.0,870.0,385.25136612021856,360.0,2856700.0,52553510.0,True
Brunswick,Brunswick_orig_1500ms_V2.hdf5,692,1668176,1671475,3299,3087,212,0.9357381024552894,20.0,1133.0,502.830579850988,460.0,2868710.0,52561920.0,True
Brunswick,Brunswick_orig_1500ms_V2.hdf5,693,1671475,1674774,3299,3078,221,0.9330100030312216,24.0,878.0,385.3408057179987,358.0,2856700.0,52554100.0,True
Brunswick,Brunswick_orig_1500ms_V2.hdf5,694,1674774,1678073,3299,2940,359,0.8911791451955138,20.0,1198.0,502.7190476190476,459.0,2828720.0,52540870.0,True
Brunswick,Brunswick_orig_1500ms_V2.hdf5,695,1678073,1681372,3299,3080,219,0.9336162473476811,36.0,878.0,386.35876623376623,359.0,2856700.0,52554700.0,True
Brunswick,Brunswick_orig_1500ms_V2.hdf5,696,1681372,1684671,3299,2877,422,0.8720824492270385,32.0,1124.0,492.9367396593674,452.0,2828720.0,52541470.0,True
Brunswick,Brunswick_orig_1500ms_V2.hdf5,698,1684671,1687970,3299,3069,230,0.9302819036071537,18.0,1043.0,423.56663408276313,364.0,2836680.0,52544490.0,True
Brunswick,Brunswick_orig_1500ms_V2.hdf5,699,1687970,1691269,3299,2872,427,0.8705668384358897,22.0,1058.0,441.22214484679665,384.0,2864700.0,52560110.0,True
Brunswick,Brunswick_orig_1500ms_V2.hdf5,700,1691269,1694568,3299,2911,388,0.8823886026068506,42.0,1140.0,486.2878735829612,442.0,2828720.0,52542070.0,True
Brunswick,Brunswick_orig_1500ms_V2.hdf5,701,1694568,1697867,3299,3193,106,0.9678690512276448,26.0,904.0,396.571562793611,366.0,2856700.0,52555900.0,True
Brunswick,Brunswick_orig_1500ms_V2.hdf5,702,1697867,1701166,3299,3062,237,0.9281600484995454,32.0,1056.0,451.50195950359245,392.0,2864690.0,52559500.0,True
Brunswick,Brunswick_orig_1500ms_V2.hdf5,703,1701166,1704465,3299,3129,170,0.9484692331009397,26.0,1039.0,424.14669223394054,366.0,2836680.0,52545090.0,True
Brunswick,Brunswick_orig_1500ms_V2.hdf5,704,1704465,1707764,3299,2969,330,0.8999696877841771,30.0,1174.0,492.9077130346918,446.0,2828720.0,52542670.0,True
Brunswick,Brunswick_orig_1500ms_V2.hdf5,705,1707764,1711063,3299,3154,145,0.9560472870566838,14.0,904.0,394.12301838934684,364.0,2856700.0,52556500.0,True
Brunswick,Brunswick_orig_1500ms_V2.hdf5,706,1711063,1714362,3299,3039,260,0.9211882388602607,44.0,1051.0,448.12109246462654,386.0,2864700.0,52558910.0,True
Brunswick,Brunswick_orig_1500ms_V2.hdf5,707,1714362,1717661,3299,3145,154,0.9533191876326159,36.0,1034.0,424.520826709062,370.0,2836680.0,52545690.0,True
Brunswick,Brunswick_orig_1500ms_V2.hdf5,708,1717661,1720960,3299,2953,346,0.8951197332525007,40.0,1045.0,441.1561124280393,384.0,2864690.0,52558300.0,True
Brunswick,Brunswick_orig_1500ms_V2.hdf5,709,1720960,1724259,3299,2944,355,0.8923916338284329,20.0,1141.0,485.13620923913044,440.0,2828720.0,52543270.0,True
Brunswick,Brunswick_orig_1500ms_V2.hdf5,710,1724259,1727558,3299,3114,185,0.9439224007274932,30.0,1040.0,449.35998715478485,394.0,2864700.0,52557710.0,True
Brunswick,Brunswick_orig_1500ms_V2.hdf5,711,1727558,1730857,3299,3171,128,0.9612003637465899,30.0,1025.0,424.86975717439293,372.0,2836680.0,52546290.0,True
Brunswick,Brunswick_orig_1500ms_V2.hdf5,712,1730857,1734156,3299,3207,92,0.9721127614428615,20.0,982.0,426.41191144371686,372.0,2860710.0,52558300.0,True
Brunswick,Brunswick_orig_1500ms_V2.hdf5,713,1734156,1737455,3299,3170,129,0.9608972415883601,32.0,978.0,421.97413249211354,368.0,2860710.0,52557710.0,True
Brunswick,Brunswick_orig_1500ms_V2.hdf5,714,1737455,1740754,3299,2989,310,0.9060321309487723,22.0,1017.0,407.5409836065574,356.0,2836680.0,52546890.0,True
Brunswick,Brunswick_orig_1500ms_V2.hdf5,715,1740754,1744053,3299,3221,78,0.9763564716580782,44.0,964.0,425.58429059298356,374.0,2860720.0,52557100.0,True
Brunswick,Brunswick_orig_1500ms_V2.hdf5,716,1744053,1747352,3299,3206,93,0.9718096392846317,36.0,958.0,422.1759201497193,372.0,2860720.0,52556510.0,True
Brunswick,Brunswick_orig_1500ms_V2.hdf5,717,1747352,1750651,3299,3222,77,0.976659593816308,24.0,956.0,421.75698324022346,374.0,2860720.0,52555900.0,True
Brunswick,Brunswick_orig_1500ms_V2.hdf5,718,1750651,1753950,3299,2660,639,0.8063049408911791,42.0,1111.0,424.0672932330827,356.0,2832740.0,52543880.0,True
Brunswick,Brunswick_orig_1500ms_V2.hdf5,719,1753950,1757249,3299,3040,259,0.9214913610184905,20.0,1122.0,460.81677631578947,400.0,2832740.0,52542680.0,True
Brunswick,Brunswick_orig_1500ms_V2.hdf5,720,1757249,1760548,3299,2941,358,0.8914822673537436,32.0,1098.0,442.9333560013601,382.0,2832740.0,52544480.0,True
Brunswick,Brunswick_orig_1500ms_V2.hdf5,721,1760548,1763847,3299,3137,162,0.9508942103667778,32.0,1118.0,467.10902135798534,410.0,2832740.0,52543280.0,True
Brunswick,Brunswick_orig_1500ms_V2.hdf5,722,1763847,1767146,3299,3074,225,0.9317975143983025,22.0,1084.0,452.28659726740403,394.0,2832740.0,52545080.0,True
Brunswick,Brunswick_orig_1500ms_V2.hdf5,727,1767146,1770492,3346,2750,596,0.8218768679019725,32.0,1001.0,400.91345454545456,346.0,2860520.0,52560740.0,True
Brunswick,Brunswick_orig_1500ms_V2.hdf5,731,1770492,1773838,3346,2441,905,0.7295277943813508,26.0,1330.0,577.2294141745186,540.0,2820700.0,52542580.0,True
Brunswick,Brunswick_orig_1500ms_V2.hdf5,734,1773838,1777184,3346,2869,477,0.8574417214584579,20.0,960.0,407.20808644126873,357.0,2860710.0,52558900.0,True
Brunswick,Brunswick_orig_1500ms_V2.hdf5,735,1777184,1780530,3346,2391,955,0.714584578601315,36.0,1338.0,581.7109995817649,540.0,2820700.0,52542090.0,True
Brunswick,Brunswick_orig_1500ms_V2.hdf5,736,1780530,1783876,3346,2334,1012,0.6975493126120741,28.0,1265.0,565.2604970008568,518.0,2876720.0,52566710.0,True
Brunswick,Brunswick_orig_1500ms_V2.hdf5,737,1783876,1787222,3346,2726,620,0.8147041243275552,20.0,854.0,371.5304475421864,356.0,2844700.0,52554100.0,True
Brunswick,Brunswick_orig_1500ms_V2.hdf5,738,1787222,1790568,3346,1814,1532,0.5421398684997011,42.0,1344.0,482.8583241455347,438.0,2820700.0,52541490.0,True
Brunswick,Brunswick_orig_1500ms_V2.hdf5,739,1790568,1793914,3346,2742,604,0.8194859533771668,38.0,1283.0,600.7983223924143,569.0,2876720.0,52567310.0,True
Brunswick,Brunswick_orig_1500ms_V2.hdf5,740,1793914,1797260,3346,2483,863,0.742080095636581,30.0,1349.0,571.6705598066854,532.0,2820700.0,52540900.0,True
Brunswick,Brunswick_orig_1500ms_V2.hdf5,741,1797260,1800606,3346,3177,169,0.9494919306634788,28.0,867.0,383.61882278879443,368.0,2844700.0,52553550.0,True
Brunswick,Brunswick_orig_1500ms_V2.hdf5,742,1800606,1803952,3346,3136,210,0.9372384937238494,20.0,898.0,394.50223214285717,368.0,2856700.0,52557100.0,True
Brunswick,Brunswick_orig_1500ms_V2.hdf5,743,1803952,1807298,3346,2698,648,0.8063359234907352,36.0,1300.0,593.8951074870274,566.0,2876710.0,52567910.0,True
Brunswick,Brunswick_orig_1500ms_V2.hdf5,744,1807298,1810644,3346,2562,784,0.7656903765690377,22.0,1358.0,575.4266198282592,546.0,2820700.0,52540300.0,True
Brunswick,Brunswick_orig_1500ms_V2.hdf5,745,1810644,1813990,3346,2715,631,0.8114166168559473,26.0,1306.0,600.4828729281768,564.0,2876710.0,52568510.0,True
Brunswick,Brunswick_orig_1500ms_V2.hdf5,746,1813990,1817336,3346,3189,157,0.9530783024506874,30.0,910.0,397.26685481342116,368.0,2856700.0,52557710.0,True
Brunswick,Brunswick_orig_1500ms_V2.hdf5,747,1817336,1820682,3346,3218,128,0.9617453676031081,40.0,866.0,385.8293971410814,368.0,2844700.0,52552900.0,True
Brunswick,Brunswick_orig_1500ms_V2.hdf5,748,1820682,1824028,3346,2610,736,0.780035863717872,16.0,1309.0,597.055938697318,562.0,2876710.0,52569110.0,True
Brunswick,Brunswick_orig_1500ms_V2.hdf5,749,1824028,1827374,3346,3029,317,0.9052600119545726,40.0,902.0,388.1360184879498,356.0,2856700.0,52558310.0,True
Brunswick,Brunswick_orig_1500ms_V2.hdf5,750,1827374,1830720,3346,3097,249,0.9255827854154214,32.0,876.0,383.2021310946077,366.0,2844710.0,52552250.0,True
Brunswick,Brunswick_orig_1500ms_V2.hdf5,751,1830720,1834066,3346,3117,229,0.9315600717274357,32.0,912.0,394.1690728264357,362.0,2856700.0,52558910.0,True
Brunswick,Brunswick_orig_1500ms_V2.hdf5,752,1834066,1837412,3346,3085,261,0.9219964136282128,24.0,885.0,379.98606158833064,360.0,2844710.0,52551700.0,True
Brunswick,Brunswick_orig_1500ms_V2.hdf5,753,1837412,1840758,3346,3171,175,0.9476987447698745,20.0,932.0,399.20056764427625,366.0,2856700.0,52559500.0,True
Brunswick,Brunswick_orig_1500ms_V2.hdf5,758,1840758,1844104,3346,2323,1023,0.6942618051404662,20.0,1231.0,531.5195867412829,482.0,2873960.0,52564900.0,True
Brunswick,Brunswick_orig_1500ms_V2.hdf5,759,1844104,1847450,3346,2332,1014,0.6969515839808726,28.0,1221.0,532.978987993139,480.0,2873930.0,52565530.0,True
Brunswick,Brunswick_orig_1500ms_V2.hdf5,760,1847450,1850796,3346,2493,853,0.7450687387925882,38.0,1244.0,547.2041716807059,502.0,2873910.0,52566120.0,True
Brunswick,Brunswick_orig_1500ms_V2.hdf5,761,1850796,1854142,3346,2579,767,0.7707710699342498,36.0,1250.0,559.3877471888329,516.0,2873900.0,52566710.0,True
Brunswick,Brunswick_orig_1500ms_V2.hdf5,762,1854142,1857488,3346,2970,376,0.8876270173341303,16.0,939.0,388.8973063973064,358.0,2840720.0,52552290.0,True
Brunswick,Brunswick_orig_1500ms_V2.hdf5,764,1857488,1860834,3346,3107,239,0.9285714285714286,20.0,828.0,382.75088509816544,364.0,2852700.0,52555300.0,True
Brunswick,Brunswick_orig_1500ms_V2.hdf5,765,1860834,1864180,3346,1995,1351,0.5962343096234309,20.0,1214.0,510.0671679197995,448.0,2873910.0,52567920.0,True
Brunswick,Brunswick_orig_1500ms_V2.hdf5,767,1864180,1867526,3346,3013,333,0.9004781829049612,32.0,836.0,379.4955194158646,361.0,2852700.0,52555900.0,True
Brunswick,Brunswick_orig_1500ms_V2.hdf5,768,1867526,1870872,3346,2824,522,0.8439928272564255,38.0,903.0,382.3356940509915,348.0,2840720.0,52551090.0,True
Brunswick,Brunswick_orig_1500ms_V2.hdf5,769,1870872,1874218,3346,2776,570,0.8296473401075911,42.0,847.0,380.3061959654179,362.0,2852700.0,52556500.0,True
Brunswick,Brunswick_orig_1500ms_V2.hdf5,770,1874218,1877564,3346,2868,478,0.8571428571428571,36.0,957.0,391.3029986052999,354.0,2840720.0,52550500.0,True
Brunswick,Brunswick_orig_1500ms_V2.hdf5,771,1877564,1880910,3346,2971,375,0.8879258816497311,28.0,854.0,377.8475260854931,358.0,2852700.0,52557100.0,True
Brunswick,Brunswick_orig_1500ms_V2.hdf5,772,1880910,1884256,3346,2965,381,0.8861326957561267,26.0,930.0,391.54806070826305,358.0,2840720.0,52549900.0,True
Brunswick,Brunswick_orig_1500ms_V2.hdf5,773,1884256,1887602,3346,2751,595,0.8221757322175732,16.0,853.0,373.3027989821883,354.0,2852700.0,52557860.0,True
Brunswick,Brunswick_orig_1500ms_V2.hdf5,774,1887602,1890948,3346,2767,579,0.8269575612671847,20.0,1171.0,500.711962414167,444.0,2868710.0,52565510.0,True
Brunswick,Brunswick_orig_1500ms_V2.hdf5,775,1890948,1894294,3346,2500,846,0.7471607890017932,22.0,1182.0,511.862,456.0,2824700.0,52544490.0,True
Brunswick,Brunswick_orig_1500ms_V2.hdf5,776,1894294,1897640,3346,2887,459,0.8628212791392708,28.0,1170.0,501.8818843089712,448.0,2868710.0,52564920.0,True
Brunswick,Brunswick_orig_1500ms_V2.hdf5,777,1897640,1900986,3346,2940,406,0.8786610878661087,16.0,973.0,399.92755102040815,362.0,2840720.0,52549300.0,True
Brunswick,Brunswick_orig_1500ms_V2.hdf5,778,1900986,1904332,3346,2465,881,0.7367005379557681,32.0,1260.0,515.7002028397566,458.0,2824700.0,52543890.0,True
Brunswick,Brunswick_orig_1500ms_V2.hdf5,779,1904332,1907678,3346,2746,600,0.8206814106395697,40.0,1158.0,483.7410779315368,426.0,2868710.0,52564310.0,True
Brunswick,Brunswick_orig_1500ms_V2.hdf5,780,1907678,1911024,3346,2300,1046,0.6873879258816498,40.0,1264.0,496.5604347826087,433.0,2824700.0,52543290.0,True
Brunswick,Brunswick_orig_1500ms_V2.hdf5,781,1911024,1914370,3346,2792,554,0.8344291691572027,40.0,1164.0,485.24462750716333,431.0,2868710.0,52563720.0,True
Brunswick,Brunswick_orig_1500ms_V2.hdf5,782,1914370,1917716,3346,2391,955,0.714584578601315,32.0,1272.0,522.4249268088665,470.0,2824700.0,52542690.0,True
Brunswick,Brunswick_orig_1500ms_V2.hdf5,783,1917716,1921062,3346,2855,491,0.8532576210400478,28.0,1151.0,481.38704028021016,430.0,2868710.0,52563120.0,True
Brunswick,Brunswick_orig_1500ms_V2.hdf5,784,1921062,1924408,3346,2540,806,0.7591153616258218,20.0,1279.0,550.0728346456693,497.0,2824700.0,52542100.0,True
Brunswick,Brunswick_orig_1500ms_V2.hdf5,785,1924408,1927754,3346,2912,434,0.8702928870292888,16.0,1143.0,488.30494505494505,435.0,2868710.0,52562510.0,True
Brunswick,Brunswick_orig_1500ms_V2.hdf5,786,1927754,1931100,3346,2722,624,0.8135086670651525,18.0,1004.0,407.75128581925054,352.0,2836690.0,52547490.0,True
Brunswick,Brunswick_orig_1500ms_V2.hdf5,787,1931100,1934446,3346,2738,608,0.8182904961147639,20.0,782.0,362.92585829072317,352.0,2848710.0,52555700.0,True
Brunswick,Brunswick_orig_1500ms_V2.hdf5,788,1934446,1937792,3346,2955,391,0.8831440526001195,28.0,781.0,371.1218274111675,360.0,2848710.0,52555300.0,True
Brunswick,Brunswick_orig_1500ms_V2.hdf5,789,1937792,1941138,3346,2615,731,0.7815301852958757,30.0,1000.0,404.8397705544933,352.0,2836690.0,52548090.0,True
Brunswick,Brunswick_orig_1500ms_V2.hdf5,791,1941138,1944484,3346,2737,609,0.8179916317991632,24.0,1042.0,420.4472049689441,364.0,2864690.0,52560610.0,True
Brunswick,Brunswick_orig_1500ms_V2.hdf5,792,1944484,1947830,3346,2856,490,0.8535564853556485,34.0,804.0,370.44642857142856,358.0,2848710.0,52554100.0,True
Brunswick,Brunswick_orig_1500ms_V2.hdf5,793,1947830,1951176,3346,2762,584,0.8254632396891811,32.0,1055.0,426.39246922519914,364.0,2864700.0,52561260.0,True
Brunswick,Brunswick_orig_1500ms_V2.hdf5,794,1951176,1954522,3346,3003,343,0.897489539748954,38.0,1028.0,415.4775224775225,362.0,2836690.0,52548690.0,True
Brunswick,Brunswick_orig_1500ms_V2.hdf5,795,1954522,1957868,3346,2966,380,0.8864315600717274,22.0,810.0,371.13924477410654,360.0,2848710.0,52553500.0,True
Brunswick,Brunswick_orig_1500ms_V2.hdf5,796,1957868,1961214,3346,2806,540,0.8386132695756127,42.0,1040.0,436.3524590163934,370.0,2864700.0,52562010.0,True
Brunswick,Brunswick_orig_1500ms_V2.hdf5,797,1961214,1964560,3346,2747,599,0.8209802749551703,44.0,993.0,406.2952311612668,354.0,2836690.0,52549060.0,True
Brunswick,Brunswick_orig_1500ms_V2.hdf5,798,1964560,1967906,3346,2701,645,0.8072325164375374,16.0,1153.0,487.1321732691596,430.0,2828720.0,52543870.0,True
Brunswick,Brunswick_orig_1500ms_V2.hdf5,799,1967906,1971252,3346,2802,544,0.8374178123132098,32.0,1072.0,437.48394004282653,368.0,2864690.0,52562510.0,True
Brunswick,Brunswick_orig_1500ms_V2.hdf5,800,1971252,1974598,3346,2637,709,0.7881052002390915,28.0,1170.0,485.9992415623815,420.0,2828720.0,52544470.0,True
Brunswick,Brunswick_orig_1500ms_V2.hdf5,801,1974598,1977944,3346,2948,398,0.8810520023909145,24.0,1085.0,452.2822252374491,382.0,2864700.0,52563110.0,True
Brunswick,Brunswick_orig_1500ms_V2.hdf5,803,1977944,1981290,3346,2674,672,0.799163179916318,40.0,1151.0,477.1742707554226,412.0,2828720.0,52545070.0,True
Brunswick,Brunswick_orig_1500ms_V2.hdf5,804,1981290,1984636,3346,2988,358,0.8930065750149432,26.0,1018.0,413.4273761713521,360.0,2836690.0,52549890.0,True
Brunswick,Brunswick_orig_1500ms_V2.hdf5,805,1984636,1987982,3346,2747,599,0.8209802749551703,36.0,1190.0,478.15034583181654,418.0,2828720.0,52545670.0,True
Brunswick,Brunswick_orig_1500ms_V2.hdf5,806,1987982,1991328,3346,2811,535,0.8401075911536162,18.0,971.0,401.2205620775525,354.0,2836690.0,52550490.0,True
Brunswick,Brunswick_orig_1500ms_V2.hdf5,807,1991328,1994674,3346,2642,704,0.789599521817095,26.0,1137.0,485.7997728993187,424.0,2828720.0,52546280.0,True
Brunswick,Brunswick_orig_1500ms_V2.hdf5,808,1994674,1998020,3346,2697,649,0.8060370591751345,18.0,1054.0,422.4367816091954,362.0,2832730.0,52548690.0,True
Brunswick,Brunswick_orig_1500ms_V2.hdf5,809,1998020,2001366,3346,2775,571,0.8293484757919904,24.0,1084.0,432.1257657657658,368.0,2832730.0,52548090.0,True
Brunswick,Brunswick_orig_1500ms_V2.hdf5,810,2001366,2004712,3346,2741,605,0.819187089061566,34.0,1065.0,428.0459686245896,366.0,2832730.0,52547480.0,True
Brunswick,Brunswick_orig_1500ms_V2.hdf5,811,2004712,2008058,3346,2706,640,0.8087268380155409,36.0,1062.0,426.4408721359941,362.0,2832730.0,52546890.0,True
Brunswick,Brunswick_orig_1500ms_V2.hdf5,812,2008058,2011404,3346,2589,757,0.773759713090257,26.0,1083.0,418.5909617612978,352.0,2832730.0,52546280.0,True
Brunswick,Brunswick_orig_1500ms_V2.hdf5,813,2011404,2014750,3346,2519,827,0.7528392109982068,16.0,1045.0,419.4215958713775,348.0,2832730.0,52545680.0,True
Brunswick,Brunswick_orig_1500ms_V2.hdf5,814,2014750,2018104,3354,2764,590,0.8240906380441264,14.0,1086.0,426.59406657018815,369.0,2864690.0,52563710.0,True
Brunswick,Brunswick_orig_1500ms_V2.hdf5,815,2018104,2021458,3354,2745,609,0.8184257602862254,24.0,1043.0,402.7617486338798,344.0,2836690.0,52551090.0,True
Brunswick,Brunswick_orig_1500ms_V2.hdf5,816,2021458,2024812,3354,2843,511,0.847644603458557,26.0,1128.0,440.31023566654943,378.0,2832730.0,52549290.0,True
Brunswick,Brunswick_orig_1500ms_V2.hdf5,817,2024812,2028166,3354,2799,555,0.8345259391771019,24.0,1090.0,435.0789567702751,370.0,2864700.0,52564310.0,True
Brunswick,Brunswick_orig_1500ms_V2.hdf5,818,2028166,2031520,3354,2752,602,0.8205128205128205,16.0,784.0,368.9669331395349,356.0,2848710.0,52556350.0,True
Brunswick,Brunswick_orig_1500ms_V2.hdf5,819,2031520,2034874,3354,2837,517,0.845855694692904,34.0,1043.0,406.5361297144871,350.0,2836690.0,52551690.0,True
Brunswick,Brunswick_orig_1500ms_V2.hdf5,821,2034874,2038228,3354,2680,674,0.7990459153249851,36.0,1119.0,438.7055970149254,375.0,2832730.0,52549890.0,True
Brunswick,Brunswick_orig_1500ms_V2.hdf5,822,2038228,2041582,3354,2705,649,0.806499701848539,42.0,1039.0,404.90277264325323,346.0,2836700.0,52552290.0,True
Brunswick,Brunswick_orig_1500ms_V2.hdf5,823,2041582,2044936,3354,2817,537,0.8398926654740608,36.0,1106.0,436.6719914802982,368.0,2864690.0,52565510.0,True
Brunswick,Brunswick_orig_1500ms_V2.hdf5,824,2044936,2048290,3354,2987,367,0.8905784138342278,24.0,811.0,373.21627050552394,362.0,2848710.0,52556900.0,True
Brunswick,Brunswick_orig_1500ms_V2.hdf5,825,2048290,2051644,3354,2686,668,0.800834824090638,40.0,1114.0,441.5498883097543,375.0,2832720.0,52550490.0,True
Brunswick,Brunswick_orig_1500ms_V2.hdf5,826,2051644,2054998,3354,2636,718,0.7859272510435301,24.0,1072.0,427.54438543247346,356.0,2864700.0,52566110.0,True
Brunswick,Brunswick_orig_1500ms_V2.hdf5,827,2054998,2058352,3354,2857,497,0.8518187239117472,30.0,1024.0,412.13580679033953,356.0,2836700.0,52552890.0,True
Brunswick,Brunswick_orig_1500ms_V2.hdf5,828,2058352,2061706,3354,3099,255,0.9239713774597496,20.0,1011.0,413.95514682155533,366.0,2836700.0,52553490.0,True
Brunswick,Brunswick_orig_1500ms_V2.hdf5,829,2061706,2065060,3354,3083,271,0.9192009540846751,16.0,1118.0,455.5167045085955,394.0,2864700.0,52566710.0,True
Brunswick,Brunswick_orig_1500ms_V2.hdf5,831,2065060,2068414,3354,3210,144,0.9570661896243292,40.0,800.0,378.592523364486,370.0,2848710.0,52557700.0,True
Brunswick,Brunswick_orig_1500ms_V2.hdf5,832,2068414,2071768,3354,3264,90,0.9731663685152058,26.0,1101.0,469.04963235294116,418.0,2832720.0,52551690.0,True
Brunswick,Brunswick_orig_1500ms_V2.hdf5,833,2071768,2075122,3354,3106,248,0.9260584376863447,20.0,1048.0,424.93882807469413,368.0,2860700.0,52564900.0,True
Brunswick,Brunswick_orig_1500ms_V2.hdf5,834,2075122,2078476,3354,3170,184,0.9451401311866429,32.0,804.0,377.88170347003154,368.0,2848710.0,52558300.0,True
Brunswick,Brunswick_orig_1500ms_V2.hdf5,835,2078476,2081830,3354,3199,155,0.9537865235539654,28.0,1030.0,426.68052516411376,372.0,2860700.0,52564310.0,True
Brunswick,Brunswick_orig_1500ms_V2.hdf5,836,2081830,2085184,3354,3218,136,0.9594514013118665,24.0,814.0,380.12399005593534,370.0,2848710.0,52558900.0,True
Brunswick,Brunswick_orig_1500ms_V2.hdf5,837,2085184,2088538,3354,3110,244,0.9272510435301133,40.0,1034.0,423.5585209003215,368.0,2860700.0,52563710.0,True
Brunswick,Brunswick_orig_1500ms_V2.hdf5,838,2088538,2091892,3354,3262,92,0.9725700655933214,44.0,1028.0,433.03648068669526,380.0,2860700.0,52563110.0,True
Brunswick,Brunswick_orig_1500ms_V2.hdf5,840,2091892,2095246,3354,3143,211,0.9370900417412046,18.0,1012.0,418.37448297804644,368.0,2860710.0,52561910.0,True
Brunswick,Brunswick_orig_1500ms_V2.hdf5,845,2095246,2098600,3354,3101,253,0.9245676803816338,16.0,930.0,385.50467591099647,360.0,2856700.0,52560110.0,True
Brunswick,Brunswick_orig_1500ms_V2.hdf5,846,2098600,2101954,3354,2897,457,0.8637447823494335,20.0,1187.0,497.7587159130135,436.0,2868710.0,52568510.0,True
Brunswick,Brunswick_orig_1500ms_V2.hdf5,847,2101954,2105308,3354,3145,209,0.9376863446630889,26.0,936.0,390.87090620031796,362.0,2856740.0,52560700.0,True
Brunswick,Brunswick_orig_1500ms_V2.hdf5,848,2105308,2108662,3354,3007,347,0.8965414430530709,32.0,1185.0,496.6065846358497,446.0,2868710.0,52567910.0,True
Brunswick,Brunswick_orig_1500ms_V2.hdf5,849,2108662,2112016,3354,3140,214,0.936195587358378,22.0,856.0,378.66942675159237,366.0,2844700.0,52557000.0,True
Brunswick,Brunswick_orig_1500ms_V2.hdf5,850,2112016,2115370,3354,3133,221,0.9341085271317829,38.0,940.0,393.63102457708266,362.0,2856700.0,52561310.0,True
Brunswick,Brunswick_orig_1500ms_V2.hdf5,851,2115370,2118724,3354,3053,301,0.9102564102564102,44.0,1178.0,498.4412053717655,448.0,2868710.0,52567320.0,True
Brunswick,Brunswick_orig_1500ms_V2.hdf5,852,2118724,2122078,3354,3059,295,0.9120453190220632,32.0,868.0,376.1059169663289,362.0,2844700.0,52556500.0,True
Brunswick,Brunswick_orig_1500ms_V2.hdf5,853,2122078,2125432,3354,3042,312,0.9069767441860465,32.0,1175.0,494.61012491781725,444.0,2868710.0,52566720.0,True
Brunswick,Brunswick_orig_1500ms_V2.hdf5,854,2125432,2128786,3354,3069,285,0.9150268336314848,34.0,950.0,391.96741609644835,360.0,2856700.0,52562040.0,True
Brunswick,Brunswick_orig_1500ms_V2.hdf5,856,2128786,2132140,3354,3027,327,0.9025044722719141,22.0,1171.0,492.67657746944167,442.0,2868710.0,52566120.0,True
Brunswick,Brunswick_orig_1500ms_V2.hdf5,857,2132140,2135494,3354,2944,410,0.877757901013715,26.0,964.0,389.3539402173913,354.0,2856700.0,52562500.0,True
Brunswick,Brunswick_orig_1500ms_V2.hdf5,858,2135494,2138848,3354,3177,177,0.947227191413238,32.0,877.0,383.9071451054454,368.0,2844700.0,52555300.0,True
Brunswick,Brunswick_orig_1500ms_V2.hdf5,859,2138848,2142202,3354,3057,297,0.9114490161001789,22.0,960.0,391.6440955184822,360.0,2856700.0,52563100.0,True
Brunswick,Brunswick_orig_1500ms_V2.hdf5,860,2142202,2145556,3354,3153,201,0.9400715563506261,20.0,889.0,385.81477957500795,368.0,2844700.0,52554700.0,True
Brunswick,Brunswick_orig_1500ms_V2.hdf5,861,2145556,2148910,3354,1977,1377,0.5894454382826476,26.0,1248.0,488.89529590288316,424.0,2873940.0,52568520.0,True
Brunswick,Brunswick_orig_1500ms_V2.hdf5,862,2148910,2152264,3354,2832,522,0.8443649373881932,36.0,1273.0,558.8919491525423,518.0,2873970.0,52569100.0,True
Brunswick,Brunswick_orig_1500ms_V2.hdf5,863,2152264,2155618,3354,2903,451,0.8655336911150865,42.0,1281.0,562.5091284877712,526.0,2873980.0,52569720.0,True
Brunswick,Brunswick_orig_1500ms_V2.hdf5,864,2155618,2158972,3354,3112,242,0.9278473464519976,22.0,882.0,378.9842544987147,360.0,2852700.0,52560710.0,True
Brunswick,Brunswick_orig_1500ms_V2.hdf5,867,2158972,2162326,3354,3017,337,0.8995229576624926,20.0,953.0,386.11899237653296,354.0,2840720.0,52552890.0,True
Brunswick,Brunswick_orig_1500ms_V2.hdf5,868,2162326,2165680,3354,2616,738,0.7799642218246869,22.0,1269.0,543.2675840978593,500.0,2873940.0,52570940.0,True
Brunswick,Brunswick_orig_1500ms_V2.hdf5,869,2165680,2169034,3354,3029,325,0.9031007751937985,36.0,868.0,373.7880488610102,356.0,2852700.0,52559500.0,True
Brunswick,Brunswick_orig_1500ms_V2.hdf5,870,2169034,2172388,3354,3009,345,0.8971377459749553,30.0,862.0,376.07710202725156,358.0,2852700.0,52558910.0,True
Brunswick,Brunswick_orig_1500ms_V2.hdf5,872,2172388,2175742,3354,3138,216,0.9355992844364938,16.0,854.0,378.8540471637986,364.0,2852700.0,52558300.0,True
Brunswick,Brunswick_orig_1500ms_V2.hdf5,873,2175742,2179096,3354,3060,294,0.9123434704830053,42.0,954.0,394.78333333333336,360.0,2840720.0,52554100.0,True
Brunswick,Brunswick_orig_1500ms_V2.hdf5,874,2179096,2182450,3354,2751,603,0.8202146690518783,20.0,1346.0,604.7746274082152,572.0,2876700.0,52572110.0,True
Brunswick,Brunswick_orig_1500ms_V2.hdf5,875,2182450,2185804,3354,3162,192,0.9427549194991055,32.0,936.0,395.28842504743835,364.0,2840710.0,52554690.0,True
Brunswick,Brunswick_orig_1500ms_V2.hdf5,877,2185804,2189158,3354,2687,667,0.8011329755515803,32.0,1330.0,592.8209899516189,552.0,2876710.0,52571510.0,True
Brunswick,Brunswick_orig_1500ms_V2.hdf5,878,2189158,2192512,3354,2399,955,0.7152653548002386,18.0,1237.0,564.325552313464,518.0,2820700.0,52546300.0,True
Brunswick,Brunswick_orig_1500ms_V2.hdf5,879,2192512,2195866,3354,3187,167,0.9502087060226595,20.0,928.0,396.93693128333854,366.0,2840710.0,52555290.0,True
Brunswick,Brunswick_orig_1500ms_V2.hdf5,881,2195866,2199220,3354,2686,668,0.800834824090638,42.0,1329.0,596.445644080417,558.0,2876710.0,52570910.0,True
Brunswick,Brunswick_orig_1500ms_V2.hdf5,882,2199220,2202574,3354,2604,750,0.776386404293381,28.0,1296.0,580.4938556067589,538.0,2820700.0,52545690.0,True
Brunswick,Brunswick_orig_1500ms_V2.hdf5,883,2202574,2205928,3354,2823,531,0.8416815742397138,36.0,1154.0,473.8823946156571,416.0,2828720.0,52548670.0,True
Brunswick,Brunswick_orig_1500ms_V2.hdf5,884,2205928,2209282,3354,2475,879,0.7379248658318426,36.0,1324.0,580.6585858585859,532.0,2876710.0,52570310.0,True
Brunswick,Brunswick_orig_1500ms_V2.hdf5,886,2209282,2212636,3354,2691,663,0.8023255813953488,36.0,1203.0,469.65254552211076,404.0,2828720.0,52548080.0,True
Brunswick,Brunswick_orig_1500ms_V2.hdf5,887,2212636,2215990,3354,2176,1178,0.6487775790101371,24.0,1301.0,549.8492647058823,481.0,2876710.0,52569710.0,True
Brunswick,Brunswick_orig_1500ms_V2.hdf5,888,2215990,2219344,3354,2619,735,0.7808586762075134,36.0,1299.0,587.9392898052691,544.0,2820700.0,52544500.0,True
Brunswick,Brunswick_orig_1500ms_V2.hdf5,889,2219344,2222698,3354,2874,480,0.8568872987477638,26.0,1160.0,488.0187891440501,434.0,2828720.0,52547470.0,True
Brunswick,Brunswick_orig_1500ms_V2.hdf5,890,2222698,2226052,3354,2676,678,0.7978533094812165,26.0,1296.0,592.9502989536621,560.0,2820700.0,52543900.0,True
Brunswick,Brunswick_orig_1500ms_V2.hdf5,891,2226052,2229406,3354,2842,512,0.8473464519976148,20.0,1213.0,488.9173117522871,432.0,2828730.0,52546870.0,True
Brunswick,Brunswick_orig_1500ms_V2.hdf5,892,2229406,2232760,3354,2531,823,0.7546213476446034,22.0,1283.0,581.0150138285263,542.0,2820700.0,52543290.0,True
Brunswick,Brunswick_orig_1500ms_V2.hdf5,894,2232760,2236114,3354,2537,817,0.7564102564102564,24.0,1198.0,508.5427670476941,456.0,2824700.0,52545690.0,True
Brunswick,Brunswick_orig_1500ms_V2.hdf5,895,2236114,2239468,3354,2271,1083,0.6771019677996423,34.0,1204.0,471.11712901805373,414.0,2824700.0,52546290.0,True
Brunswick,Brunswick_orig_1500ms_V2.hdf5,896,2239468,2242822,3354,2454,900,0.7316636851520573,34.0,1249.0,502.11735941320296,440.0,2824700.0,52546890.0,True
Brunswick,Brunswick_orig_1500ms_V2.hdf5,897,2242822,2246176,3354,2363,991,0.7045319022063208,30.0,1106.0,481.0338552687262,418.0,2824700.0,52547200.0,True
Brunswick,Brunswick_orig_1500ms_V2.hdf5,907,2246176,2249531,3355,2824,531,0.8417287630402385,22.0,1319.0,597.4475920679887,562.0,2876700.0,52572720.0,True
Brunswick,Brunswick_orig_1500ms_V2.hdf5,908,2249531,2252886,3355,2716,639,0.809538002980626,32.0,1328.0,590.2720913107511,552.5,2876700.0,52573310.0,True
Brunswick,Brunswick_orig_1500ms_V2.hdf5,909,2252886,2256241,3355,2706,649,0.8065573770491803,44.0,1330.0,590.8806356245381,562.0,2876700.0,52573910.0,True
Brunswick,Brunswick_orig_1500ms_V2.hdf5,910,2256241,2259596,3355,2831,524,0.8438152011922504,32.0,1328.0,598.5591663723065,576.0,2876700.0,52574510.0,True
Brunswick,Brunswick_orig_1500ms_V2.hdf5,911,2259596,2262951,3355,3279,76,0.9773472429210134,16.0,826.0,381.9353461421165,374.0,2848710.0,52559500.0,True
Brunswick,Brunswick_orig_1500ms_V2.hdf5,912,2262951,2266306,3355,2925,430,0.8718330849478391,18.0,1284.0,590.8379487179487,560.0,2820700.0,52549290.0,True
Brunswick,Brunswick_orig_1500ms_V2.hdf5,913,2266306,2269661,3355,2884,471,0.8596125186289121,20.0,1348.0,608.3918169209431,585.0,2876700.0,52575110.0,True
Brunswick,Brunswick_orig_1500ms_V2.hdf5,914,2269661,2273016,3355,3239,116,0.965424739195231,24.0,814.0,379.75517134918186,370.0,2848710.0,52560100.0,True
Brunswick,Brunswick_orig_1500ms_V2.hdf5,915,2273016,2276371,3355,3164,191,0.9430700447093889,38.0,800.0,377.5922882427307,368.0,2848710.0,52560700.0,True
Brunswick,Brunswick_orig_1500ms_V2.hdf5,916,2276371,2279726,3355,2832,523,0.844113263785395,32.0,1284.0,585.9099576271186,558.0,2820700.0,52548700.0,True
Brunswick,Brunswick_orig_1500ms_V2.hdf5,917,2279726,2283081,3355,3259,96,0.9713859910581222,36.0,802.0,380.82264498312367,370.0,2848710.0,52561300.0,True
Brunswick,Brunswick_orig_1500ms_V2.hdf5,918,2283081,2286436,3355,2736,619,0.8154992548435172,18.0,1230.0,579.6911549707602,547.0,2820700.0,52548100.0,True
Brunswick,Brunswick_orig_1500ms_V2.hdf5,919,2286436,2289791,3355,2877,478,0.8575260804769002,13.0,1313.0,598.5036496350365,570.0,2820700.0,52547500.0,True
Brunswick,Brunswick_orig_1500ms_V2.hdf5,920,2289791,2293146,3355,3238,117,0.9651266766020864,24.0,810.0,378.70228536133413,370.0,2848710.0,52561910.0,True
Brunswick,Brunswick_orig_1500ms_V2.hdf5,921,2293146,2296501,3355,3249,106,0.9684053651266766,16.0,888.0,388.7020621729763,372.0,2844700.0,52557700.0,True
Brunswick,Brunswick_orig_1500ms_V2.hdf5,922,2296501,2299856,3355,2794,561,0.8327868852459016,24.0,1284.0,599.011811023622,570.0,2820700.0,52546900.0,True
Brunswick,Brunswick_orig_1500ms_V2.hdf5,923,2299856,2303211,3355,3261,94,0.9719821162444113,14.0,818.0,380.8153940509046,372.0,2848710.0,52562500.0,True
Brunswick,Brunswick_orig_1500ms_V2.hdf5,924,2303211,2306566,3355,3222,133,0.9603576751117735,26.0,878.0,385.8693358162632,369.0,2844700.0,52558310.0,True
Brunswick,Brunswick_orig_1500ms_V2.hdf5,925,2306566,2309921,3355,2916,439,0.869150521609538,24.0,1269.0,557.889231824417,524.0,2873920.0,52571520.0,True
Brunswick,Brunswick_orig_1500ms_V2.hdf5,926,2309921,2313276,3355,3271,84,0.9749627421758569,38.0,893.0,387.8190155915622,370.0,2844700.0,52558900.0,True
Brunswick,Brunswick_orig_1500ms_V2.hdf5,927,2313276,2316631,3355,3006,349,0.8959761549925485,40.0,1261.0,550.8393213572855,514.0,2872700.0,52572110.0,True
Brunswick,Brunswick_orig_1500ms_V2.hdf5,928,2316631,2319986,3355,3243,112,0.9666169895678093,34.0,864.0,387.2192414431082,370.0,2844700.0,52559500.0,True
Brunswick,Brunswick_orig_1500ms_V2.hdf5,929,2319986,2323341,3355,2907,448,0.8664679582712369,32.0,1261.0,538.7117303061575,504.0,2872700.0,52572710.0,True
Brunswick,Brunswick_orig_1500ms_V2.hdf5,930,2323341,2326696,3355,2852,503,0.8500745156482862,24.0,1262.0,535.7208976157083,498.0,2824690.0,52548700.0,True
Brunswick,Brunswick_orig_1500ms_V2.hdf5,931,2326696,2330051,3355,3167,188,0.9439642324888227,24.0,814.0,380.0325228923271,366.0,2844700.0,52560100.0,True
Brunswick,Brunswick_orig_1500ms_V2.hdf5,933,2330051,2333406,3355,2910,445,0.8673621460506706,22.0,1266.0,543.9707903780069,510.0,2872700.0,52573310.0,True
Brunswick,Brunswick_orig_1500ms_V2.hdf5,934,2333406,2336761,3355,3167,188,0.9439642324888227,24.0,880.0,379.7069782128197,362.0,2852700.0,52563710.0,True
Brunswick,Brunswick_orig_1500ms_V2.hdf5,935,2336761,2340116,3355,3200,155,0.9538002980625931,18.0,848.0,383.6340625,368.0,2844700.0,52560700.0,True
Brunswick,Brunswick_orig_1500ms_V2.hdf5,936,2340116,2343471,3355,2813,542,0.8384500745156482,40.0,1240.0,528.6619267685745,486.0,2824690.0,52549890.0,True
Brunswick,Brunswick_orig_1500ms_V2.hdf5,937,2343471,2346826,3355,3060,295,0.9120715350223547,32.0,1245.0,550.8490196078432,514.5,2824690.0,52550500.0,True
Brunswick,Brunswick_orig_1500ms_V2.hdf5,938,2346826,2350181,3355,2901,454,0.8646795827123696,30.0,1188.0,530.1975180972079,492.0,2824690.0,52550810.0,True
Brunswick,Brunswick_orig_1500ms_V2.hdf5,939,2350181,2353536,3355,3198,157,0.953204172876304,34.0,876.0,381.5762976860538,366.0,2852700.0,52563110.0,True
Brunswick,Brunswick_orig_1500ms_V2.hdf5,940,2353536,2356891,3355,3093,262,0.9219076005961252,32.0,868.0,374.57872615583574,358.0,2852700.0,52562500.0,True
Brunswick,Brunswick_orig_1500ms_V2.hdf5,941,2356891,2360246,3355,2953,402,0.8801788375558868,22.0,1201.0,500.2194378598036,450.0,2869300.0,52571610.0,True
Brunswick,Brunswick_orig_1500ms_V2.hdf5,943,2360246,2363601,3355,3174,181,0.9460506706408346,24.0,858.0,379.20226843100187,364.0,2852700.0,52561900.0,True
Brunswick,Brunswick_orig_1500ms_V2.hdf5,944,2363601,2366956,3355,2925,430,0.8718330849478391,22.0,904.0,382.92273504273504,352.0,2840710.0,52558290.0,True
Brunswick,Brunswick_orig_1500ms_V2.hdf5,946,2366956,2370311,3355,2952,403,0.8798807749627422,36.0,1186.0,489.8221544715447,437.0,2868700.0,52570710.0,True
Brunswick,Brunswick_orig_1500ms_V2.hdf5,947,2370311,2373666,3355,2993,362,0.8921013412816692,20.0,1172.0,490.6384898095556,438.0,2828730.0,52552880.0,True
Brunswick,Brunswick_orig_1500ms_V2.hdf5,948,2373666,2377021,3355,3088,267,0.9204172876304024,18.0,855.0,374.9485103626943,362.0,2852700.0,52561310.0,True
Brunswick,Brunswick_orig_1500ms_V2.hdf5,949,2377021,2380376,3355,3137,218,0.9350223546944858,34.0,938.0,395.4995218361492,362.0,2840710.0,52557700.0,True
Brunswick,Brunswick_orig_1500ms_V2.hdf5,950,2380376,2383731,3355,2763,592,0.8235469448584203,40.0,1182.0,468.81686572566053,406.0,2868700.0,52570310.0,True
Brunswick,Brunswick_orig_1500ms_V2.hdf5,951,2383731,2387086,3355,2880,475,0.8584202682563339,30.0,1172.0,478.0072916666667,424.0,2828730.0,52552270.0,True
Brunswick,Brunswick_orig_1500ms_V2.hdf5,952,2387086,2390441,3355,2822,533,0.8411326378539493,28.0,1173.0,478.3628632175762,414.0,2868710.0,52569720.0,True
Brunswick,Brunswick_orig_1500ms_V2.hdf5,953,2390441,2393796,3355,3174,181,0.9460506706408346,38.0,924.0,397.67202268431004,364.0,2840710.0,52557100.0,True
Brunswick,Brunswick_orig_1500ms_V2.hdf5,954,2393796,2397151,3355,2758,597,0.8220566318926975,40.0,1175.0,462.34010152284264,408.0,2828730.0,52551670.0,True
Brunswick,Brunswick_orig_1500ms_V2.hdf5,955,2397151,2400506,3355,2762,593,0.8232488822652757,22.0,1164.0,468.2219406227371,408.0,2868710.0,52569110.0,True
Brunswick,Brunswick_orig_1500ms_V2.hdf5,956,2400506,2403861,3355,3226,129,0.9615499254843517,26.0,950.0,402.7789832610043,368.0,2840710.0,52556500.0,True
Brunswick,Brunswick_orig_1500ms_V2.hdf5,957,2403861,2406096,2235,2059,176,0.9212527964205817,26.0,930.0,383.1457017969888,346.0,2856700.0,52563710.0,True
Brunswick,Brunswick_orig_1500ms_V2.hdf5,958,2406096,2409451,3355,3039,316,0.9058122205663189,36.0,936.0,387.0095426127015,358.0,2856700.0,52564310.0,True
Brunswick,Brunswick_orig_1500ms_V2.hdf5,960,2409451,2412806,3355,3140,215,0.9359165424739195,40.0,950.0,395.390127388535,364.0,2856700.0,52564910.0,True
Brunswick,Brunswick_orig_1500ms_V2.hdf5,961,2412806,2416161,3355,2957,398,0.881371087928465,20.0,1200.0,491.8407169428475,440.0,2828720.0,52550480.0,True
Brunswick,Brunswick_orig_1500ms_V2.hdf5,962,2416161,2419516,3355,3110,245,0.9269746646795827,28.0,958.0,394.7363344051447,362.0,2856700.0,52565500.0,True
Brunswick,Brunswick_orig_1500ms_V2.hdf5,963,2419516,2422871,3355,3025,330,0.9016393442622951,20.0,1091.0,441.4942148760331,384.0,2864700.0,52567300.0,True
Brunswick,Brunswick_orig_1500ms_V2.hdf5,964,2422871,2426226,3355,3071,284,0.9153502235469448,16.0,958.0,396.60501465320743,360.0,2840710.0,52555900.0,True
Brunswick,Brunswick_orig_1500ms_V2.hdf5,965,2426226,2429581,3355,3136,219,0.9347242921013413,32.0,1099.0,451.1635841836735,394.0,2864700.0,52567910.0,True
Brunswick,Brunswick_orig_1500ms_V2.hdf5,966,2429581,2432936,3355,3132,223,0.933532041728763,40.0,1106.0,453.2742656449553,398.0,2864700.0,52568510.0,True
Brunswick,Brunswick_orig_1500ms_V2.hdf5,967,2432936,2436291,3355,3061,294,0.9123695976154993,20.0,1057.0,421.6517477948383,366.0,2836700.0,52554090.0,True
Brunswick,Brunswick_orig_1500ms_V2.hdf5,968,2436291,2439646,3355,3115,240,0.9284649776453056,30.0,1112.0,455.72616372391656,398.0,2864700.0,52569100.0,True
Brunswick,Brunswick_orig_1500ms_V2.hdf5,969,2439646,2443001,3355,3134,221,0.9341281669150522,22.0,1114.0,461.9840459476707,406.0,2832720.0,52552290.0,True
Brunswick,Brunswick_orig_1500ms_V2.hdf5,970,2443001,2446356,3355,3156,199,0.9406855439642325,28.0,1026.0,428.1308618504436,373.0,2836700.0,52554680.0,True
Brunswick,Brunswick_orig_1500ms_V2.hdf5,971,2446356,2449711,3355,3189,166,0.950521609538003,18.0,963.0,400.9178425838821,370.0,2856700.0,52566060.0,True
Brunswick,Brunswick_orig_1500ms_V2.hdf5,972,2449711,2453066,3355,3020,335,0.9001490312965723,32.0,1108.0,450.8867549668874,390.0,2832710.0,52552890.0,True
Brunswick,Brunswick_orig_1500ms_V2.hdf5,973,2453066,2456421,3355,3060,295,0.9120715350223547,26.0,1018.0,415.847385620915,366.0,2860700.0,52565510.0,True
Brunswick,Brunswick_orig_1500ms_V2.hdf5,974,2456421,2459776,3355,2801,554,0.8348733233979135,42.0,1031.0,410.1942163513031,360.0,2860700.0,52566110.0,True
Brunswick,Brunswick_orig_1500ms_V2.hdf5,975,2459776,2463131,3355,3049,306,0.9087928464977645,42.0,1033.0,415.4650705149229,364.0,2860700.0,52566710.0,True
Brunswick,Brunswick_orig_1500ms_V2.hdf5,976,2463131,2466486,3355,2897,458,0.8634873323397914,18.0,1115.0,437.30583362098724,372.0,2864700.0,52569710.0,True
Brunswick,Brunswick_orig_1500ms_V2.hdf5,977,2466486,2469841,3355,2860,495,0.8524590163934426,30.0,1033.0,400.71223776223775,350.0,2860700.0,52567300.0,True
Brunswick,Brunswick_orig_1500ms_V2.hdf5,978,2469841,2473196,3355,3021,334,0.9004470938897169,20.0,1003.0,410.0331016219795,362.0,2836700.0,52556490.0,True
Brunswick,Brunswick_orig_1500ms_V2.hdf5,980,2473196,2476551,3355,2659,696,0.792548435171386,20.0,1037.0,391.54381346370815,338.0,2860700.0,52567900.0,True
Brunswick,Brunswick_orig_1500ms_V2.hdf5,981,2476551,2479906,3355,2968,387,0.8846497764530551,30.0,1093.0,437.6944070080863,383.0,2832710.0,52554090.0,True
Brunswick,Brunswick_orig_1500ms_V2.hdf5,982,2479906,2483261,3355,3016,339,0.898956780923994,32.0,1005.0,409.1498673740053,358.0,2836700.0,52555890.0,True
Brunswick,Brunswick_orig_1500ms_V2.hdf5,983,2483261,2486616,3355,2942,413,0.8769001490312965,24.0,1085.0,434.6913664174031,380.0,2832710.0,52554480.0,True
Brunswick,Brunswick_orig_1500ms_V2.hdf5,984,2486616,2489971,3355,3066,289,0.9138599105812221,38.0,1010.0,417.8421395955643,364.0,2836700.0,52555290.0,True
Brunswick,Brunswick_orig_1500ms_V2.hdf5,989,2489971,2493310,3339,3127,212,0.9365079365079365,24.0,1021.0,417.95267029101376,366.0,2860700.0,52570910.0,True
Brunswick,Brunswick_orig_1500ms_V2.hdf5,990,2493310,2496649,3339,2746,593,0.8224019167415394,16.0,1323.0,585.628914785142,556.0,2876700.0,52575710.0,True
Brunswick,Brunswick_orig_1500ms_V2.hdf5,991,2496649,2499988,3339,3169,170,0.9490865528601378,20.0,816.0,380.1101293783528,364.0,2844700.0,52563710.0,True
Brunswick,Brunswick_orig_1500ms_V2.hdf5,992,2499988,2503327,3339,3105,234,0.9299191374663073,34.0,1020.0,412.1816425120773,364.0,2860700.0,52570310.0,True
Brunswick,Brunswick_orig_1500ms_V2.hdf5,993,2503327,2506666,3339,2462,877,0.7373465109314166,26.0,1306.0,561.155564581641,521.0,2876700.0,52576310.0,True
Brunswick,Brunswick_orig_1500ms_V2.hdf5,994,2506666,2510005,3339,3211,128,0.961665169212339,32.0,834.0,382.7617564621613,368.0,2844700.0,52563100.0,True
Brunswick,Brunswick_orig_1500ms_V2.hdf5,995,2510005,2513344,3339,2745,594,0.8221024258760108,20.0,1301.0,593.2214936247723,564.0,2820700.0,52549900.0,True
Brunswick,Brunswick_orig_1500ms_V2.hdf5,996,2513344,2516683,3339,3174,165,0.9505840071877808,42.0,1012.0,416.1650913673598,368.0,2860700.0,52569700.0,True
Brunswick,Brunswick_orig_1500ms_V2.hdf5,997,2516683,2520022,3339,2629,710,0.787361485474693,38.0,1327.0,577.8014454165082,548.0,2876700.0,52576910.0,True
Brunswick,Brunswick_orig_1500ms_V2.hdf5,998,2520022,2523361,3339,3183,156,0.9532794249775381,40.0,826.0,381.75620483820296,364.0,2844700.0,52562500.0,True
Brunswick,Brunswick_orig_1500ms_V2.hdf5,999,2523361,2526700,3339,3111,228,0.9317160826594789,32.0,1010.0,412.5098039215686,366.0,2860700.0,52569110.0,True
Brunswick,Brunswick_orig_1500ms_V2.hdf5,1000,2526700,2530039,3339,2871,468,0.8598382749326146,32.0,1297.0,604.6433298502265,578.0,2820700.0,52550500.0,True
Brunswick,Brunswick_orig_1500ms_V2.hdf5,1001,2530039,2533378,3339,2791,548,0.8358790056903265,40.0,1326.0,597.0408455750627,572.0,2876570.0,52577510.0,True
Brunswick,Brunswick_orig_1500ms_V2.hdf5,1002,2533378,2536717,3339,2929,410,0.8772087451332734,20.0,1006.0,399.22396722430864,354.0,2860700.0,52568510.0,True
Brunswick,Brunswick_orig_1500ms_V2.hdf5,1003,2536717,2540056,3339,3149,190,0.9430967355495657,34.0,834.0,379.71483010479517,364.0,2844700.0,52561900.0,True
Brunswick,Brunswick_orig_1500ms_V2.hdf5,1004,2540056,2543395,3339,2773,566,0.8304881701108117,42.0,1289.0,584.6804904435629,556.0,2820700.0,52551100.0,True
Brunswick,Brunswick_orig_1500ms_V2.hdf5,1005,2543395,2546734,3339,3151,188,0.943695717280623,22.0,856.0,381.4122500793399,364.0,2844700.0,52561310.0,True
Brunswick,Brunswick_orig_1500ms_V2.hdf5,1006,2546734,2550073,3339,2737,602,0.8197064989517819,32.0,1282.0,579.9170624771648,550.0,2820700.0,52551700.0,True
Brunswick,Brunswick_orig_1500ms_V2.hdf5,1007,2550073,2553412,3339,1944,1395,0.5822102425876011,40.0,1301.0,514.2150205761317,468.0,2876700.0,52577910.0,True
Brunswick,Brunswick_orig_1500ms_V2.hdf5,1008,2553412,2556751,3339,2797,542,0.837675950883498,26.0,1273.0,587.0672148730783,554.0,2820700.0,52552300.0,True
Brunswick,Brunswick_orig_1500ms_V2.hdf5,1009,2556751,2560090,3339,3206,133,0.960167714884696,16.0,928.0,396.90704928259515,372.0,2856700.0,52566480.0,True
Brunswick,Brunswick_orig_1500ms_V2.hdf5,1010,2560090,2563429,3339,3153,186,0.9442946990116802,28.0,932.0,394.68791627021886,368.0,2856700.0,52567110.0,True
Brunswick,Brunswick_orig_1500ms_V2.hdf5,1011,2563429,2566768,3339,2710,629,0.8116202455825098,18.0,1341.0,595.6881918819188,567.0,2876700.0,52578710.0,True
Brunswick,Brunswick_orig_1500ms_V2.hdf5,1012,2566768,2570107,3339,3149,190,0.9430967355495657,18.0,933.0,398.70879644331535,366.0,2840710.0,52558900.0,True
Brunswick,Brunswick_orig_1500ms_V2.hdf5,1013,2570107,2573446,3339,3133,206,0.9383048817011082,42.0,948.0,393.80370252154484,364.0,2856700.0,52567910.0,True
Brunswick,Brunswick_orig_1500ms_V2.hdf5,1014,2573446,2576785,3339,3134,205,0.9386043725666368,26.0,918.0,393.97128270580725,360.0,2840710.0,52559490.0,True
Brunswick,Brunswick_orig_1500ms_V2.hdf5,1015,2576785,2580124,3339,2948,391,0.8828990715783168,36.0,940.0,380.83005427408415,354.0,2856700.0,52568510.0,True
Brunswick,Brunswick_orig_1500ms_V2.hdf5,1016,2580124,2583463,3339,1281,2058,0.3836477987421384,36.0,799.0,281.8727556596409,276.0,2840710.0,52560090.0,False
Brunswick,Brunswick_orig_1500ms_V2.hdf5,1017,2583463,2586802,3339,3128,211,0.9368074273734651,24.0,960.0,397.0393222506394,366.0,2856700.0,52569110.0,True
Brunswick,Brunswick_orig_1500ms_V2.hdf5,1018,2586802,2590141,3339,3101,238,0.9287211740041929,38.0,918.0,391.9435665914221,360.0,2840710.0,52560700.0,True
Brunswick,Brunswick_orig_1500ms_V2.hdf5,1019,2590141,2593480,3339,2785,554,0.8340820604971548,24.0,1198.0,512.5816876122083,470.0,2824690.0,52554100.0,True
Brunswick,Brunswick_orig_1500ms_V2.hdf5,1020,2593480,2596819,3339,3066,273,0.9182389937106918,28.0,896.0,387.86203522504894,358.0,2840700.0,52561290.0,True
Brunswick,Brunswick_orig_1500ms_V2.hdf5,1021,2596819,2600158,3339,2833,506,0.8484576220425277,34.0,1208.0,529.595128838687,486.0,2824690.0,52553490.0,True
Brunswick,Brunswick_orig_1500ms_V2.hdf5,1022,2600158,2603497,3339,3022,317,0.9050613956274334,18.0,888.0,384.4232296492389,356.0,2840700.0,52561900.0,True
Brunswick,Brunswick_orig_1500ms_V2.hdf5,1023,2603497,2606836,3339,2712,627,0.8122192273135669,18.0,1269.0,524.4727138643068,488.0,2872700.0,52576780.0,True
Brunswick,Brunswick_orig_1500ms_V2.hdf5,1024,2606836,2610175,3339,2890,449,0.865528601377658,40.0,1208.0,531.4166089965398,500.0,2824690.0,52552900.0,True
Brunswick,Brunswick_orig_1500ms_V2.hdf5,1025,2610175,2613514,3339,3076,263,0.9212339023659778,20.0,883.0,373.3423276983095,360.0,2852700.0,52567160.0,True
Brunswick,Brunswick_orig_1500ms_V2.hdf5,1026,2613514,2616853,3339,2990,349,0.8954776879305181,28.0,1268.0,550.561204013378,525.0,2872700.0,52576310.0,True
Brunswick,Brunswick_orig_1500ms_V2.hdf5,1027,2616853,2620192,3339,3122,217,0.9350104821802935,30.0,882.0,377.8827674567585,364.0,2852700.0,52566710.0,True
Brunswick,Brunswick_orig_1500ms_V2.hdf5,1028,2620192,2623531,3339,2824,515,0.8457622042527703,28.0,1214.0,530.1682011331445,498.0,2824690.0,52552300.0,True
Brunswick,Brunswick_orig_1500ms_V2.hdf5,1029,2623531,2626870,3339,2816,523,0.8433662773285415,38.0,1256.0,528.4375,494.0,2872700.0,52575710.0,True
Brunswick,Brunswick_orig_1500ms_V2.hdf5,1030,2626870,2630209,3339,3176,163,0.951182988918838,16.0,962.0,416.8595717884131,370.0,2836700.0,52560100.0,True
Brunswick,Brunswick_orig_1500ms_V2.hdf5,1031,2630209,2633548,3339,2698,641,0.8080263551961665,22.0,1228.0,521.1571534469978,482.0,2824690.0,52551890.0,True
Brunswick,Brunswick_orig_1500ms_V2.hdf5,1032,2633548,2636887,3339,2870,469,0.859538784067086,36.0,1244.0,530.319512195122,496.0,2872700.0,52575060.0,True
Brunswick,Brunswick_orig_1500ms_V2.hdf5,1033,2636887,2640226,3339,2912,427,0.8721174004192872,24.0,954.0,397.4896978021978,348.0,2836700.0,52559500.0,True
Brunswick,Brunswick_orig_1500ms_V2.hdf5,1034,2640226,2643565,3339,2839,500,0.8502545672356994,26.0,1247.0,528.579077139838,492.0,2872700.0,52574570.0,True
Brunswick,Brunswick_orig_1500ms_V2.hdf5,1035,2643565,2646904,3339,3115,224,0.9329140461215933,30.0,862.0,374.44012841091495,362.0,2852700.0,52565510.0,True
Brunswick,Brunswick_orig_1500ms_V2.hdf5,1036,2646904,2650243,3339,2940,399,0.8805031446540881,16.0,1235.0,541.2136054421769,512.0,2872700.0,52573910.0,True
Brunswick,Brunswick_orig_1500ms_V2.hdf5,1037,2650243,2653582,3339,2981,358,0.8927822701407607,34.0,975.0,405.04159677960416,356.0,2836700.0,52558900.0,True
Brunswick,Brunswick_orig_1500ms_V2.hdf5,1038,2653582,2656921,3339,3091,248,0.9257262653489069,20.0,856.0,373.2377871239081,362.0,2852700.0,52564900.0,True
Brunswick,Brunswick_orig_1500ms_V2.hdf5,1039,2656921,2660260,3339,2951,388,0.8837975441749026,36.0,975.0,403.6563876651982,352.0,2836700.0,52558300.0,True
Brunswick,Brunswick_orig_1500ms_V2.hdf5,1040,2660260,2663599,3339,2068,1271,0.6193471099131477,24.0,1091.0,428.1295938104449,372.0,2869300.0,52572200.0,True
Brunswick,Brunswick_orig_1500ms_V2.hdf5,1042,2663599,2666938,3339,3051,288,0.9137466307277629,26.0,990.0,412.8928220255654,360.0,2836700.0,52557700.0,True
Brunswick,Brunswick_orig_1500ms_V2.hdf5,1044,2666938,2670277,3339,2788,551,0.8349805330937407,22.0,1180.0,474.0889526542324,430.0,2869300.0,52572700.0,True
Brunswick,Brunswick_orig_1500ms_V2.hdf5,1045,2670277,2673616,3339,3063,276,0.917340521114106,28.0,1143.0,499.97877897486126,458.0,2828730.0,52553930.0,True
Brunswick,Brunswick_orig_1500ms_V2.hdf5,1046,2673616,2676955,3339,3114,225,0.9326145552560647,16.0,999.0,420.7151573538857,368.0,2836700.0,52557090.0,True
Brunswick,Brunswick_orig_1500ms_V2.hdf5,1048,2676955,2680294,3339,2953,386,0.8843965259059599,32.0,1185.0,487.4771418896038,442.0,2869300.0,52573300.0,True
Brunswick,Brunswick_orig_1500ms_V2.hdf5,1050,2680294,2683633,3339,3097,242,0.9275232105420784,44.0,1131.0,495.5644171779141,448.0,2828730.0,52554680.0,True
Brunswick,Brunswick_orig_1500ms_V2.hdf5,1051,2683633,2686972,3339,2664,675,0.7978436657681941,40.0,1192.0,466.34684684684686,408.0,2869300.0,52573910.0,True
Brunswick,Brunswick_orig_1500ms_V2.hdf5,1052,2686972,2690311,3339,3166,173,0.948188080263552,26.0,808.0,373.8076437144662,364.0,2848700.0,52564950.0,True
Brunswick,Brunswick_orig_1500ms_V2.hdf5,1053,2690311,2693650,3339,2535,804,0.7592093441150045,30.0,1194.0,464.3112426035503,398.0,2869300.0,52574510.0,True
Brunswick,Brunswick_orig_1500ms_V2.hdf5,1054,2693650,2696989,3339,2947,392,0.8825995807127882,38.0,1127.0,483.80183237190363,426.0,2828730.0,52555270.0,True
Brunswick,Brunswick_orig_1500ms_V2.hdf5,1055,2696989,2700328,3339,3043,296,0.911350703803534,16.0,814.0,371.0190601380217,360.0,2848700.0,52565500.0,True
Brunswick,Brunswick_orig_1500ms_V2.hdf5,1056,2700328,2703667,3339,2739,600,0.8203054806828391,20.0,1193.0,483.02701715954726,436.0,2869300.0,52575110.0,True
Brunswick,Brunswick_orig_1500ms_V2.hdf5,1057,2703667,2707006,3339,2953,386,0.8843965259059599,26.0,1137.0,483.2065695902472,430.0,2828730.0,52555870.0,True
Brunswick,Brunswick_orig_1500ms_V2.hdf5,1058,2707006,2710305,3299,3130,169,0.9487723552591695,18.0,778.0,371.93833865814696,364.0,2848700.0,52566100.0,True
Brunswick,Brunswick_orig_1500ms_V2.hdf5,1059,2710305,2713644,3339,3103,236,0.9293201557352501,16.0,1083.0,453.9365130518853,400.0,2832710.0,52555290.0,True
Brunswick,Brunswick_orig_1500ms_V2.hdf5,1061,2713644,2716943,3299,3068,231,0.9299787814489239,26.0,784.0,367.7454367666232,360.0,2848700.0,52566700.0,True
Brunswick,Brunswick_orig_1500ms_V2.hdf5,1062,2716943,2720282,3339,3131,208,0.9377058999700509,26.0,1060.0,454.1427658894922,400.0,2832710.0,52555890.0,True
Brunswick,Brunswick_orig_1500ms_V2.hdf5,1063,2720282,2723581,3299,3071,228,0.9308881479236132,28.0,1110.0,490.79062194724844,444.0,2828730.0,52557250.0,True
Brunswick,Brunswick_orig_1500ms_V2.hdf5,1064,2723581,2726880,3299,3182,117,0.9645347074871173,34.0,792.0,372.90257699560027,364.0,2848700.0,52567300.0,True
Brunswick,Brunswick_orig_1500ms_V2.hdf5,1065,2726880,2730179,3299,3139,160,0.9515004546832373,36.0,1118.0,499.6352341510035,454.0,2828720.0,52557670.0,True
Brunswick,Brunswick_orig_1500ms_V2.hdf5,1066,2730179,2733518,3339,3140,199,0.9404013177598083,32.0,1058.0,455.86337579617833,400.0,2832710.0,52556260.0,True
Brunswick,Brunswick_orig_1500ms_V2.hdf5,1067,2733518,2736817,3299,3099,200,0.9393755683540467,32.0,802.0,371.93223620522747,362.0,2848700.0,52567900.0,True
Brunswick,Brunswick_orig_1500ms_V2.hdf5,1068,2736817,2740116,3299,2548,751,0.7723552591694453,40.0,1096.0,438.80337519623237,382.0,2828720.0,52558270.0,True
Brunswick,Brunswick_orig_1500ms_V2.hdf5,1069,2740116,2743415,3299,3173,126,0.9618066080630494,24.0,814.0,377.1623069650173,368.0,2848700.0,52568510.0,True
Brunswick,Brunswick_orig_1500ms_V2.hdf5,1070,2743415,2746714,3299,3022,277,0.9160351621703546,30.0,1081.0,481.1171409662475,432.0,2828720.0,52558880.0,True
Brunswick,Brunswick_orig_1500ms_V2.hdf5,1072,2746714,2750013,3299,2516,783,0.7626553501060928,18.0,1087.0,445.57074721780606,390.0,2828720.0,52559480.0,True
Brunswick,Brunswick_orig_1500ms_V2.hdf5,1073,2750013,2753352,3339,3045,294,0.9119496855345912,14.0,1076.0,439.5694581280788,386.0,2864700.0,52570310.0,True
Brunswick,Brunswick_orig_1500ms_V2.hdf5,1074,2753352,2756691,3339,3004,335,0.8996705600479186,22.0,1045.0,439.5685752330226,385.0,2832710.0,52557700.0,True
Brunswick,Brunswick_orig_1500ms_V2.hdf5,1075,2756691,2760030,3339,3057,282,0.9155435759209344,26.0,1090.0,441.5227347072293,388.0,2864700.0,52570910.0,True
Brunswick,Brunswick_orig_1500ms_V2.hdf5,1076,2760030,2763369,3339,3041,298,0.9107517220724768,18.0,1048.0,440.6803682999014,386.0,2832710.0,52558300.0,True
Brunswick,Brunswick_orig_1500ms_V2.hdf5,1077,2763369,2766708,3339,3024,315,0.9056603773584906,36.0,1099.0,440.66137566137564,386.0,2864700.0,52572110.0,True
Brunswick,Brunswick_orig_1500ms_V2.hdf5,1078,2766708,2770047,3339,3084,255,0.9236298292902066,36.0,1091.0,446.73443579766536,392.0,2864700.0,52571460.0,True
Brunswick,Brunswick_orig_1500ms_V2.hdf5,1079,2770047,2773386,3339,3004,335,0.8996705600479186,22.0,1108.0,444.8288948069241,386.0,2864700.0,52572710.0,True
Brunswick,Brunswick_orig_1500ms_V2.hdf5,1085,2773386,2776685,3299,2782,517,0.8432858441952107,18.0,966.0,390.08986340762044,346.0,2860700.0,52571510.0,True
Brunswick,Brunswick_orig_1500ms_V2.hdf5,1086,2776685,2779984,3299,1811,1488,0.5489542285541074,24.0,1257.0,521.2490336830481,448.0,2876690.0,52579310.0,True
Brunswick,Brunswick_orig_1500ms_V2.hdf5,1087,2779984,2783283,3299,2990,309,0.9063352531070021,26.0,778.0,367.7190635451505,354.0,2844700.0,52566510.0,True
Brunswick,Brunswick_orig_1500ms_V2.hdf5,1089,2783283,2786582,3299,2043,1256,0.6192785692634132,36.0,1280.0,554.112090063632,492.0,2876690.0,52579910.0,True
Brunswick,Brunswick_orig_1500ms_V2.hdf5,1090,2786582,2789881,3299,3148,151,0.9542285541073052,34.0,784.0,378.443456162643,364.0,2844700.0,52566110.0,True
Brunswick,Brunswick_orig_1500ms_V2.hdf5,1092,2789881,2793180,3299,2011,1288,0.6095786602000606,38.0,1269.0,545.2446544007956,476.0,2876690.0,52580570.0,True
Brunswick,Brunswick_orig_1500ms_V2.hdf5,1093,2793180,2796479,3299,3063,236,0.9284631706577751,40.0,794.0,373.22918707149853,358.0,2844700.0,52565510.0,True
Brunswick,Brunswick_orig_1500ms_V2.hdf5,1094,2796479,2799778,3299,2861,438,0.8672324946953622,30.0,1028.0,401.4005592450192,348.0,2860700.0,52573900.0,True
Brunswick,Brunswick_orig_1500ms_V2.hdf5,1096,2799778,2803077,3299,2166,1133,0.6565625947256745,30.0,1303.0,554.2423822714682,496.0,2876680.0,52581110.0,True
Brunswick,Brunswick_orig_1500ms_V2.hdf5,1097,2803077,2806376,3299,3091,208,0.9369505910882086,30.0,808.0,375.14784859268843,360.0,2844700.0,52564910.0,True
Brunswick,Brunswick_orig_1500ms_V2.hdf5,1098,2806376,2809675,3299,1918,1381,0.5813882994846923,20.0,1303.0,532.6141814389989,460.0,2876680.0,52581720.0,True
Brunswick,Brunswick_orig_1500ms_V2.hdf5,1099,2809675,2812974,3299,3080,219,0.9336162473476811,22.0,806.0,374.57337662337665,360.0,2844700.0,52564300.0,True
Brunswick,Brunswick_orig_1500ms_V2.hdf5,1100,2812974,2816273,3299,2950,349,0.8942103667778114,16.0,952.0,384.59050847457627,356.0,2856700.0,52572710.0,True
Brunswick,Brunswick_orig_1500ms_V2.hdf5,1101,2816273,2819572,3299,2816,483,0.8535919975750227,24.0,952.0,373.58522727272725,344.0,2856700.0,52572110.0,True
Brunswick,Brunswick_orig_1500ms_V2.hdf5,1102,2819572,2822871,3299,2813,486,0.8526826311003335,16.0,1178.0,524.099537859936,480.0,2824680.0,52557700.0,True
Brunswick,Brunswick_orig_1500ms_V2.hdf5,1105,2822871,2826170,3299,2816,483,0.8535919975750227,38.0,946.0,374.67649147727275,348.0,2856700.0,52570900.0,True
Brunswick,Brunswick_orig_1500ms_V2.hdf5,1106,2826170,2829469,3299,2610,689,0.7911488329796909,38.0,1184.0,505.9888888888889,460.0,2824680.0,52556500.0,True
Brunswick,Brunswick_orig_1500ms_V2.hdf5,1107,2829469,2832768,3299,2995,304,0.907850863898151,30.0,938.0,384.3786310517529,358.0,2856700.0,52570310.0,True
Brunswick,Brunswick_orig_1500ms_V2.hdf5,1108,2832768,2836067,3299,2525,774,0.7653834495301607,22.0,1256.0,508.3639603960396,470.0,2872690.0,52579910.0,True
Brunswick,Brunswick_orig_1500ms_V2.hdf5,1109,2836067,2839366,3299,3003,296,0.9102758411639891,20.0,868.0,383.5960705960706,354.0,2840700.0,52562500.0,True
Brunswick,Brunswick_orig_1500ms_V2.hdf5,1110,2839366,2842665,3299,2633,666,0.7981206426189754,36.0,1182.0,514.5955184200532,472.0,2824680.0,52555900.0,True
Brunswick,Brunswick_orig_1500ms_V2.hdf5,1111,2842665,2845964,3299,2882,417,0.8735980600181873,20.0,978.0,376.2408049965302,356.0,2856700.0,52569710.0,True
Brunswick,Brunswick_orig_1500ms_V2.hdf5,1112,2845964,2849263,3299,2523,776,0.7647772052137011,30.0,1194.0,508.82401902497026,470.0,2872690.0,52579310.0,True
Brunswick,Brunswick_orig_1500ms_V2.hdf5,1113,2849263,2852562,3299,3065,234,0.9290694149742346,32.0,872.0,388.0858075040783,358.0,2840700.0,52563150.0,True
Brunswick,Brunswick_orig_1500ms_V2.hdf5,1114,2852562,2855861,3299,2213,1086,0.6708093361624735,40.0,1194.0,477.1843651152282,428.0,2872690.0,52578610.0,True
Brunswick,Brunswick_orig_1500ms_V2.hdf5,1115,2855861,2859160,3299,2609,690,0.790845710821461,24.0,1190.0,515.7596780375623,478.0,2824680.0,52555300.0,True
Brunswick,Brunswick_orig_1500ms_V2.hdf5,1116,2859160,2862459,3299,3030,269,0.9184601394361928,42.0,852.0,383.7719471947195,356.0,2840700.0,52563710.0,True
Brunswick,Brunswick_orig_1500ms_V2.hdf5,1117,2862459,2865758,3299,2565,734,0.7775083358593513,20.0,1192.0,513.8003898635477,470.0,2824690.0,52554660.0,True
Brunswick,Brunswick_orig_1500ms_V2.hdf5,1119,2865758,2869057,3299,2988,311,0.9057290087905426,34.0,862.0,381.78078982597054,354.0,2840700.0,52564300.0,True
Brunswick,Brunswick_orig_1500ms_V2.hdf5,1120,2869057,2872356,3299,2824,475,0.8560169748408608,14.0,856.0,360.67634560906515,350.0,2852700.0,52567900.0,True
Brunswick,Brunswick_orig_1500ms_V2.hdf5,1121,2872356,2875655,3299,2295,1004,0.6956653531373144,26.0,1190.0,492.9494553376906,440.0,2872700.0,52577660.0,True
Brunswick,Brunswick_orig_1500ms_V2.hdf5,1122,2875655,2878954,3299,2902,397,0.8796605031827827,26.0,852.0,365.21467953135766,352.0,2852700.0,52568500.0,True
Brunswick,Brunswick_orig_1500ms_V2.hdf5,1123,2878954,2882253,3299,3010,289,0.9123976962715975,24.0,852.0,381.6747508305648,356.0,2840700.0,52564900.0,True
Brunswick,Brunswick_orig_1500ms_V2.hdf5,1124,2882253,2885552,3299,2948,351,0.8936041224613519,36.0,861.0,367.63297150610583,354.0,2852700.0,52569110.0,True
Brunswick,Brunswick_orig_1500ms_V2.hdf5,1125,2885552,2888851,3299,2873,426,0.8708699605941195,38.0,858.0,364.83327532196313,350.0,2852700.0,52569510.0,True
Brunswick,Brunswick_orig_1500ms_V2.hdf5,1126,2888851,2892150,3299,2941,358,0.8914822673537436,22.0,864.0,368.4161849710983,354.0,2852700.0,52570300.0,True
Brunswick,Brunswick_orig_1500ms_V2.hdf5,1127,2892150,2895449,3299,2891,408,0.8763261594422552,16.0,890.0,365.7526807333103,352.0,2852700.0,52570700.0,True
Brunswick,Brunswick_orig_1500ms_V2.hdf5,1128,2895449,2898748,3299,2337,962,0.7083964837829645,18.0,1077.0,437.9328198545143,374.0,2869300.0,52575710.0,True
Brunswick,Brunswick_orig_1500ms_V2.hdf5,1129,2898748,2902047,3299,2891,408,0.8763261594422552,20.0,928.0,396.28882739536493,352.0,2836700.0,52563100.0,True
Brunswick,Brunswick_orig_1500ms_V2.hdf5,1130,2902047,2905346,3299,2431,868,0.7368899666565626,18.0,1272.0,575.8255861785274,538.0,2820700.0,52552900.0,True
Brunswick,Brunswick_orig_1500ms_V2.hdf5,1131,2905346,2908645,3299,2421,878,0.733858745074265,28.0,1118.0,453.5741429161504,388.0,2869300.0,52576310.0,True
Brunswick,Brunswick_orig_1500ms_V2.hdf5,1132,2908645,2911944,3299,2220,1079,0.6729311912700818,24.0,1271.0,557.2436936936937,503.0,2820700.0,52553500.0,True
Brunswick,Brunswick_orig_1500ms_V2.hdf5,1133,2911944,2915243,3299,2795,504,0.8472264322521976,28.0,940.0,393.5051878354204,346.0,2836700.0,52562500.0,True
Brunswick,Brunswick_orig_1500ms_V2.hdf5,1134,2915243,2918542,3299,2385,914,0.7229463473779933,40.0,1139.0,443.8700209643606,380.0,2869300.0,52576900.0,True
Brunswick,Brunswick_orig_1500ms_V2.hdf5,1135,2918542,2921841,3299,2731,568,0.8278266141254925,40.0,936.0,386.7224459904797,340.0,2836900.0,52561900.0,True
Brunswick,Brunswick_orig_1500ms_V2.hdf5,1136,2921841,2925140,3299,2443,856,0.7405274325553198,36.0,1264.0,556.6148178469095,514.0,2820700.0,52554100.0,True
Brunswick,Brunswick_orig_1500ms_V2.hdf5,1137,2925140,2928439,3299,2235,1064,0.6774780236435284,42.0,1262.0,536.1534675615212,480.0,2820700.0,52554700.0,True
Brunswick,Brunswick_orig_1500ms_V2.hdf5,1138,2928439,2931738,3299,1873,1426,0.5677478023643528,28.0,1220.0,517.0790176187934,450.0,2820700.0,52555300.0,True
Brunswick,Brunswick_orig_1500ms_V2.hdf5,1139,2931738,2935037,3299,2768,531,0.8390421339799939,30.0,950.0,390.98121387283237,342.0,2836700.0,52561300.0,True
Brunswick,Brunswick_orig_1500ms_V2.hdf5,1140,2935037,2938336,3299,2619,680,0.7938769324037587,14.0,1062.0,411.8094692630775,354.0,2864700.0,52573310.0,True
Brunswick,Brunswick_orig_1500ms_V2.hdf5,1141,2938336,2941635,3299,2763,536,0.8375265231888451,38.0,1179.0,488.1125588128846,444.0,2869300.0,52577670.0,True
Brunswick,Brunswick_orig_1500ms_V2.hdf5,1142,2941635,2944934,3299,1997,1302,0.6053349499848439,18.0,1248.0,514.6609914872308,454.0,2820700.0,52555900.0,True
Brunswick,Brunswick_orig_1500ms_V2.hdf5,1143,2944934,2948233,3299,2595,704,0.7866020006062443,24.0,1019.0,404.58227360308285,348.0,2864700.0,52573910.0,True
Brunswick,Brunswick_orig_1500ms_V2.hdf5,1144,2948233,2951532,3299,2668,631,0.8087299181570172,20.0,947.0,388.11319340329834,344.0,2836700.0,52560700.0,True
Brunswick,Brunswick_orig_1500ms_V2.hdf5,1145,2951532,2954831,3299,2677,622,0.8114580175810852,24.0,1167.0,474.1568920433321,432.0,2869300.0,52578100.0,True
Brunswick,Brunswick_orig_1500ms_V2.hdf5,1146,2954831,2958130,3299,2556,743,0.7747802364352834,38.0,1046.0,407.5359937402191,344.0,2864700.0,52574510.0,True
Brunswick,Brunswick_orig_1500ms_V2.hdf5,1147,2958130,2961429,3299,2547,752,0.7720521370112156,40.0,1031.0,405.2465645857872,342.0,2864700.0,52575110.0,True
Brunswick,Brunswick_orig_1500ms_V2.hdf5,1148,2961429,2964728,3299,2686,613,0.8141861170051531,30.0,1084.0,422.415487714073,354.0,2864700.0,52575710.0,True
Brunswick,Brunswick_orig_1500ms_V2.hdf5,1149,2964728,2968027,3299,2606,693,0.7899363443467717,20.0,1078.0,420.2348426707598,349.0,2864710.0,52576310.0,True
Brunswick,Brunswick_orig_1500ms_V2.hdf5,1150,2968027,2971326,3299,2215,1084,0.671415580478933,24.0,1045.0,397.9277652370203,340.0,2832710.0,52558900.0,True
Brunswick,Brunswick_orig_1500ms_V2.hdf5,1151,2971326,2974625,3299,2584,715,0.7832676568657169,34.0,1032.0,418.58010835913313,360.0,2832700.0,52559500.0,True
Brunswick,Brunswick_orig_1500ms_V2.hdf5,1152,2974625,2977924,3299,2649,650,0.8029705971506517,38.0,1010.0,422.3412608531521,362.0,2832710.0,52560090.0,True
Brunswick,Brunswick_orig_1500ms_V2.hdf5,1153,2977924,2981223,3299,2458,841,0.7450742649287663,24.0,1015.0,405.5919446704638,348.0,2832700.0,52560700.0,True
Brunswick,Brunswick_orig_1500ms_V2.hdf5,1154,2981223,2984522,3299,2528,771,0.76629281600485,14.0,998.0,413.4054588607595,358.0,2832710.0,52561290.0,True
Brunswick,Brunswick_orig_1500ms_V2.hdf5,1159,2984522,2987740,3218,2946,272,0.9154754505904288,14.0,768.0,360.33842498302783,356.0,2848700.0,52569110.0,True
Brunswick,Brunswick_orig_1500ms_V2.hdf5,1160,2987740,2990958,3218,3018,200,0.9378495960223742,28.0,772.0,366.47978793903246,358.0,2848700.0,52569710.0,True
Brunswick,Brunswick_orig_1500ms_V2.hdf5,1161,2990958,2994176,3218,2123,1095,0.6597265382224985,22.0,1228.0,537.4780970325012,480.0,2876680.0,52582310.0,True
Brunswick,Brunswick_orig_1500ms_V2.hdf5,1162,2994176,2997394,3218,3093,125,0.9611559975139838,38.0,786.0,367.11380536695765,360.0,2848700.0,52570310.0,True
Brunswick,Brunswick_orig_1500ms_V2.hdf5,1163,2997394,3000612,3218,3020,198,0.9384711000621504,38.0,786.0,363.70198675496687,354.0,2848700.0,52570900.0,True
Brunswick,Brunswick_orig_1500ms_V2.hdf5,1164,3000612,3003830,3218,2184,1034,0.6786824114356743,34.0,1274.0,543.8008241758242,488.0,2876680.0,52582920.0,True
Brunswick,Brunswick_orig_1500ms_V2.hdf5,1165,3003830,3007048,3218,3005,213,0.9338098197638285,26.0,800.0,364.6332778702163,354.0,2848700.0,52571500.0,True
Brunswick,Brunswick_orig_1500ms_V2.hdf5,1166,3007048,3010266,3218,2283,935,0.7094468614045991,42.0,1273.0,567.7656592203241,526.0,2876670.0,52583510.0,True
Brunswick,Brunswick_orig_1500ms_V2.hdf5,1167,3010266,3013484,3218,2951,267,0.9170292106898695,16.0,798.0,363.51067434767873,354.0,2848700.0,52572110.0,True
Brunswick,Brunswick_orig_1500ms_V2.hdf5,1168,3013484,3016702,3218,2172,1046,0.6749533871970168,30.0,1295.0,537.4755985267035,496.0,2876670.0,52584110.0,True
Brunswick,Brunswick_orig_1500ms_V2.hdf5,1169,3016702,3019920,3218,1721,1497,0.5348042262274705,22.0,1316.0,532.9093550261476,464.0,2876680.0,52584710.0,True
Brunswick,Brunswick_orig_1500ms_V2.hdf5,1170,3019920,3023138,3218,3077,141,0.9561839651957738,18.0,772.0,371.3948651283718,360.0,2844700.0,52567300.0,True
Brunswick,Brunswick_orig_1500ms_V2.hdf5,1171,3023138,3026356,3218,3038,180,0.9440646364201367,28.0,768.0,371.71494404213297,362.0,2844700.0,52567900.0,True
Brunswick,Brunswick_orig_1500ms_V2.hdf5,1172,3026356,3029574,3218,2650,568,0.8234928527035426,38.0,878.0,362.64566037735847,348.0,2853170.0,52573170.0,True
Brunswick,Brunswick_orig_1500ms_V2.hdf5,1173,3029574,3032792,3218,2994,224,0.930391547545059,36.0,758.0,363.7879091516366,352.0,2844700.0,52568500.0,True
Brunswick,Brunswick_orig_1500ms_V2.hdf5,1174,3032792,3036010,3218,2503,715,0.7778123057799876,22.0,1082.0,436.00279664402717,380.0,2828720.0,52560080.0,True
Brunswick,Brunswick_orig_1500ms_V2.hdf5,1175,3036010,3039228,3218,2905,313,0.9027346177750155,42.0,864.0,366.97796901893287,352.0,2852700.0,52572600.0,True
Brunswick,Brunswick_orig_1500ms_V2.hdf5,1176,3039228,3042446,3218,3110,108,0.966438781852082,36.0,754.0,373.2877813504823,360.0,2844700.0,52569100.0,True
Brunswick,Brunswick_orig_1500ms_V2.hdf5,1177,3042446,3045664,3218,2398,820,0.745183343691734,32.0,1072.0,422.2068390325271,368.0,2828720.0,52560680.0,True
Brunswick,Brunswick_orig_1500ms_V2.hdf5,1178,3045664,3048882,3218,2687,531,0.8349906774394034,26.0,1239.0,534.3814663193152,510.0,2872700.0,52582920.0,True
Brunswick,Brunswick_orig_1500ms_V2.hdf5,1179,3048882,3052100,3218,3060,158,0.9509011808576756,36.0,852.0,373.6107843137255,362.0,2852700.0,52572100.0,True
Brunswick,Brunswick_orig_1500ms_V2.hdf5,1180,3052100,3055318,3218,2839,379,0.882224984462399,42.0,1072.0,464.92920042268406,416.0,2828730.0,52561280.0,True
Brunswick,Brunswick_orig_1500ms_V2.hdf5,1181,3055318,3058536,3218,3021,197,0.9387818520820386,24.0,748.0,367.07149950347565,356.0,2844700.0,52569700.0,True
Brunswick,Brunswick_orig_1500ms_V2.hdf5,1182,3058536,3061754,3218,2569,649,0.7983219390926041,36.0,1214.0,516.066952121448,486.0,2872690.0,52582320.0,True
Brunswick,Brunswick_orig_1500ms_V2.hdf5,1183,3061754,3064972,3218,2830,388,0.8794282162834058,32.0,1061.0,460.20282685512365,410.0,2828730.0,52561870.0,True
Brunswick,Brunswick_orig_1500ms_V2.hdf5,1184,3064972,3068190,3218,3075,143,0.9555624611559975,26.0,854.0,373.77788617886176,364.0,2852700.0,52571510.0,True
Brunswick,Brunswick_orig_1500ms_V2.hdf5,1185,3068190,3071408,3218,3083,135,0.9580484773151026,16.0,740.0,370.45637366201754,360.0,2844700.0,52570310.0,True
Brunswick,Brunswick_orig_1500ms_V2.hdf5,1186,3071408,3074626,3218,2035,1183,0.632380360472343,46.0,1213.0,465.5130221130221,400.0,2872690.0,52581720.0,True
Brunswick,Brunswick_orig_1500ms_V2.hdf5,1187,3074626,3077844,3218,2674,544,0.8309509011808577,20.0,1049.0,448.37883320867616,398.0,2828730.0,52562480.0,True
Brunswick,Brunswick_orig_1500ms_V2.hdf5,1188,3077844,3081062,3218,2638,580,0.819763828464885,34.0,1195.0,518.3836239575436,495.0,2872690.0,52581110.0,True
Brunswick,Brunswick_orig_1500ms_V2.hdf5,1189,3081062,3084280,3218,2512,706,0.7806090739589807,24.0,1241.0,514.2209394904459,483.0,2872690.0,52580510.0,True
Brunswick,Brunswick_orig_1500ms_V2.hdf5,1190,3084280,3087498,3218,2997,221,0.9313238036047234,24.0,930.0,384.4898231564898,358.0,2856700.0,52573310.0,True
Brunswick,Brunswick_orig_1500ms_V2.hdf5,1191,3087498,3090716,3218,2812,406,0.8738346799254195,34.0,931.0,374.03165007112375,346.0,2856700.0,52573910.0,True
Brunswick,Brunswick_orig_1500ms_V2.hdf5,1192,3090716,3093934,3218,2885,333,0.896519577377253,44.0,940.0,379.53310225303295,348.0,2856700.0,52574410.0,True
Brunswick,Brunswick_orig_1500ms_V2.hdf5,1193,3093934,3097152,3218,2065,1153,0.641702921068987,20.0,1133.0,451.16997578692497,388.0,2824680.0,52560700.0,True
Brunswick,Brunswick_orig_1500ms_V2.hdf5,1194,3097152,3100370,3218,2754,464,0.855811062771908,24.0,816.0,367.27886710239653,346.0,2840700.0,52567900.0,True
Brunswick,Brunswick_orig_1500ms_V2.hdf5,1195,3100370,3103588,3218,2344,874,0.728402734617775,24.0,1192.0,451.16211604095565,400.0,2868700.0,52581110.0,True
Brunswick,Brunswick_orig_1500ms_V2.hdf5,1196,3103588,3106806,3218,2602,616,0.8085767557489124,30.0,922.0,363.9508070714835,336.0,2856700.0,52575110.0,True
Brunswick,Brunswick_orig_1500ms_V2.hdf5,1197,3106806,3110024,3218,2320,898,0.7209446861404599,30.0,1125.0,471.5969827586207,420.0,2824680.0,52560100.0,True
Brunswick,Brunswick_orig_1500ms_V2.hdf5,1200,3110024,3113242,3218,2365,853,0.7349285270354258,44.0,1173.0,446.5725158562368,390.0,2868700.0,52580030.0,True
Brunswick,Brunswick_orig_1500ms_V2.hdf5,1201,3113242,3116460,3218,2171,1047,0.6746426351771286,42.0,1150.0,468.0175034546292,406.0,2824680.0,52559500.0,True
Brunswick,Brunswick_orig_1500ms_V2.hdf5,1203,3116460,3119678,3218,2544,674,0.7905531385954009,36.0,1144.0,498.34669811320754,454.0,2824680.0,52558900.0,True
Brunswick,Brunswick_orig_1500ms_V2.hdf5,1204,3119678,3122896,3218,2655,563,0.8250466128029832,24.0,1154.0,517.139736346516,484.0,2824680.0,52558300.0,True
Brunswick,Brunswick_orig_1500ms_V2.hdf5,1205,3122896,3126114,3218,2581,637,0.8020509633312617,28.0,1154.0,467.6551724137931,424.0,2869310.0,52579300.0,True
Brunswick,Brunswick_orig_1500ms_V2.hdf5,1206,3126114,3129332,3218,2816,402,0.875077688004972,36.0,836.0,371.25071022727275,344.0,2840700.0,52566700.0,True
Brunswick,Brunswick_orig_1500ms_V2.hdf5,1209,3129332,3132550,3218,2912,306,0.9049098819142325,34.0,1027.0,414.2970467032967,356.0,2860700.0,52577050.0,True
Brunswick,Brunswick_orig_1500ms_V2.hdf5,1211,3132550,3135768,3218,2714,504,0.8433809819763829,18.0,849.0,371.12122328666175,344.0,2840700.0,52565640.0,True
Brunswick,Brunswick_orig_1500ms_V2.hdf5,1212,3135768,3138986,3218,1846,1372,0.5736482287134866,26.0,1240.0,524.988082340195,476.0,2820700.0,52556600.0,True
Brunswick,Brunswick_orig_1500ms_V2.hdf5,1213,3138986,3142204,3218,2389,829,0.7423865755127408,6.0,1229.0,549.2168271243198,514.0,2820700.0,52557100.0,True
Brunswick,Brunswick_orig_1500ms_V2.hdf5,1214,3142204,3145422,3218,1904,1314,0.5916718458669982,46.0,1218.0,518.4464285714286,459.0,2820700.0,52557700.0,True
Brunswick,Brunswick_orig_1500ms_V2.hdf5,1215,3145422,3148640,3218,2692,526,0.836544437538844,42.0,1021.0,391.03640416047546,338.0,2860700.0,52576150.0,True
Brunswick,Brunswick_orig_1500ms_V2.hdf5,1216,3148640,3151858,3218,2625,593,0.8157240522063394,22.0,1102.0,427.2472380952381,358.0,2864710.0,52579310.0,True
Brunswick,Brunswick_orig_1500ms_V2.hdf5,1217,3151858,3155076,3218,2362,856,0.7339962709757614,30.0,1204.0,539.2853513971211,500.0,2820700.0,52558440.0,True
Brunswick,Brunswick_orig_1500ms_V2.hdf5,1218,3155076,3158294,3218,2582,636,0.8023617153511498,16.0,920.0,382.8477924089853,342.0,2836700.0,52563700.0,True
Brunswick,Brunswick_orig_1500ms_V2.hdf5,1220,3158294,3161512,3218,2186,1032,0.6793039154754505,20.0,1205.0,531.203110704483,478.0,2820700.0,52558900.0,True
Brunswick,Brunswick_orig_1500ms_V2.hdf5,1221,3161512,3164730,3218,2495,723,0.7753262896208826,32.0,1084.0,414.08016032064126,342.0,2864710.0,52578710.0,True
Brunswick,Brunswick_orig_1500ms_V2.hdf5,1223,3164730,3167948,3218,2798,420,0.8694841516469857,28.0,916.0,396.0882773409578,352.0,2836700.0,52564300.0,True
Brunswick,Brunswick_orig_1500ms_V2.hdf5,1224,3167948,3171059,3111,2113,998,0.6792028286724526,20.0,1199.0,529.989588263133,490.0,2820700.0,52559500.0,True
Brunswick,Brunswick_orig_1500ms_V2.hdf5,1225,3171059,3174277,3218,2450,768,0.7613424487259167,44.0,1079.0,404.01673469387754,332.0,2864710.0,52578060.0,True
Brunswick,Brunswick_orig_1500ms_V2.hdf5,1226,3174277,3177388,3111,2242,869,0.7206685953069752,30.0,1182.0,543.1101694915254,506.0,2820700.0,52560100.0,True
Brunswick,Brunswick_orig_1500ms_V2.hdf5,1228,3177388,3180499,3111,2008,1103,0.6454516232722597,40.0,1188.0,532.5184262948208,487.5,2820700.0,52560700.0,True
Brunswick,Brunswick_orig_1500ms_V2.hdf5,1229,3180499,3183717,3218,2728,490,0.8477315102548166,36.0,911.0,392.2089442815249,346.0,2836700.0,52565500.0,True
Brunswick,Brunswick_orig_1500ms_V2.hdf5,1230,3183717,3186828,3111,1994,1117,0.640951462552234,18.0,1174.0,524.907221664995,476.0,2820700.0,52561300.0,True
Brunswick,Brunswick_orig_1500ms_V2.hdf5,1231,3186828,3190046,3218,3026,192,0.9403356121814792,42.0,1099.0,456.25908790482487,400.0,2864710.0,52577760.0,True
Brunswick,Brunswick_orig_1500ms_V2.hdf5,1232,3190046,3193157,3111,2631,480,0.845708775313404,32.0,998.0,397.0851387305207,344.0,2860700.0,52578100.0,True
Brunswick,Brunswick_orig_1500ms_V2.hdf5,1234,3193157,3196268,3111,1956,1155,0.6287367405978785,28.0,1181.0,510.6196319018405,459.0,2820700.0,52561900.0,True
Brunswick,Brunswick_orig_1500ms_V2.hdf5,1235,3196268,3199379,3111,2582,529,0.829958212793314,44.0,1010.0,389.915956622773,338.0,2860690.0,52578700.0,True
Brunswick,Brunswick_orig_1500ms_V2.hdf5,1236,3199379,3202490,3111,2739,372,0.8804243008678881,48.0,1011.0,404.3614457831325,346.0,2860690.0,52579300.0,True
Brunswick,Brunswick_orig_1500ms_V2.hdf5,1237,3202490,3205708,3218,2628,590,0.8166563082660038,26.0,1089.0,417.7804414003044,352.0,2864710.0,52576910.0,True
Brunswick,Brunswick_orig_1500ms_V2.hdf5,1240,3205708,3208819,3111,2366,745,0.7605271616843459,20.0,1080.0,404.9606931530008,340.0,2864710.0,52579910.0,True
Brunswick,Brunswick_orig_1500ms_V2.hdf5,1242,3208819,3212037,3218,2602,616,0.8085767557489124,18.0,1001.0,410.04381245196004,356.5,2832710.0,52561900.0,True
Brunswick,Brunswick_orig_1500ms_V2.hdf5,1244,3212037,3215148,3111,2327,784,0.74799099967856,40.0,1056.0,401.62526858616246,340.0,2864720.0,52580960.0,True
Brunswick,Brunswick_orig_1500ms_V2.hdf5,1245,3215148,3218366,3218,2337,881,0.7262274704785581,28.0,1005.0,398.5956354300385,346.0,2832700.0,52562500.0,True
Brunswick,Brunswick_orig_1500ms_V2.hdf5,1246,3218366,3221477,3111,1866,1245,0.5998071359691417,44.0,805.0,331.935691318328,316.0,2856720.0,52577950.0,True
Brunswick,Brunswick_orig_1500ms_V2.hdf5,1247,3221477,3224695,3218,2526,692,0.7849596022374146,38.0,988.0,406.9319081551861,356.0,2832710.0,52563100.0,True
Brunswick,Brunswick_orig_1500ms_V2.hdf5,1250,3224695,3227913,3218,2515,703,0.7815413300186451,30.0,985.0,399.5029821073559,352.0,2832700.0,52563700.0,True
Brunswick,Brunswick_orig_1500ms_V2.hdf5,1251,3227913,3231024,3111,2878,233,0.9251044680167149,32.0,1104.0,460.9315496872828,418.0,2864720.0,52581960.0,True
Brunswick,Brunswick_orig_1500ms_V2.hdf5,1252,3231024,3234135,3111,2455,656,0.7891353262616522,24.0,911.0,355.21384928716907,332.0,2856710.0,52576310.0,True
Brunswick,Brunswick_orig_1500ms_V2.hdf5,1253,3234135,3237353,3218,2763,455,0.8586078309509012,20.0,971.0,422.0597176981542,376.0,2832700.0,52564300.0,True
Brunswick,Brunswick_orig_1500ms_V2.hdf5,1256,3237353,3240464,3111,2615,496,0.8405657344905175,34.0,856.0,354.37476099426385,344.0,2852500.0,52575080.0,True
Brunswick,Brunswick_orig_1500ms_V2.hdf5,1257,3240464,3243575,3111,2540,571,0.8164577306332369,34.0,860.0,352.9220472440945,340.0,2852700.0,52575230.0,True
Brunswick,Brunswick_orig_1500ms_V2.hdf5,1258,3243575,3246686,3111,2372,739,0.7624558019929283,42.0,870.0,349.01096121416526,336.0,2852700.0,52575710.0,True
Brunswick,Brunswick_orig_1500ms_V2.hdf5,1259,3246686,3249797,3111,2583,528,0.8302796528447445,30.0,876.0,358.36778939217965,340.0,2852710.0,52576310.0,True
Brunswick,Brunswick_orig_1500ms_V2.hdf5,1260,3249797,3252908,3111,2234,877,0.718097074895532,20.0,884.0,347.5483437779767,332.0,2852710.0,52576910.0,True
Brunswick,Brunswick_orig_1500ms_V2.hdf5,1261,3252908,3256019,3111,2566,545,0.8248151719704275,22.0,716.0,348.94388152766953,340.0,2844700.0,52570910.0,True
Brunswick,Brunswick_orig_1500ms_V2.hdf5,1262,3256019,3259130,3111,2456,655,0.7894567663130826,40.0,722.0,349.4983713355049,340.0,2844700.0,52571500.0,True
Brunswick,Brunswick_orig_1500ms_V2.hdf5,1264,3259130,3262241,3111,2615,496,0.8405657344905175,24.0,806.0,350.974378585086,340.0,2848690.0,52575110.0,True
Brunswick,Brunswick_orig_1500ms_V2.hdf5,1265,3262241,3265352,3111,2705,406,0.8694953391192543,26.0,730.0,352.735674676525,342.0,2844700.0,52572700.0,True
Brunswick,Brunswick_orig_1500ms_V2.hdf5,1266,3265352,3268463,3111,2628,483,0.8447444551591128,34.0,786.0,345.7180365296804,338.0,2848690.0,52574510.0,True
Brunswick,Brunswick_orig_1500ms_V2.hdf5,1269,3268463,3271574,3111,2309,802,0.7422050787528126,20.0,1169.0,446.8947596362062,398.0,2868700.0,52581710.0,True
Brunswick,Brunswick_orig_1500ms_V2.hdf5,1270,3271574,3274685,3111,2628,483,0.8447444551591128,42.0,792.0,347.49543378995435,340.0,2848690.0,52573910.0,True
Brunswick,Brunswick_orig_1500ms_V2.hdf5,1271,3274685,3277796,3111,2106,1005,0.6769527483124397,30.0,1135.0,477.858024691358,426.0,2824690.0,52561900.0,True
Brunswick,Brunswick_orig_1500ms_V2.hdf5,1272,3277796,3280907,3111,2276,835,0.7315975570556091,28.0,1147.0,446.5997363796134,401.0,2868700.0,52582310.0,True
Brunswick,Brunswick_orig_1500ms_V2.hdf5,1273,3280907,3284018,3111,2296,815,0.7380263580842173,42.0,1123.0,480.3044425087108,430.0,2824680.0,52562500.0,True
Brunswick,Brunswick_orig_1500ms_V2.hdf5,1274,3284018,3287129,3111,2610,501,0.8389585342333655,34.0,780.0,346.3379310344828,340.0,2848690.0,52573140.0,True
Brunswick,Brunswick_orig_1500ms_V2.hdf5,1275,3287129,3290240,3111,1677,1434,0.5390549662487946,42.0,1055.0,409.25581395348837,367.0,2824680.0,52563100.0,True
Brunswick,Brunswick_orig_1500ms_V2.hdf5,1276,3290240,3293351,3111,2706,405,0.8698167791706847,28.0,776.0,352.09977827051,348.0,2848700.0,52572710.0,True
Brunswick,Brunswick_orig_1500ms_V2.hdf5,1277,3293351,3296462,3111,2278,833,0.73224043715847,24.0,1102.0,472.418349429324,418.0,2824680.0,52563700.0,True
Brunswick,Brunswick_orig_1500ms_V2.hdf5,1278,3296462,3299573,3111,2437,674,0.7833494053359048,34.0,1145.0,467.4792778005745,428.0,2868700.0,52583510.0,True
Brunswick,Brunswick_orig_1500ms_V2.hdf5,1279,3299573,3302684,3111,2640,471,0.8486017357762777,16.0,790.0,366.17083333333335,348.0,2840710.0,52571500.0,True
Brunswick,Brunswick_orig_1500ms_V2.hdf5,1280,3302684,3305795,3111,2701,410,0.8682095789135327,26.0,1141.0,504.3857830433173,494.0,2868700.0,52584010.0,True
Brunswick,Brunswick_orig_1500ms_V2.hdf5,1281,3305795,3308906,3111,2695,416,0.8662809386049501,30.0,805.0,369.14248608534325,350.0,2840700.0,52570900.0,True
Brunswick,Brunswick_orig_1500ms_V2.hdf5,1282,3308906,3312017,3111,2523,588,0.81099324975892,24.0,1009.0,441.55925485533095,394.0,2828740.0,52565470.0,True
Brunswick,Brunswick_orig_1500ms_V2.hdf5,1283,3312017,3315128,3111,2294,817,0.7373834779813565,38.0,1174.0,457.1477768090671,413.0,2868700.0,52582910.0,True
Brunswick,Brunswick_orig_1500ms_V2.hdf5,1284,3315128,3318239,3111,2587,524,0.831565413050466,36.0,1025.0,450.7212988017008,398.0,2828740.0,52564870.0,True
Brunswick,Brunswick_orig_1500ms_V2.hdf5,1285,3318239,3321350,3111,2602,509,0.8363870138219223,38.0,1030.0,451.5707148347425,403.0,2828740.0,52564270.0,True
Brunswick,Brunswick_orig_1500ms_V2.hdf5,1286,3321350,3324461,3111,2208,903,0.7097396335583414,20.0,1345.0,596.9932065217391,566.0,2876690.0,52588320.0,True
Brunswick,Brunswick_orig_1500ms_V2.hdf5,1287,3324461,3327572,3111,2150,961,0.6910961105753777,30.0,1339.0,587.8879069767441,550.0,2876680.0,52587710.0,True
Brunswick,Brunswick_orig_1500ms_V2.hdf5,1288,3327572,3330683,3111,2612,499,0.8396014143362263,26.0,1039.0,450.6883614088821,402.0,2828730.0,52563680.0,True
Brunswick,Brunswick_orig_1500ms_V2.hdf5,1289,3330683,3333794,3111,2819,292,0.9061395049823208,40.0,794.0,368.12805959560126,344.0,2840700.0,52570300.0,True
Brunswick,Brunswick_orig_1500ms_V2.hdf5,1290,3333794,3336905,3111,2233,878,0.7177756348441016,40.0,1334.0,579.1849529780565,548.0,2876680.0,52587110.0,True
Brunswick,Brunswick_orig_1500ms_V2.hdf5,1291,3336905,3340016,3111,2558,553,0.8222436515589843,16.0,1040.0,451.47771696638,399.0,2828730.0,52563080.0,True
Brunswick,Brunswick_orig_1500ms_V2.hdf5,1292,3340016,3343127,3111,2433,678,0.7820636451301832,22.0,1237.0,528.3884093711467,498.0,2872700.0,52583510.0,True
Brunswick,Brunswick_orig_1500ms_V2.hdf5,1294,3343127,3346238,3111,1879,1232,0.6039858566377371,44.0,1328.0,557.3959552953698,516.0,2876680.0,52586520.0,True
Brunswick,Brunswick_orig_1500ms_V2.hdf5,1295,3346238,3349349,3111,2429,682,0.7807778849244615,32.0,1239.0,519.0757513379991,490.0,2872700.0,52584120.0,True
Brunswick,Brunswick_orig_1500ms_V2.hdf5,1296,3349349,3352460,3111,2865,246,0.9209257473481196,26.0,817.0,373.9525305410122,352.0,2840700.0,52569100.0,True
Brunswick,Brunswick_orig_1500ms_V2.hdf5,1297,3352460,3355571,3111,2236,875,0.7187399549983928,30.0,1319.0,574.3336314847943,542.0,2876680.0,52585910.0,True
Brunswick,Brunswick_orig_1500ms_V2.hdf5,1298,3355571,3358682,3111,2345,766,0.7537769206043073,40.0,1248.0,514.3782515991471,486.0,2872700.0,52584710.0,True
Brunswick,Brunswick_orig_1500ms_V2.hdf5,1299,3358682,3361793,3111,2829,282,0.9093539054966249,20.0,834.0,373.8943089430894,352.0,2840700.0,52568500.0,True
Brunswick,Brunswick_orig_1500ms_V2.hdf5,1300,3361793,3364904,3111,2412,699,0.7753134040501446,20.0,1318.0,591.5912106135987,570.0,2876680.0,52585320.0,True
Brunswick,Brunswick_orig_1500ms_V2.hdf5,1301,3364904,3368015,3111,2383,728,0.7659916425586628,36.0,1245.0,519.5006294586656,488.0,2872700.0,52585320.0,True
Brunswick,Brunswick_orig_1500ms_V2.hdf5,1302,3368015,3371126,3111,2744,367,0.8820315011250401,16.0,980.0,421.22813411078715,374.0,2832700.0,52564900.0,True
Brunswick,Brunswick_orig_1500ms_V2.hdf5,1303,3371126,3374237,3111,2384,727,0.7663130826100932,26.0,1261.0,522.310822147651,497.0,2872700.0,52585920.0,True
Brunswick,Brunswick_orig_1500ms_V2.hdf5,1304,3374237,3377348,3111,2631,480,0.845708775313404,26.0,969.0,409.78107183580386,360.0,2832700.0,52565490.0,True
Brunswick,Brunswick_orig_1500ms_V2.hdf5,1305,3377348,3380459,3111,2378,733,0.7643844423015108,18.0,1276.0,529.0731707317074,500.0,2872700.0,52586520.0,True
Brunswick,Brunswick_orig_1500ms_V2.hdf5,1307,3380459,3383570,3111,2684,427,0.8627450980392157,38.0,946.0,407.25,360.0,2832700.0,52566690.0,True
Brunswick,Brunswick_orig_1500ms_V2.hdf5,1308,3383570,3386681,3111,2464,647,0.7920282867245259,14.0,889.0,369.95089285714283,334.0,2836700.0,52566700.0,True
Brunswick,Brunswick_orig_1500ms_V2.hdf5,1309,3386681,3389792,3111,2620,491,0.8421729347476695,26.0,943.0,400.7797709923664,360.0,2832700.0,52567300.0,True
Brunswick,Brunswick_orig_1500ms_V2.hdf5,1310,3389792,3392903,3111,2798,313,0.8993892639022822,24.0,884.0,387.10650464617584,348.0,2836700.0,52567300.0,True
Brunswick,Brunswick_orig_1500ms_V2.hdf5,1311,3392903,3396014,3111,2771,340,0.8907103825136612,18.0,941.0,410.79321544568745,370.0,2832700.0,52567900.0,True
Brunswick,Brunswick_orig_1500ms_V2.hdf5,1313,3396014,3399125,3111,2813,298,0.9042108646737383,38.0,881.0,384.62175613224315,346.0,2836700.0,52568500.0,True
Brunswick,Brunswick_orig_1500ms_V2.hdf5,1314,3399125,3402236,3111,2745,366,0.8823529411764706,28.0,888.0,383.45610200364297,348.0,2836700.0,52569100.0,True
Brunswick,Brunswick_orig_1500ms_V2.hdf5,1315,3402236,3405347,3111,2848,263,0.9154612664738027,18.0,864.0,381.5986657303371,350.0,2836700.0,52569700.0,True
Brunswick,Brunswick_orig_1500ms_V2.hdf5,1323,3405347,3408322,2975,1898,1077,0.6379831932773109,24.0,1274.0,575.7334035827187,543.0,2876690.0,52589010.0,True
Brunswick,Brunswick_orig_1500ms_V2.hdf5,1324,3408322,3411297,2975,2334,641,0.7845378151260505,40.0,1078.0,419.78363324764354,374.0,2864740.0,52584160.0,True
Brunswick,Brunswick_orig_1500ms_V2.hdf5,1325,3411297,3414272,2975,2066,909,0.6944537815126051,34.0,1222.0,585.3731848983543,560.0,2876690.0,52589520.0,True
Brunswick,Brunswick_orig_1500ms_V2.hdf5,1326,3414272,3417247,2975,2252,723,0.7569747899159663,38.0,1097.0,425.5990230905862,372.0,2864740.0,52584700.0,True
Brunswick,Brunswick_orig_1500ms_V2.hdf5,1327,3417247,3420222,2975,2234,741,0.7509243697478991,44.0,1320.0,615.5425246195166,604.0,2876690.0,52590120.0,True
Brunswick,Brunswick_orig_1500ms_V2.hdf5,1328,3420222,3423197,2975,2540,435,0.853781512605042,30.0,1093.0,457.85393700787404,416.0,2864740.0,52585310.0,True
Brunswick,Brunswick_orig_1500ms_V2.hdf5,1329,3423197,3426172,2975,2580,395,0.8672268907563025,26.0,786.0,354.1046511627907,342.0,2840700.0,52572100.0,True
Brunswick,Brunswick_orig_1500ms_V2.hdf5,1330,3426172,3429147,2975,2371,604,0.7969747899159664,36.0,1332.0,635.8435259384227,622.0,2876690.0,52590720.0,True
Brunswick,Brunswick_orig_1500ms_V2.hdf5,1331,3429147,3432122,2975,2168,807,0.7287394957983193,18.0,1107.0,426.6033210332103,364.5,2864740.0,52585910.0,True
Brunswick,Brunswick_orig_1500ms_V2.hdf5,1332,3432122,3434927,2805,2378,427,0.8477718360071301,20.0,1079.0,452.1156433978133,422.0,2864740.0,52586510.0,True
Brunswick,Brunswick_orig_1500ms_V2.hdf5,1333,3434927,3437902,2975,2652,323,0.8914285714285715,32.0,778.0,351.459653092006,340.0,2840710.0,52572700.0,True
Brunswick,Brunswick_orig_1500ms_V2.hdf5,1334,3437902,3440877,2975,2246,729,0.7549579831932773,26.0,1344.0,639.5008904719501,622.0,2876700.0,52591560.0,True
Brunswick,Brunswick_orig_1500ms_V2.hdf5,1335,3440877,3443852,2975,2305,670,0.7747899159663866,18.0,1016.0,417.5652928416486,366.0,2828740.0,52566070.0,True
Brunswick,Brunswick_orig_1500ms_V2.hdf5,1336,3443852,3446827,2975,2757,218,0.9267226890756303,40.0,772.0,353.9637286906057,340.0,2840710.0,52573300.0,True
Brunswick,Brunswick_orig_1500ms_V2.hdf5,1337,3446827,3449632,2805,2181,624,0.7775401069518717,22.0,1299.0,641.1338835396607,632.0,2876700.0,52591920.0,True
Brunswick,Brunswick_orig_1500ms_V2.hdf5,1338,3449632,3452607,2975,2265,710,0.761344537815126,24.0,1011.0,417.9130242825607,364.0,2828740.0,52566680.0,True
Brunswick,Brunswick_orig_1500ms_V2.hdf5,1339,3452607,3455582,2975,2195,780,0.7378151260504202,34.0,1005.0,401.70478359908884,346.0,2828740.0,52567270.0,True
Brunswick,Brunswick_orig_1500ms_V2.hdf5,1340,3455582,3458557,2975,2505,470,0.8420168067226891,32.0,765.0,341.725748502994,328.0,2840710.0,52573650.0,True
Brunswick,Brunswick_orig_1500ms_V2.hdf5,1341,3458557,3461362,2805,2029,776,0.7233511586452763,42.0,1099.0,443.7831444061114,396.0,2864740.0,52587200.0,True
Brunswick,Brunswick_orig_1500ms_V2.hdf5,1342,3461362,3464167,2805,2025,780,0.7219251336898396,34.0,1299.0,638.8153086419753,626.0,2876700.0,52592520.0,True
Brunswick,Brunswick_orig_1500ms_V2.hdf5,1343,3464167,3467142,2975,2485,490,0.8352941176470589,38.0,1008.0,427.1830985915493,378.0,2828740.0,52567880.0,True
Brunswick,Brunswick_orig_1500ms_V2.hdf5,1344,3467142,3470253,3111,2751,360,0.8842815814850531,24.0,852.0,358.446383133406,348.0,2852700.0,52574650.0,True
Brunswick,Brunswick_orig_1500ms_V2.hdf5,1345,3470253,3473058,2805,1955,850,0.696969696969697,42.0,1076.0,440.3601023017903,412.0,2864740.0,52587710.0,True
Brunswick,Brunswick_orig_1500ms_V2.hdf5,1346,3473058,3475863,2805,2172,633,0.774331550802139,48.0,1322.0,665.1289134438306,659.0,2876700.0,52593020.0,True
Brunswick,Brunswick_orig_1500ms_V2.hdf5,1347,3475863,3478838,2975,2440,535,0.8201680672268907,28.0,982.0,416.8823770491803,368.0,2828740.0,52568560.0,True
Brunswick,Brunswick_orig_1500ms_V2.hdf5,1350,3478838,3481813,2975,2594,381,0.8719327731092437,18.0,852.0,353.95528141865844,338.0,2852720.0,52577500.0,True
Brunswick,Brunswick_orig_1500ms_V2.hdf5,1351,3481813,3484618,2805,2412,393,0.8598930481283422,18.0,757.0,335.93532338308455,326.0,2840710.0,52575100.0,True
Brunswick,Brunswick_orig_1500ms_V2.hdf5,1352,3484618,3487423,2805,2240,565,0.7985739750445633,28.0,1104.0,457.4419642857143,420.5,2864740.0,52588310.0,True
Brunswick,Brunswick_orig_1500ms_V2.hdf5,1353,3487423,3490398,2975,2667,308,0.8964705882352941,28.0,856.0,359.3190851143607,344.0,2852720.0,52578110.0,True
Brunswick,Brunswick_orig_1500ms_V2.hdf5,1354,3490398,3493373,2975,2692,283,0.9048739495798319,40.0,866.0,362.425705794948,344.0,2852720.0,52578700.0,True
Brunswick,Brunswick_orig_1500ms_V2.hdf5,1357,3493373,3496178,2805,2293,512,0.8174688057040999,22.0,982.0,407.461404273877,360.0,2828760.0,52569670.0,True
Brunswick,Brunswick_orig_1500ms_V2.hdf5,1358,3496178,3499153,2975,2632,343,0.8847058823529412,42.0,876.0,362.94490881458967,338.0,2852720.0,52579310.0,True
Brunswick,Brunswick_orig_1500ms_V2.hdf5,1360,3499153,3501958,2805,2206,599,0.7864527629233512,34.0,984.0,402.3377153218495,350.0,2828770.0,52570280.0,True
Brunswick,Brunswick_orig_1500ms_V2.hdf5,1361,3501958,3504933,2975,2750,225,0.9243697478991597,28.0,888.0,371.7250909090909,348.0,2852720.0,52579910.0,True
Brunswick,Brunswick_orig_1500ms_V2.hdf5,1362,3504933,3507738,2805,2244,561,0.8,24.0,1260.0,582.9523172905526,577.0,2872710.0,52592520.0,True
Brunswick,Brunswick_orig_1500ms_V2.hdf5,1363,3507738,3510543,2805,2517,288,0.8973262032085562,38.0,742.0,341.3512117600318,330.0,2840700.0,52576900.0,True
Brunswick,Brunswick_orig_1500ms_V2.hdf5,1364,3510543,3513348,2805,2063,742,0.7354723707664884,20.0,820.0,348.2729035385361,320.0,2852730.0,52580510.0,True
Brunswick,Brunswick_orig_1500ms_V2.hdf5,1365,3513348,3516153,2805,2397,408,0.8545454545454545,38.0,977.0,412.7580308719232,366.0,2828770.0,52570610.0,True
Brunswick,Brunswick_orig_1500ms_V2.hdf5,1366,3516153,3518958,2805,2128,677,0.7586452762923351,36.0,1240.0,576.4351503759399,568.0,2872710.0,52591920.0,True
Brunswick,Brunswick_orig_1500ms_V2.hdf5,1367,3518958,3521763,2805,2092,713,0.7458110516934047,34.0,857.0,355.6257170172084,332.0,2852730.0,52581110.0,True
Brunswick,Brunswick_orig_1500ms_V2.hdf5,1368,3521763,3524568,2805,2687,118,0.9579322638146167,28.0,738.0,352.97097134350577,340.0,2840700.0,52577500.0,True
Brunswick,Brunswick_orig_1500ms_V2.hdf5,1369,3524568,3527373,2805,2442,363,0.8705882352941177,42.0,860.0,355.76003276003274,334.0,2852740.0,52581710.0,True
Brunswick,Brunswick_orig_1500ms_V2.hdf5,1370,3527373,3530178,2805,2390,415,0.8520499108734403,46.0,836.0,355.2523012552301,334.0,2852740.0,52582310.0,True
Brunswick,Brunswick_orig_1500ms_V2.hdf5,1371,3530178,3532983,2805,2047,758,0.7297682709447415,40.0,1244.0,560.4098680996581,540.0,2872710.0,52591310.0,True
Brunswick,Brunswick_orig_1500ms_V2.hdf5,1372,3532983,3535788,2805,2581,224,0.9201426024955437,34.0,859.0,366.3773731111972,346.0,2852750.0,52582900.0,True
Brunswick,Brunswick_orig_1500ms_V2.hdf5,1373,3535788,3538593,2805,2339,466,0.8338680926916221,34.0,947.0,407.75972637879437,360.0,2828780.0,52571480.0,True
Brunswick,Brunswick_orig_1500ms_V2.hdf5,1374,3538593,3541398,2805,1834,971,0.6538324420677362,42.0,1014.0,410.83860414394763,366.0,2860700.0,52586940.0,True
Brunswick,Brunswick_orig_1500ms_V2.hdf5,1375,3541398,3544203,2805,2270,535,0.8092691622103387,20.0,879.0,348.67136563876653,332.0,2852750.0,52583500.0,True
Brunswick,Brunswick_orig_1500ms_V2.hdf5,1376,3544203,3547008,2805,2026,779,0.7222816399286988,30.0,1229.0,566.4491609081934,556.0,2872710.0,52590720.0,True
Brunswick,Brunswick_orig_1500ms_V2.hdf5,1378,3547008,3549813,2805,2266,539,0.807843137254902,22.0,958.0,398.48411297440424,354.0,2828790.0,52572170.0,True
Brunswick,Brunswick_orig_1500ms_V2.hdf5,1379,3549813,3552618,2805,2021,784,0.7204991087344028,24.0,1210.0,549.5591291439881,526.0,2872710.0,52590120.0,True
Brunswick,Brunswick_orig_1500ms_V2.hdf5,1380,3552618,3555423,2805,2418,387,0.8620320855614974,48.0,1026.0,418.41315136476425,370.0,2860650.0,52586150.0,True
Brunswick,Brunswick_orig_1500ms_V2.hdf5,1381,3555423,3558228,2805,2443,362,0.8709447415329769,22.0,816.0,349.18706508391324,328.0,2836700.0,52575700.0,True
Brunswick,Brunswick_orig_1500ms_V2.hdf5,1382,3558228,3561203,2975,2315,660,0.7781512605042017,26.0,1267.0,557.3766738660908,538.0,2872710.0,52589510.0,True
Brunswick,Brunswick_orig_1500ms_V2.hdf5,1383,3561203,3564178,2975,2348,627,0.7892436974789916,38.0,1258.0,551.236797274276,528.0,2872700.0,52588920.0,True
Brunswick,Brunswick_orig_1500ms_V2.hdf5,1384,3564178,3566983,2805,2260,545,0.8057040998217468,34.0,818.0,343.58761061946905,324.0,2836700.0,52575100.0,True
Brunswick,Brunswick_orig_1500ms_V2.hdf5,1385,3566983,3569788,2805,2423,382,0.8638146167557932,18.0,814.0,345.8576145274453,332.0,2848660.0,52581710.0,True
Brunswick,Brunswick_orig_1500ms_V2.hdf5,1386,3569788,3572763,2975,2362,613,0.7939495798319328,40.0,1245.0,549.436917866215,530.0,2872700.0,52588320.0,True
Brunswick,Brunswick_orig_1500ms_V2.hdf5,1388,3572763,3575568,2805,2421,384,0.8631016042780749,28.0,802.0,343.8963238331268,332.0,2848660.0,52581110.0,True
Brunswick,Brunswick_orig_1500ms_V2.hdf5,1389,3575568,3578543,2975,2320,655,0.7798319327731092,32.0,1236.0,540.0702586206896,522.0,2872700.0,52587700.0,True
Brunswick,Brunswick_orig_1500ms_V2.hdf5,1390,3578543,3581348,2805,2550,255,0.9090909090909091,40.0,783.0,346.5305882352941,334.0,2848660.0,52580510.0,True
Brunswick,Brunswick_orig_1500ms_V2.hdf5,1391,3581348,3584153,2805,2433,372,0.8673796791443851,28.0,820.0,352.098643649815,328.0,2836700.0,52573900.0,True
Brunswick,Brunswick_orig_1500ms_V2.hdf5,1392,3584153,3586958,2805,2553,252,0.9101604278074866,44.0,794.0,348.728946337642,336.0,2848660.0,52580170.0,True
Brunswick,Brunswick_orig_1500ms_V2.hdf5,1393,3586958,3589763,2805,2547,258,0.9080213903743316,40.0,1010.0,427.6576364350216,380.0,2860690.0,52585050.0,True
Brunswick,Brunswick_orig_1500ms_V2.hdf5,1394,3589763,3592738,2975,2287,688,0.7687394957983193,22.0,1240.0,539.8522081329253,526.0,2872700.0,52587120.0,True
Brunswick,Brunswick_orig_1500ms_V2.hdf5,1395,3592738,3595543,2805,2515,290,0.8966131907308378,26.0,774.0,342.01590457256464,330.0,2848660.0,52579080.0,True
Brunswick,Brunswick_orig_1500ms_V2.hdf5,1396,3595543,3598348,2805,2706,99,0.9647058823529412,34.0,1008.0,437.76459719142645,400.0,2860690.0,52584700.0,True
Brunswick,Brunswick_orig_1500ms_V2.hdf5,1397,3598348,3601153,2805,2453,352,0.8745098039215686,18.0,763.0,338.44883815735835,328.0,2848660.0,52578710.0,True
Brunswick,Brunswick_orig_1500ms_V2.hdf5,1398,3601153,3604128,2975,2593,382,0.8715966386554622,24.0,810.0,345.3640570767451,338.0,2848670.0,52578110.0,True
Brunswick,Brunswick_orig_1500ms_V2.hdf5,1399,3604128,3606933,2805,2542,263,0.9062388591800357,22.0,999.0,418.3127458693942,372.0,2860680.0,52584300.0,True
Brunswick,Brunswick_orig_1500ms_V2.hdf5,1400,3606933,3609738,2805,2307,498,0.8224598930481284,14.0,1026.0,455.1135674035544,404.0,2824670.0,52570390.0,True
Brunswick,Brunswick_orig_1500ms_V2.hdf5,1401,3609738,3612713,2975,2667,308,0.8964705882352941,36.0,802.0,349.7705286839145,340.0,2848670.0,52577510.0,True
Brunswick,Brunswick_orig_1500ms_V2.hdf5,1403,3612713,3615688,2975,2604,371,0.8752941176470588,28.0,1026.0,408.9009216589862,354.0,2860280.0,52583500.0,True
Brunswick,Brunswick_orig_1500ms_V2.hdf5,1404,3615688,3618663,2975,2744,231,0.9223529411764706,44.0,790.0,351.893221574344,342.0,2848680.0,52576910.0,True
Brunswick,Brunswick_orig_1500ms_V2.hdf5,1405,3618663,3621638,2975,2384,591,0.801344537815126,20.0,1151.0,472.20260067114094,440.0,2868700.0,52584710.0,True
Brunswick,Brunswick_orig_1500ms_V2.hdf5,1406,3621638,3624443,2805,2406,399,0.8577540106951872,28.0,1057.0,461.1841230257689,420.0,2824670.0,52569700.0,True
Brunswick,Brunswick_orig_1500ms_V2.hdf5,1407,3624443,3627418,2975,2611,364,0.8776470588235294,16.0,838.0,364.93412485637685,338.0,2836700.0,52572700.0,True
Brunswick,Brunswick_orig_1500ms_V2.hdf5,1408,3627418,3630393,2975,2715,260,0.9126050420168067,34.0,784.0,349.95101289134436,344.0,2848680.0,52576310.0,True
Brunswick,Brunswick_orig_1500ms_V2.hdf5,1409,3630393,3633368,2975,2006,969,0.6742857142857143,22.0,1147.0,450.53240279162515,402.0,2868700.0,52585310.0,True
Brunswick,Brunswick_orig_1500ms_V2.hdf5,1410,3633368,3636343,2975,2528,447,0.8497478991596639,44.0,1016.0,403.04944620253167,349.0,2860270.0,52582720.0,True
Brunswick,Brunswick_orig_1500ms_V2.hdf5,1412,3636343,3639318,2975,2575,400,0.865546218487395,22.0,774.0,341.96660194174757,338.0,2848680.0,52575700.0,True
Brunswick,Brunswick_orig_1500ms_V2.hdf5,1413,3639318,3642293,2975,2353,622,0.7909243697478991,34.0,1161.0,471.60900977475563,440.0,2868700.0,52585900.0,True
Brunswick,Brunswick_orig_1500ms_V2.hdf5,1415,3642293,3645098,2805,2139,666,0.7625668449197861,34.0,1051.0,453.33286582515194,402.0,2824670.0,52568500.0,True
Brunswick,Brunswick_orig_1500ms_V2.hdf5,1416,3645098,3648073,2975,2431,544,0.8171428571428572,36.0,1158.0,486.8165364047717,462.0,2868700.0,52586500.0,True
Brunswick,Brunswick_orig_1500ms_V2.hdf5,1417,3648073,3651048,2975,2849,126,0.9576470588235294,38.0,864.0,381.9648999649,346.0,2836700.0,52571500.0,True
Brunswick,Brunswick_orig_1500ms_V2.hdf5,1418,3651048,3654023,2975,2312,663,0.7771428571428571,28.0,1002.0,382.2331314878893,328.0,2860680.0,52581650.0,True
Brunswick,Brunswick_orig_1500ms_V2.hdf5,1419,3654023,3656828,2805,2248,557,0.8014260249554367,24.0,1062.0,455.9386120996441,416.0,2824670.0,52567900.0,True
Brunswick,Brunswick_orig_1500ms_V2.hdf5,1420,3656828,3659803,2975,2765,210,0.9294117647058824,20.0,718.0,348.59566003616635,344.0,2844710.0,52573910.0,True
Brunswick,Brunswick_orig_1500ms_V2.hdf5,1421,3659803,3662778,2975,2431,544,0.8171428571428572,28.0,1176.0,484.11517893870837,462.0,2868700.0,52587110.0,True
Brunswick,Brunswick_orig_1500ms_V2.hdf5,1422,3662778,3665753,2975,2482,493,0.8342857142857143,20.0,1074.0,469.9939564867043,428.0,2824670.0,52567300.0,True
Brunswick,Brunswick_orig_1500ms_V2.hdf5,1423,3665753,3668728,2975,2797,178,0.9401680672268907,32.0,716.0,351.1004647836968,346.0,2844710.0,52574510.0,True
Brunswick,Brunswick_orig_1500ms_V2.hdf5,1425,3668728,3671703,2975,2627,348,0.8830252100840336,44.0,1012.0,402.4114960030453,352.0,2860270.0,52582310.0,True
Brunswick,Brunswick_orig_1500ms_V2.hdf5,1426,3671703,3674678,2975,1977,998,0.6645378151260504,18.0,1137.0,441.75821952453214,402.0,2868700.0,52587700.0,True
Brunswick,Brunswick_orig_1500ms_V2.hdf5,1427,3674678,3677653,2975,2444,531,0.8215126050420168,26.0,1069.0,478.3752045826514,436.0,2824670.0,52566700.0,True
Brunswick,Brunswick_orig_1500ms_V2.hdf5,1428,3677653,3680628,2975,2404,571,0.8080672268907563,24.0,848.0,367.0881863560732,336.0,2836700.0,52570300.0,True
Brunswick,Brunswick_orig_1500ms_V2.hdf5,1429,3680628,3683433,2805,2209,596,0.7875222816399287,20.0,1112.0,479.45586238116795,464.0,2868700.0,52588300.0,True
Brunswick,Brunswick_orig_1500ms_V2.hdf5,1430,3683433,3686408,2975,2159,816,0.7257142857142858,34.0,1085.0,460.41593330245485,414.0,2824670.0,52566100.0,True
Brunswick,Brunswick_orig_1500ms_V2.hdf5,1432,3686408,3689383,2975,2364,611,0.7946218487394958,36.0,1088.0,472.90693739424705,429.0,2824670.0,52565500.0,True
Brunswick,Brunswick_orig_1500ms_V2.hdf5,1433,3689383,3692188,2805,2081,724,0.7418894830659537,30.0,1161.0,486.2066314271985,462.0,2868700.0,52588910.0,True
Brunswick,Brunswick_orig_1500ms_V2.hdf5,1434,3692188,3695163,2975,2386,589,0.802016806722689,30.0,1093.0,484.2569153394803,443.0,2824670.0,52564900.0,True
Brunswick,Brunswick_orig_1500ms_V2.hdf5,1435,3695163,3698138,2975,2261,714,0.76,18.0,1132.0,476.515701017249,436.0,2824680.0,52564300.0,True
Brunswick,Brunswick_orig_1500ms_V2.hdf5,1436,3698138,3700943,2805,2125,680,0.7575757575757576,40.0,1126.0,484.7190588235294,466.0,2868700.0,52589500.0,True
Brunswick,Brunswick_orig_1500ms_V2.hdf5,1438,3700943,3703918,2975,2348,627,0.7892436974789916,26.0,931.0,386.63756388415675,343.0,2832700.0,52568500.0,True
Brunswick,Brunswick_orig_1500ms_V2.hdf5,1440,3703918,3706893,2975,2610,365,0.8773109243697479,30.0,730.0,347.0980842911877,336.0,2844720.0,52575800.0,True
Brunswick,Brunswick_orig_1500ms_V2.hdf5,1442,3706893,3709868,2975,2289,686,0.7694117647058824,36.0,919.0,385.10048055919617,342.0,2832700.0,52569100.0,True
Brunswick,Brunswick_orig_1500ms_V2.hdf5,1443,3709868,3712843,2975,2577,398,0.866218487394958,20.0,738.0,346.8828094683741,336.0,2844720.0,52576310.0,True
Brunswick,Brunswick_orig_1500ms_V2.hdf5,1444,3712843,3715648,2805,2067,738,0.7368983957219252,20.0,1182.0,503.9869375907112,476.0,2868700.0,52590700.0,True
Brunswick,Brunswick_orig_1500ms_V2.hdf5,1446,3715648,3718623,2975,2545,430,0.8554621848739495,14.0,748.0,343.1387033398821,334.0,2845000.0,52576850.0,True
Brunswick,Brunswick_orig_1500ms_V2.hdf5,1447,3718623,3721598,2975,2210,765,0.7428571428571429,36.0,908.0,383.6058823529412,336.0,2832690.0,52569700.0,True
Brunswick,Brunswick_orig_1500ms_V2.hdf5,1448,3721598,3724573,2975,1727,1248,0.5805042016806723,18.0,1061.0,504.1621308627678,488.0,2820700.0,52562500.0,True
Brunswick,Brunswick_orig_1500ms_V2.hdf5,1449,3724573,3727548,2975,2429,546,0.8164705882352942,42.0,944.0,375.91395636064226,338.0,2856730.0,52581110.0,True
Brunswick,Brunswick_orig_1500ms_V2.hdf5,1450,3727548,3730353,2805,2292,513,0.8171122994652407,14.0,690.0,328.28970331588135,318.0,2844730.0,52576900.0,True
Brunswick,Brunswick_orig_1500ms_V2.hdf5,1451,3730353,3732953,2600,1946,654,0.7484615384615385,16.0,1148.0,508.2754367934224,496.0,2868710.0,52591310.0,True
Brunswick,Brunswick_orig_1500ms_V2.hdf5,1452,3732953,3735928,2975,2359,616,0.7929411764705883,28.0,914.0,384.42306061890633,342.0,2832690.0,52570300.0,True
Brunswick,Brunswick_orig_1500ms_V2.hdf5,1453,3735928,3738903,2975,2412,563,0.8107563025210084,30.0,956.0,373.681592039801,334.0,2856730.0,52581710.0,True
Brunswick,Brunswick_orig_1500ms_V2.hdf5,1454,3738903,3741878,2975,1830,1145,0.6151260504201681,30.0,1168.0,500.86830601092896,460.0,2820700.0,52563100.0,True
Brunswick,Brunswick_orig_1500ms_V2.hdf5,1455,3741878,3744683,2805,2311,494,0.823885918003565,26.0,698.0,328.63435742102985,322.0,2844730.0,52577500.0,True
Brunswick,Brunswick_orig_1500ms_V2.hdf5,1456,3744683,3747658,2975,2496,479,0.8389915966386554,14.0,910.0,397.30528846153845,352.0,2832690.0,52570890.0,True
Brunswick,Brunswick_orig_1500ms_V2.hdf5,1457,3747658,3750258,2600,2229,371,0.8573076923076923,28.0,1153.0,551.3135935397039,550.0,2868710.0,52591910.0,True
Brunswick,Brunswick_orig_1500ms_V2.hdf5,1458,3750258,3753233,2975,2546,429,0.8557983193277311,22.0,963.0,387.6869599371563,349.5,2856730.0,52582310.0,True
Brunswick,Brunswick_orig_1500ms_V2.hdf5,1459,3753233,3756038,2805,2254,551,0.8035650623885918,38.0,707.0,330.2098491570541,320.0,2844730.0,52578110.0,True
Brunswick,Brunswick_orig_1500ms_V2.hdf5,1460,3756038,3759013,2975,2204,771,0.7408403361344538,40.0,1061.0,510.8021778584392,498.5,2820700.0,52563700.0,True
Brunswick,Brunswick_orig_1500ms_V2.hdf5,1461,3759013,3761818,2805,2411,394,0.859536541889483,16.0,906.0,386.53048527581916,346.0,2832690.0,52571220.0,True
Brunswick,Brunswick_orig_1500ms_V2.hdf5,1463,3761818,3764623,2805,2422,383,0.863458110516934,40.0,724.0,337.1969446738233,329.5,2844740.0,52578710.0,True
Brunswick,Brunswick_orig_1500ms_V2.hdf5,1464,3764623,3767598,2975,2499,476,0.84,40.0,1149.0,568.969587835134,551.0,2820700.0,52564300.0,True
Brunswick,Brunswick_orig_1500ms_V2.hdf5,1466,3767598,3770403,2805,2427,378,0.8652406417112299,28.0,734.0,339.7503090234858,332.0,2844740.0,52579310.0,True
Brunswick,Brunswick_orig_1500ms_V2.hdf5,1467,3770403,3773208,2805,2288,517,0.8156862745098039,32.0,910.0,378.881993006993,340.0,2832700.0,52572100.0,True
Brunswick,Brunswick_orig_1500ms_V2.hdf5,1468,3773208,3776183,2975,2247,728,0.7552941176470588,28.0,1140.0,541.1815754339119,514.0,2820700.0,52564900.0,True
Brunswick,Brunswick_orig_1500ms_V2.hdf5,1470,3776183,3778988,2805,2337,468,0.8331550802139037,40.0,897.0,390.9379546427043,340.0,2832690.0,52572700.0,True
Brunswick,Brunswick_orig_1500ms_V2.hdf5,1471,3778988,3781963,2975,2506,469,0.8423529411764706,18.0,1154.0,560.8858739026336,530.0,2820700.0,52565500.0,True
Brunswick,Brunswick_orig_1500ms_V2.hdf5,1474,3781963,3784768,2805,2270,535,0.8092691622103387,32.0,880.0,379.64625550660793,340.0,2832690.0,52573300.0,True
Brunswick,Brunswick_orig_1500ms_V2.hdf5,1475,3784768,3787573,2805,2027,778,0.722638146167558,30.0,1124.0,522.6161815490873,498.0,2820690.0,52566100.0,True
Brunswick,Brunswick_orig_1500ms_V2.hdf5,1476,3787573,3790378,2805,2428,377,0.8655971479500891,22.0,898.0,386.11079077429986,344.0,2832690.0,52573900.0,True
Brunswick,Brunswick_orig_1500ms_V2.hdf5,1477,3790378,3793183,2805,2304,501,0.8213903743315508,38.0,1131.0,551.1427951388889,519.5,2820690.0,52566700.0,True
Brunswick,Brunswick_orig_1500ms_V2.hdf5,1478,3793183,3795988,2805,2285,520,0.8146167557932263,13.0,1128.0,534.181181619256,519.0,2820690.0,52567300.0,True
Brunswick,Brunswick_orig_1500ms_V2.hdf5,1479,3795988,3798793,2805,2250,555,0.8021390374331551,30.0,1117.0,526.2755555555556,510.0,2820690.0,52567900.0,True
Brunswick,Brunswick_orig_1500ms_V2.hdf5,1480,3798793,3801598,2805,2261,544,0.806060606060606,18.0,1112.0,527.7111897390536,506.0,2820680.0,52568500.0,True
Brunswick,Brunswick_orig_1500ms_V2.hdf5,1481,3801598,3804198,2600,2179,421,0.838076923076923,38.0,1169.0,551.753556677375,548.0,2868710.0,52592510.0,True
Brunswick,Brunswick_orig_1500ms_V2.hdf5,1482,3804198,3807003,2805,2420,385,0.8627450980392157,20.0,745.0,341.8628099173554,332.0,2844750.0,52579910.0,True
Brunswick,Brunswick_orig_1500ms_V2.hdf5,1485,3807003,3809603,2600,2272,328,0.8738461538461538,20.0,886.0,379.24295774647885,335.5,2832680.0,52574490.0,True
Brunswick,Brunswick_orig_1500ms_V2.hdf5,1486,3809603,3812203,2600,2368,232,0.9107692307692308,48.0,927.0,406.23015202702703,368.0,2856800.0,52587200.0,True
Brunswick,Brunswick_orig_1500ms_V2.hdf5,1487,3812203,3814803,2600,2293,307,0.8819230769230769,26.0,702.0,335.5769733972961,322.0,2844760.0,52580510.0,True
Brunswick,Brunswick_orig_1500ms_V2.hdf5,1488,3814803,3817403,2600,2293,307,0.8819230769230769,30.0,882.0,373.30091583078934,336.0,2832690.0,52575100.0,True
Brunswick,Brunswick_orig_1500ms_V2.hdf5,1489,3817403,3820003,2600,2332,268,0.8969230769230769,42.0,947.0,406.1831046312178,368.0,2857020.0,52587630.0,True
Brunswick,Brunswick_orig_1500ms_V2.hdf5,1490,3820003,3822603,2600,2195,405,0.8442307692307692,16.0,1098.0,540.7849658314351,526.0,2820680.0,52568850.0,True
Brunswick,Brunswick_orig_1500ms_V2.hdf5,1491,3822603,3825203,2600,2251,349,0.8657692307692307,40.0,887.0,372.7925366503776,334.0,2832690.0,52575700.0,True
Brunswick,Brunswick_orig_1500ms_V2.hdf5,1493,3825203,3827803,2600,2349,251,0.9034615384615384,38.0,1174.0,571.9054916985951,577.0,2868710.0,52593110.0,True
Brunswick,Brunswick_orig_1500ms_V2.hdf5,1494,3827803,3830403,2600,2353,247,0.905,24.0,958.0,411.0454738631534,372.0,2856850.0,52588300.0,True
Brunswick,Brunswick_orig_1500ms_V2.hdf5,1495,3830403,3833003,2600,2298,302,0.8838461538461538,38.0,866.0,373.36597040905133,334.0,2832690.0,52576300.0,True
Brunswick,Brunswick_orig_1500ms_V2.hdf5,1496,3833003,3835603,2600,2296,304,0.8830769230769231,26.0,1189.0,575.0561846689895,575.0,2868720.0,52593700.0,True
Brunswick,Brunswick_orig_1500ms_V2.hdf5,1497,3835603,3838203,2600,2224,376,0.8553846153846154,32.0,868.0,367.68660071942446,332.0,2832690.0,52576650.0,True
Brunswick,Brunswick_orig_1500ms_V2.hdf5,1498,3838203,3840564,2361,2075,286,0.878864887759424,18.0,918.0,399.981686746988,360.0,2856860.0,52588900.0,True
Brunswick,Brunswick_orig_1500ms_V2.hdf5,1499,3840564,3843164,2600,2237,363,0.8603846153846154,20.0,1196.0,566.4997764863657,572.0,2868720.0,52594310.0,True
Brunswick,Brunswick_orig_1500ms_V2.hdf5,1500,3843164,3845764,2600,2246,354,0.8638461538461538,40.0,700.0,334.0939447907391,323.5,2844760.0,52581110.0,True
Brunswick,Brunswick_orig_1500ms_V2.hdf5,1501,3845764,3848125,2361,2144,217,0.9080897924608217,32.0,927.0,415.22714552238807,384.0,2856850.0,52589510.0,True
Brunswick,Brunswick_orig_1500ms_V2.hdf5,1502,3848125,3850725,2600,2228,372,0.8569230769230769,42.0,1123.0,522.7868043087972,495.0,2820680.0,52570570.0,True
Brunswick,Brunswick_orig_1500ms_V2.hdf5,1503,3850725,3853325,2600,2349,251,0.9034615384615384,42.0,722.0,339.3201362281822,330.0,2844760.0,52581710.0,True
Brunswick,Brunswick_orig_1500ms_V2.hdf5,1504,3853325,3855686,2361,2102,259,0.8903007200338839,44.0,934.0,413.19124643196955,378.0,2856840.0,52590110.0,True
Brunswick,Brunswick_orig_1500ms_V2.hdf5,1505,3855686,3858286,2600,2342,258,0.9007692307692308,30.0,731.0,337.66438941076,332.0,2844770.0,52582310.0,True
Brunswick,Brunswick_orig_1500ms_V2.hdf5,1506,3858286,3860886,2600,2376,224,0.9138461538461539,16.0,860.0,375.1868686868687,341.0,2832690.0,52577500.0,True
Brunswick,Brunswick_orig_1500ms_V2.hdf5,1507,3860886,3863486,2600,2315,285,0.8903846153846153,22.0,737.0,340.829373650108,336.0,2844770.0,52582910.0,True
Brunswick,Brunswick_orig_1500ms_V2.hdf5,1508,3863486,3866086,2600,2229,371,0.8573076923076923,38.0,1114.0,530.80978017048,496.0,2820680.0,52570900.0,True
Brunswick,Brunswick_orig_1500ms_V2.hdf5,1509,3866086,3868447,2361,2075,286,0.878864887759424,36.0,946.0,412.9874698795181,376.0,2856830.0,52590700.0,True
Brunswick,Brunswick_orig_1500ms_V2.hdf5,1510,3868447,3870808,2361,2141,220,0.9068191444303262,24.0,696.0,330.18916394208316,320.0,2844780.0,52583510.0,True
Brunswick,Brunswick_orig_1500ms_V2.hdf5,1511,3870808,3873169,2361,2070,291,0.8767471410419314,28.0,703.0,327.92946859903384,318.0,2844780.0,52583890.0,True
Brunswick,Brunswick_orig_1500ms_V2.hdf5,1512,3873169,3875530,2361,2144,217,0.9080897924608217,28.0,965.0,434.36473880597015,408.0,2856820.0,52591310.0,True
Brunswick,Brunswick_orig_1500ms_V2.hdf5,1513,3875530,3878130,2600,2196,404,0.8446153846153847,26.0,1118.0,527.8770491803278,494.0,2820680.0,52571500.0,True
Brunswick,Brunswick_orig_1500ms_V2.hdf5,1514,3878130,3880491,2361,2112,249,0.8945362134688691,24.0,876.0,356.360321969697,314.0,2832690.0,52578100.0,True
Brunswick,Brunswick_orig_1500ms_V2.hdf5,1515,3880491,3882852,2361,2186,175,0.9258788648877594,40.0,712.0,335.37236962488566,328.0,2844780.0,52584530.0,True
Brunswick,Brunswick_orig_1500ms_V2.hdf5,1516,3882852,3885213,2361,2085,276,0.8831003811944091,16.0,958.0,422.40287769784175,390.0,2856810.0,52591900.0,True
Brunswick,Brunswick_orig_1500ms_V2.hdf5,1518,3885213,3887574,2361,2103,258,0.8907242693773825,20.0,1089.0,520.9001426533523,480.0,2820680.0,52572100.0,True
Brunswick,Brunswick_orig_1500ms_V2.hdf5,1519,3887574,3889935,2361,2154,207,0.9123252858958069,36.0,900.0,363.06499535747446,321.5,2832700.0,52578710.0,True
Brunswick,Brunswick_orig_1500ms_V2.hdf5,1520,3889935,3892535,2600,2234,366,0.8592307692307692,26.0,1240.0,628.5049239033125,642.0,2872710.0,52593710.0,True
Brunswick,Brunswick_orig_1500ms_V2.hdf5,1521,3892535,3894896,2361,2147,214,0.9093604404913173,26.0,972.0,436.1243595714951,404.0,2856800.0,52592500.0,True
Brunswick,Brunswick_orig_1500ms_V2.hdf5,1522,3894896,3897257,2361,2177,184,0.9220669207962727,38.0,854.0,361.93982544786405,322.0,2832700.0,52579300.0,True
Brunswick,Brunswick_orig_1500ms_V2.hdf5,1523,3897257,3899618,2361,2058,303,0.8716645489199492,30.0,1090.0,520.9207968901846,476.0,2820680.0,52572700.0,True
Brunswick,Brunswick_orig_1500ms_V2.hdf5,1524,3899618,3901979,2361,2150,211,0.9106310885218127,34.0,980.0,441.7641860465116,408.0,2856780.0,52593100.0,True
Brunswick,Brunswick_orig_1500ms_V2.hdf5,1525,3901979,3904340,2361,2095,266,0.8873358746293943,32.0,708.0,336.400477326969,334.0,2843620.0,52585060.0,True
Brunswick,Brunswick_orig_1500ms_V2.hdf5,1526,3904340,3906701,2361,2047,314,0.8670055061414654,45.0,925.0,444.57840742550076,422.0,2856780.0,52593700.0,True
Brunswick,Brunswick_orig_1500ms_V2.hdf5,1527,3906701,3909062,2361,2185,176,0.9254553155442609,28.0,848.0,362.56384439359266,322.0,2832700.0,52579900.0,True
Brunswick,Brunswick_orig_1500ms_V2.hdf5,1528,3909062,3911423,2361,2049,312,0.8678526048284625,38.0,1080.0,509.2459736456808,459.0,2820680.0,52573300.0,True
Brunswick,Brunswick_orig_1500ms_V2.hdf5,1529,3911423,3913784,2361,2153,208,0.9119017365523083,32.0,994.0,456.95308871342314,422.0,2856760.0,52594310.0,True
Brunswick,Brunswick_orig_1500ms_V2.hdf5,1530,3913784,3916145,2361,2192,169,0.9284201609487506,20.0,852.0,368.6829379562044,328.0,2832700.0,52580500.0,True
Brunswick,Brunswick_orig_1500ms_V2.hdf5,1531,3916145,3918506,2361,2149,212,0.9102075391783143,26.0,994.0,462.29036761284317,432.0,2856760.0,52594910.0,True
Brunswick,Brunswick_orig_1500ms_V2.hdf5,1532,3918506,3920867,2361,2188,173,0.9267259635747565,34.0,1094.0,527.867915904936,490.0,2820280.0,52572720.0,True
Brunswick,Brunswick_orig_1500ms_V2.hdf5,1533,3920867,3923228,2361,2219,142,0.9398559932232105,52.0,1093.0,536.7890941865705,542.0,2864800.0,52594910.0,True
Brunswick,Brunswick_orig_1500ms_V2.hdf5,1534,3923228,3925589,2361,2317,44,0.9813638288860652,22.0,744.0,352.2399654725939,354.0,2844760.0,52586160.0,True
Brunswick,Brunswick_orig_1500ms_V2.hdf5,1535,3925589,3927950,2361,2191,170,0.927996611605252,50.0,1088.0,528.8060246462802,531.0,2864790.0,52594310.0,True
Brunswick,Brunswick_orig_1500ms_V2.hdf5,1536,3927950,3930311,2361,2190,171,0.9275730622617535,38.0,1079.0,518.3159817351598,518.5,2864780.0,52593710.0,True
Brunswick,Brunswick_orig_1500ms_V2.hdf5,1537,3930311,3932672,2361,2183,178,0.9246082168572639,26.0,1072.0,511.6087952359139,516.0,2864780.0,52593110.0,True
Brunswick,Brunswick_orig_1500ms_V2.hdf5,1538,3932672,3935033,2361,2241,120,0.9491740787801779,20.0,786.0,348.13699241410086,322.0,2836680.0,52582300.0,True
Brunswick,Brunswick_orig_1500ms_V2.hdf5,1539,3935033,3937394,2361,724,1637,0.30664972469292673,22.0,818.0,281.2279005524862,253.5,2860720.0,52594300.0,False
Brunswick,Brunswick_orig_1500ms_V2.hdf5,1540,3937394,3939755,2361,2203,158,0.9330792037272342,14.0,1061.0,504.50748978665456,508.0,2864770.0,52592510.0,True
Brunswick,Brunswick_orig_1500ms_V2.hdf5,1541,3939755,3942116,2361,311,2050,0.13172384582803898,34.0,782.0,287.1382636655949,232.0,2860720.0,52594900.0,False
Brunswick,Brunswick_orig_1500ms_V2.hdf5,1542,3942116,3944477,2361,2248,113,0.9521389241846675,32.0,792.0,345.1886120996441,320.0,2836690.0,52581700.0,True
Brunswick,Brunswick_orig_1500ms_V2.hdf5,1543,3944477,3947077,2600,2398,202,0.9223076923076923,20.0,1105.0,507.87698081734777,497.0,2864770.0,52591910.0,True
Brunswick,Brunswick_orig_1500ms_V2.hdf5,1544,3947077,3949438,2361,2218,143,0.939432443879712,22.0,809.0,361.06402164111813,356.0,2848680.0,52587760.0,True
Brunswick,Brunswick_orig_1500ms_V2.hdf5,1547,3949438,3952038,2600,2392,208,0.92,32.0,1087.0,501.22867892976586,494.0,2864760.0,52591310.0,True
Brunswick,Brunswick_orig_1500ms_V2.hdf5,1548,3952038,3954399,2361,2253,108,0.9542566709021602,42.0,780.0,346.312028406569,320.0,2836690.0,52581100.0,True
Brunswick,Brunswick_orig_1500ms_V2.hdf5,1549,3954399,3956760,2361,2167,194,0.9178314273612876,42.0,786.0,351.18320258421784,340.0,2848680.0,52586500.0,True
Brunswick,Brunswick_orig_1500ms_V2.hdf5,1551,3956760,3959122,2362,2194,168,0.9288738357324301,36.0,1038.0,464.2046490428441,414.0,2824020.0,52574620.0,True
Brunswick,Brunswick_orig_1500ms_V2.hdf5,1554,3959122,3961484,2362,2272,90,0.9618966977138018,38.0,1016.0,469.3538732394366,454.5,2860720.0,52592500.0,True
Brunswick,Brunswick_orig_1500ms_V2.hdf5,1555,3961484,3964084,2600,2455,145,0.9442307692307692,40.0,1096.0,502.5437881873727,496.0,2864760.0,52590710.0,True
Brunswick,Brunswick_orig_1500ms_V2.hdf5,1556,3964084,3966446,2362,2226,136,0.9424216765453006,24.0,788.0,344.3629829290207,316.0,2836690.0,52579900.0,True
Brunswick,Brunswick_orig_1500ms_V2.hdf5,1557,3966446,3968808,2362,2176,186,0.9212531752751905,38.0,1038.0,459.6796875,408.0,2823800.0,52575200.0,True
Brunswick,Brunswick_orig_1500ms_V2.hdf5,1558,3968808,3971170,2362,2211,151,0.9360711261642676,36.0,1006.0,461.6132971506106,448.0,2860720.0,52591900.0,True
Brunswick,Brunswick_orig_1500ms_V2.hdf5,1559,3971170,3973532,2362,2096,266,0.8873835732430144,24.0,766.0,348.09685114503816,336.0,2848680.0,52585320.0,True
Brunswick,Brunswick_orig_1500ms_V2.hdf5,1560,3973532,3975894,2362,2169,193,0.9182895850973751,26.0,1041.0,463.3148916551406,404.0,2823580.0,52575810.0,True
Brunswick,Brunswick_orig_1500ms_V2.hdf5,1561,3975894,3978256,2362,2107,255,0.8920406435224386,28.0,997.0,446.5420028476507,422.0,2860720.0,52591300.0,True
Brunswick,Brunswick_orig_1500ms_V2.hdf5,1563,3978256,3980856,2600,2165,435,0.8326923076923077,16.0,811.0,356.8494226327945,354.0,2848680.0,52584960.0,True
Brunswick,Brunswick_orig_1500ms_V2.hdf5,1564,3980856,3983456,2600,2316,284,0.8907692307692308,28.0,1081.0,484.92573402417963,472.5,2864750.0,52590110.0,True
Brunswick,Brunswick_orig_1500ms_V2.hdf5,1565,3983456,3986056,2600,2421,179,0.9311538461538461,28.0,794.0,354.9467162329616,330.0,2836690.0,52578710.0,True
Brunswick,Brunswick_orig_1500ms_V2.hdf5,1567,3986056,3988656,2600,2383,217,0.9165384615384615,18.0,1077.0,484.6168694922367,472.0,2864750.0,52589500.0,True
Brunswick,Brunswick_orig_1500ms_V2.hdf5,1568,3988656,3991256,2600,2318,282,0.8915384615384615,26.0,1028.0,448.19456427955134,416.0,2860720.0,52590100.0,True
Brunswick,Brunswick_orig_1500ms_V2.hdf5,1569,3991256,3993856,2600,2215,385,0.8519230769230769,38.0,1013.0,438.7422121896162,405.0,2860710.0,52589500.0,True
Brunswick,Brunswick_orig_1500ms_V2.hdf5,1570,3993856,3996456,2600,2393,207,0.9203846153846154,46.0,1019.0,448.1629753447555,416.0,2860710.0,52588900.0,True
Brunswick,Brunswick_orig_1500ms_V2.hdf5,1571,3996456,3999056,2600,2447,153,0.9411538461538461,34.0,793.0,354.9072333469555,346.0,2848670.0,52584010.0,True
Brunswick,Brunswick_orig_1500ms_V2.hdf5,1572,3999056,4001656,2600,2327,273,0.895,40.0,1017.0,442.81650193382035,410.0,2860710.0,52588300.0,True
Brunswick,Brunswick_orig_1500ms_V2.hdf5,1573,4001656,4004256,2600,2461,139,0.9465384615384616,42.0,776.0,352.02641202763107,342.0,2848670.0,52583510.0,True
Brunswick,Brunswick_orig_1500ms_V2.hdf5,1575,4004256,4006856,2600,2270,330,0.8730769230769231,52.0,800.0,364.75550660792953,338.0,2836690.0,52577960.0,True
Brunswick,Brunswick_orig_1500ms_V2.hdf5,1576,4006856,4009456,2600,2438,162,0.9376923076923077,42.0,784.0,349.19483182936835,337.0,2848670.0,52582910.0,True
Brunswick,Brunswick_orig_1500ms_V2.hdf5,1578,4009456,4012056,2600,2406,194,0.9253846153846154,28.0,765.0,345.31795511221947,334.0,2848670.0,52582310.0,True
Brunswick,Brunswick_orig_1500ms_V2.hdf5,1579,4012056,4014656,2600,2453,147,0.9434615384615385,42.0,816.0,351.4357929066449,328.0,2836700.0,52577510.0,True
Brunswick,Brunswick_orig_1500ms_V2.hdf5,1580,4014656,4017256,2600,2250,350,0.8653846153846154,30.0,809.0,346.2937777777778,318.0,2836700.0,52576910.0,True
Brunswick,Brunswick_orig_1500ms_V2.hdf5,1581,4017256,4019856,2600,2228,372,0.8569230769230769,18.0,816.0,348.3500897666068,320.0,2836700.0,52576300.0,True
Brunswick,Brunswick_orig_1500ms_V2.hdf5,1582,4019856,4022456,2600,2318,282,0.8915384615384615,24.0,850.0,362.1389128559103,340.0,2852760.0,52584120.0,True
Brunswick,Brunswick_orig_1500ms_V2.hdf5,1583,4022456,4025056,2600,2271,329,0.8734615384615385,38.0,842.0,362.11404667547333,340.0,2852760.0,52584710.0,True
Brunswick,Brunswick_orig_1500ms_V2.hdf5,1584,4025056,4027418,2362,2069,293,0.8759525825571549,18.0,1002.0,440.80570323827936,380.0,2824690.0,52576900.0,True
Brunswick,Brunswick_orig_1500ms_V2.hdf5,1585,4027418,4030018,2600,2252,348,0.8661538461538462,44.0,856.0,369.61500888099465,348.0,2852760.0,52585130.0,True
Brunswick,Brunswick_orig_1500ms_V2.hdf5,1586,4030018,4032380,2362,2097,265,0.8878069432684166,16.0,1001.0,447.75631855030997,394.0,2824500.0,52576890.0,True
Brunswick,Brunswick_orig_1500ms_V2.hdf5,1587,4032380,4034742,2362,2049,313,0.867485182049111,26.0,1013.0,437.59150805270866,374.0,2824690.0,52576300.0,True
Brunswick,Brunswick_orig_1500ms_V2.hdf5,1590,4034742,4037342,2600,2478,122,0.953076923076923,40.0,880.0,381.7639225181598,366.0,2852770.0,52585960.0,True
Brunswick,Brunswick_orig_1500ms_V2.hdf5,1591,4037342,4039704,2362,1957,405,0.8285351397121083,58.0,1059.0,570.3949923352069,580.0,2820690.0,52593090.0,True
Brunswick,Brunswick_orig_1500ms_V2.hdf5,1592,4039704,4042304,2600,2442,158,0.9392307692307692,28.0,890.0,385.44144144144144,370.0,2852780.0,52586510.0,True
Brunswick,Brunswick_orig_1500ms_V2.hdf5,1593,4042304,4044666,2362,2060,302,0.8721422523285352,22.0,1008.0,450.226213592233,386.0,2824690.0,52575100.0,True
Brunswick,Brunswick_orig_1500ms_V2.hdf5,1594,4044666,4047028,2362,2178,184,0.9220999153259949,20.0,847.0,370.7323232323232,352.0,2852790.0,52587110.0,True
Brunswick,Brunswick_orig_1500ms_V2.hdf5,1595,4047028,4049390,2362,1797,565,0.7607959356477562,64.0,1076.0,564.6822481914302,577.0,2820680.0,52593700.0,True
Brunswick,Brunswick_orig_1500ms_V2.hdf5,1597,4049390,4051752,2362,2121,241,0.8979678238780694,30.0,846.0,367.6001885902876,348.0,2852800.0,52587710.0,True
Brunswick,Brunswick_orig_1500ms_V2.hdf5,1598,4051752,4054114,2362,2078,284,0.8797629127857748,28.0,1031.0,459.56929740134746,404.0,2824680.0,52574500.0,True
Brunswick,Brunswick_orig_1500ms_V2.hdf5,1599,4054114,4056476,2362,1865,497,0.7895850973751058,70.0,1099.0,565.7849865951742,581.0,2820680.0,52594300.0,True
Brunswick,Brunswick_orig_1500ms_V2.hdf5,1600,4056476,4058838,2362,2160,202,0.9144792548687553,44.0,864.0,375.6740740740741,358.0,2852800.0,52588310.0,True
Brunswick,Brunswick_orig_1500ms_V2.hdf5,1601,4058838,4061200,2362,1456,906,0.6164267569856055,78.0,1113.0,530.9876373626373,531.5,2820680.0,52594900.0,True
Brunswick,Brunswick_orig_1500ms_V2.hdf5,1602,4061200,4063562,2362,2196,166,0.9297205757832345,20.0,1027.0,457.01138433515484,411.0,2824680.0,52573900.0,True
Brunswick,Brunswick_orig_1500ms_V2.hdf5,1603,4063562,4065924,2362,2256,106,0.9551227773073666,36.0,875.0,389.13829787234044,372.0,2852800.0,52588910.0,True
Brunswick,Brunswick_orig_1500ms_V2.hdf5,1604,4065924,4068286,2362,1999,363,0.8463166807790008,46.0,1030.0,521.3266633316658,543.0,2824560.0,52594710.0,True
Brunswick,Brunswick_orig_1500ms_V2.hdf5,1605,4068286,4070886,2600,2416,184,0.9292307692307692,42.0,725.0,342.06043046357615,326.0,2840700.0,52579500.0,True
Brunswick,Brunswick_orig_1500ms_V2.hdf5,1606,4070886,4073248,2362,2238,124,0.947502116850127,24.0,883.0,396.1787310098302,380.0,2852790.0,52589510.0,True
Brunswick,Brunswick_orig_1500ms_V2.hdf5,1607,4073248,4075848,2600,2440,160,0.9384615384615385,26.0,1081.0,474.69631147540986,432.0,2824680.0,52573240.0,True
Brunswick,Brunswick_orig_1500ms_V2.hdf5,1608,4075848,4078210,2362,2264,98,0.9585097375105842,16.0,892.0,399.36042402826854,384.0,2852790.0,52590110.0,True
Brunswick,Brunswick_orig_1500ms_V2.hdf5,1609,4078210,4080572,2362,904,1458,0.3827265029635902,38.0,875.0,350.896017699115,346.5,2824690.0,52594300.0,False
Brunswick,Brunswick_orig_1500ms_V2.hdf5,1610,4080572,4083172,2600,2454,146,0.9438461538461539,34.0,1032.0,478.69722901385495,444.0,2824680.0,52572700.0,True
Brunswick,Brunswick_orig_1500ms_V2.hdf5,1611,4083172,4085534,2362,2293,69,0.970787468247248,24.0,900.0,405.7078063672045,390.0,2852780.0,52590700.0,True
Brunswick,Brunswick_orig_1500ms_V2.hdf5,1612,4085534,4088134,2600,2426,174,0.933076923076923,38.0,718.0,341.4530090684254,328.0,2840700.0,52579900.0,True
Brunswick,Brunswick_orig_1500ms_V2.hdf5,1613,4088134,4090496,2362,2265,97,0.9589331075359865,36.0,906.0,411.17218543046357,394.0,2852780.0,52591310.0,True
Brunswick,Brunswick_orig_1500ms_V2.hdf5,1614,4090496,4093096,2600,2388,212,0.9184615384615384,40.0,1026.0,467.8295644891122,428.0,2824670.0,52572100.0,True
Brunswick,Brunswick_orig_1500ms_V2.hdf5,1615,4093096,4095458,2362,2256,106,0.9551227773073666,42.0,916.0,420.76241134751774,406.0,2852770.0,52591900.0,True
Brunswick,Brunswick_orig_1500ms_V2.hdf5,1616,4095458,4098058,2600,2433,167,0.9357692307692308,26.0,719.0,345.8438142211262,332.0,2840710.0,52580500.0,True
Brunswick,Brunswick_orig_1500ms_V2.hdf5,1618,4098058,4100658,2600,2430,170,0.9346153846153846,28.0,1039.0,478.1687242798354,438.5,2824670.0,52571500.0,True
Brunswick,Brunswick_orig_1500ms_V2.hdf5,1620,4100658,4103020,2362,1793,569,0.7591024555461473,26.0,1038.0,481.0122699386503,489.0,2824700.0,52593700.0,True
Brunswick,Brunswick_orig_1500ms_V2.hdf5,1621,4103020,4105382,2362,2125,237,0.8996613039796783,28.0,1054.0,555.2621176470589,570.0,2820920.0,52591900.0,True
Brunswick,Brunswick_orig_1500ms_V2.hdf5,1622,4105382,4107744,2362,2250,112,0.9525825571549534,20.0,940.0,430.04044444444446,414.0,2852760.0,52593110.0,True
Brunswick,Brunswick_orig_1500ms_V2.hdf5,1624,4107744,4110106,2362,2231,131,0.9445385266723116,24.0,727.0,332.95248767368895,316.0,2840710.0,52581700.0,True
Brunswick,Brunswick_orig_1500ms_V2.hdf5,1626,4110106,4112468,2362,2162,200,0.9153259949195597,20.0,1038.0,547.0305272895467,562.0,2821180.0,52591300.0,True
Brunswick,Brunswick_orig_1500ms_V2.hdf5,1628,4112468,4115068,2600,2399,201,0.9226923076923077,22.0,1049.0,473.4039182992914,438.0,2824670.0,52571140.0,True
Brunswick,Brunswick_orig_1500ms_V2.hdf5,1630,4115068,4117430,2362,1951,411,0.8259949195596952,22.0,983.0,484.4976934905177,504.0,2824700.0,52592500.0,True
Brunswick,Brunswick_orig_1500ms_V2.hdf5,1631,4117430,4119792,2362,2217,145,0.9386113463166808,44.0,956.0,448.61253946774923,434.0,2852750.0,52594910.0,True
Brunswick,Brunswick_orig_1500ms_V2.hdf5,1633,4119792,4122154,2362,2099,263,0.888653683319221,34.0,979.0,504.37160552644116,522.0,2824700.0,52591900.0,True
Brunswick,Brunswick_orig_1500ms_V2.hdf5,1634,4122154,4124516,2362,2124,238,0.8992379339542761,44.0,1086.0,532.8775894538607,547.5,2821700.0,52590100.0,True
Brunswick,Brunswick_orig_1500ms_V2.hdf5,1635,4124516,4126878,2362,2035,327,0.8615580016934801,40.0,975.0,492.74447174447175,505.0,2824700.0,52591300.0,True
Brunswick,Brunswick_orig_1500ms_V2.hdf5,1636,4126878,4129240,2362,2045,317,0.8657917019475021,34.0,1073.0,527.5300733496332,538.0,2821970.0,52589500.0,True
Brunswick,Brunswick_orig_1500ms_V2.hdf5,1637,4129240,4131602,2362,2090,272,0.8848433530906011,42.0,722.0,335.9971291866029,324.0,2840710.0,52582900.0,True
Brunswick,Brunswick_orig_1500ms_V2.hdf5,1638,4131602,4133964,2362,2061,301,0.8725656223539373,28.0,964.0,494.52450266860745,518.0,2824700.0,52590700.0,True
Brunswick,Brunswick_orig_1500ms_V2.hdf5,1639,4133964,4136326,2362,2102,260,0.8899237933954276,21.0,1066.0,512.1189343482398,524.0,2822230.0,52588900.0,True
Brunswick,Brunswick_orig_1500ms_V2.hdf5,1640,4136326,4138688,2362,2093,269,0.8861134631668078,20.0,965.0,480.4495938843765,493.0,2824700.0,52590230.0,True
Brunswick,Brunswick_orig_1500ms_V2.hdf5,1641,4138688,4141050,2362,2135,227,0.9038950042337003,32.0,719.0,337.15550351288056,326.0,2840710.0,52583500.0,True
Brunswick,Brunswick_orig_1500ms_V2.hdf5,1642,4141050,4143412,2362,2102,260,0.8899237933954276,19.0,1074.0,511.7526165556613,514.5,2821750.0,52588300.0,True
Brunswick,Brunswick_orig_1500ms_V2.hdf5,1643,4143412,4145774,2362,2116,246,0.8958509737510584,16.0,1034.0,491.0293005671077,512.0,2824680.0,52589750.0,True
Brunswick,Brunswick_orig_1500ms_V2.hdf5,1644,4145774,4148136,2362,2079,283,0.880186282811177,20.0,923.0,434.06541606541606,428.0,2848710.0,52594820.0,True
Brunswick,Brunswick_orig_1500ms_V2.hdf5,1645,4148136,4150498,2362,2164,198,0.9161727349703641,22.0,906.0,432.7130314232902,430.0,2848710.0,52594320.0,True
Brunswick,Brunswick_orig_1500ms_V2.hdf5,1648,4150498,4152860,2362,2154,208,0.9119390347163421,32.0,905.0,421.86583101207054,422.5,2848700.0,52593710.0,True
Brunswick,Brunswick_orig_1500ms_V2.hdf5,1649,4152860,4155222,2362,2010,352,0.8509737510584251,38.0,1029.0,469.6099502487562,476.0,2824690.0,52588740.0,True
Brunswick,Brunswick_orig_1500ms_V2.hdf5,1650,4155222,4157584,2362,1994,368,0.8441998306519899,20.0,690.0,334.20411233701105,326.5,2840710.0,52584710.0,True
Brunswick,Brunswick_orig_1500ms_V2.hdf5,1651,4157584,4159946,2362,2132,230,0.9026248941574937,46.0,897.0,413.9169793621013,410.5,2848700.0,52593110.0,True
Brunswick,Brunswick_orig_1500ms_V2.hdf5,1652,4159946,4162308,2362,2093,269,0.8861134631668078,44.0,1099.0,527.7271858576206,518.0,2820670.0,52586850.0,True
Brunswick,Brunswick_orig_1500ms_V2.hdf5,1654,4162308,4164670,2362,2137,225,0.9047417442845047,38.0,884.0,404.995320542817,404.0,2848700.0,52592510.0,True
Brunswick,Brunswick_orig_1500ms_V2.hdf5,1655,4164670,4167032,2362,2080,282,0.8806096528365792,30.0,690.0,345.2490384615385,338.0,2840710.0,52585210.0,True
Brunswick,Brunswick_orig_1500ms_V2.hdf5,1656,4167032,4169394,2362,2189,173,0.9267569856054191,50.0,1053.0,528.251256281407,514.0,2820670.0,52586500.0,True
Brunswick,Brunswick_orig_1500ms_V2.hdf5,1657,4169394,4171756,2362,2038,324,0.8628281117696867,36.0,969.0,461.810598626104,464.0,2824690.0,52587700.0,True
Brunswick,Brunswick_orig_1500ms_V2.hdf5,1658,4171756,4174118,2362,2185,177,0.9250635055038103,26.0,880.0,401.4329519450801,398.0,2848700.0,52591910.0,True
Brunswick,Brunswick_orig_1500ms_V2.hdf5,1659,4174118,4176718,2600,2288,312,0.88,18.0,953.0,421.2867132867133,374.0,2828800.0,52572680.0,True
Brunswick,Brunswick_orig_1500ms_V2.hdf5,1660,4176718,4179080,2362,1961,401,0.8302286198137172,38.0,977.0,499.41815400305967,493.0,2820670.0,52585900.0,True
Brunswick,Brunswick_orig_1500ms_V2.hdf5,1661,4179080,4181442,2362,2131,231,0.9022015241320914,18.0,869.0,388.8029094321915,386.0,2848700.0,52591310.0,True
Brunswick,Brunswick_orig_1500ms_V2.hdf5,1662,4181442,4183804,2362,2067,295,0.8751058425063506,24.0,988.0,459.54862119013063,462.0,2824690.0,52587100.0,True
Brunswick,Brunswick_orig_1500ms_V2.hdf5,1665,4183804,4186166,2362,2164,198,0.9161727349703641,30.0,849.0,385.3960258780037,382.0,2848700.0,52590710.0,True
Brunswick,Brunswick_orig_1500ms_V2.hdf5,1666,4186166,4188528,2362,1965,397,0.831922099915326,18.0,990.0,444.08091603053435,446.0,2824690.0,52586500.0,True
Brunswick,Brunswick_orig_1500ms_V2.hdf5,1667,4188528,4191128,2600,2390,210,0.9192307692307692,40.0,954.0,418.8866108786611,370.0,2828790.0,52573880.0,True
Brunswick,Brunswick_orig_1500ms_V2.hdf5,1668,4191128,4193490,2362,2011,351,0.8513971210838273,18.0,1101.0,503.2725012431626,485.0,2820670.0,52584690.0,True
Brunswick,Brunswick_orig_1500ms_V2.hdf5,1669,4193490,4196090,2600,2360,240,0.9076923076923077,36.0,955.0,415.6470338983051,364.0,2828790.0,52574480.0,True
Brunswick,Brunswick_orig_1500ms_V2.hdf5,1670,4196090,4198452,2362,2099,263,0.888653683319221,44.0,843.0,378.3382563125298,378.0,2848690.0,52590110.0,True
Brunswick,Brunswick_orig_1500ms_V2.hdf5,1671,4198452,4200814,2362,2005,357,0.8488569009314141,29.0,1093.0,504.1266832917706,488.0,2820670.0,52584100.0,True
Brunswick,Brunswick_orig_1500ms_V2.hdf5,1672,4200814,4203176,2362,2100,262,0.8890770533446232,48.0,844.0,384.99857142857144,380.0,2848690.0,52589510.0,True
Brunswick,Brunswick_orig_1500ms_V2.hdf5,1673,4203176,4205776,2600,2310,290,0.8884615384615384,24.0,936.0,410.47229437229436,358.0,2828790.0,52575080.0,True
Brunswick,Brunswick_orig_1500ms_V2.hdf5,1674,4205776,4208138,2362,2129,233,0.901354784081287,41.0,1061.0,518.5641146077971,490.0,2820670.0,52583500.0,True
Brunswick,Brunswick_orig_1500ms_V2.hdf5,1675,4208138,4210500,2362,2192,170,0.9280270956816258,28.0,822.0,368.0465328467153,366.0,2848690.0,52588910.0,True
Brunswick,Brunswick_orig_1500ms_V2.hdf5,1676,4210500,4212862,2362,2050,312,0.8679085520745131,44.0,710.0,346.4770731707317,345.0,2840710.0,52586170.0,True
Brunswick,Brunswick_orig_1500ms_V2.hdf5,1677,4212862,4215462,2600,2393,207,0.9203846153846154,18.0,940.0,416.1696615127455,366.0,2828780.0,52575680.0,True
Brunswick,Brunswick_orig_1500ms_V2.hdf5,1678,4215462,4217824,2362,2043,319,0.8649449618966977,42.0,1057.0,506.48507097405775,480.0,2820670.0,52582900.0,True
Brunswick,Brunswick_orig_1500ms_V2.hdf5,1679,4217824,4220186,2362,2174,188,0.9204064352243861,14.0,814.0,364.9057037718491,360.0,2848690.0,52588310.0,True
Brunswick,Brunswick_orig_1500ms_V2.hdf5,1680,4220186,4222548,2362,2204,158,0.9331075359864521,40.0,700.0,351.0662431941924,346.0,2840710.0,52586390.0,True
Brunswick,Brunswick_orig_1500ms_V2.hdf5,1681,4222548,4224910,2362,2233,129,0.945385266723116,22.0,936.0,404.819973130318,352.0,2828780.0,52576210.0,True
Brunswick,Brunswick_orig_1500ms_V2.hdf5,1682,4224910,4227272,2362,2042,320,0.8645215918712955,25.0,1062.0,506.3041136141038,472.0,2820670.0,52582290.0,True
Brunswick,Brunswick_orig_1500ms_V2.hdf5,1683,4227272,4229634,2362,2040,322,0.8636748518204911,20.0,1066.0,499.7676470588235,464.0,2820670.0,52581700.0,True
Brunswick,Brunswick_orig_1500ms_V2.hdf5,1684,4229634,4231996,2362,2103,259,0.8903471634208298,24.0,710.0,349.6295767950547,348.0,2840720.0,52587100.0,True
Brunswick,Brunswick_orig_1500ms_V2.hdf5,1685,4231996,4234358,2362,2042,320,0.8645215918712955,14.0,1092.0,493.97110675808034,452.0,2820680.0,52581090.0,True
Brunswick,Brunswick_orig_1500ms_V2.hdf5,1687,4234358,4236720,2362,2102,260,0.8899237933954276,42.0,1062.0,504.3287345385347,456.0,2820680.0,52580500.0,True
Brunswick,Brunswick_orig_1500ms_V2.hdf5,1689,4236720,4239082,2362,2014,348,0.8526672311600338,40.0,1050.0,487.8093346573982,442.0,2821080.0,52579900.0,True
Brunswick,Brunswick_orig_1500ms_V2.hdf5,1690,4239082,4241444,2362,2136,226,0.9043183742591024,40.0,930.0,392.9260299625468,340.0,2828770.0,52577480.0,True
Brunswick,Brunswick_orig_1500ms_V2.hdf5,1692,4241444,4243806,2362,2169,193,0.9182895850973751,28.0,734.0,364.6260949746427,366.0,2840720.0,52588400.0,True
Brunswick,Brunswick_orig_1500ms_V2.hdf5,1693,4243806,4246168,2362,1987,375,0.8412362404741744,24.0,1051.0,479.9491696024157,424.0,2821480.0,52579290.0,True
Brunswick,Brunswick_orig_1500ms_V2.hdf5,1694,4246168,4248530,2362,2255,107,0.9546994072819645,48.0,992.0,472.5170731707317,458.0,2824690.0,52585300.0,True
Brunswick,Brunswick_orig_1500ms_V2.hdf5,1695,4248530,4250892,2362,2110,252,0.8933107535986452,30.0,930.0,390.80663507109006,340.0,2828760.0,52578130.0,True
Brunswick,Brunswick_orig_1500ms_V2.hdf5,1696,4250892,4253254,2362,1490,872,0.6308213378492803,40.0,780.0,310.1080536912752,300.0,2844770.0,52588310.0,True
Brunswick,Brunswick_orig_1500ms_V2.hdf5,1697,4253254,4255616,2362,2016,346,0.8535139712108383,16.0,1047.0,481.984126984127,422.0,2821850.0,52578700.0,True
Brunswick,Brunswick_orig_1500ms_V2.hdf5,1698,4255616,4257978,2362,2059,303,0.871718882303133,36.0,987.0,455.7197668771248,434.0,2824690.0,52584700.0,True
Brunswick,Brunswick_orig_1500ms_V2.hdf5,1700,4257978,4260340,2362,2138,224,0.9051651143099069,16.0,918.0,394.7469597754911,348.0,2828760.0,52578680.0,True
Brunswick,Brunswick_orig_1500ms_V2.hdf5,1701,4260340,4262702,2362,2269,93,0.9606265876375952,40.0,748.0,372.6822388717497,378.0,2840720.0,52588900.0,True
Brunswick,Brunswick_orig_1500ms_V2.hdf5,1702,4262702,4265064,2362,2076,286,0.8789161727349704,30.0,1030.0,474.01589595375725,416.0,2822240.0,52578100.0,True
Brunswick,Brunswick_orig_1500ms_V2.hdf5,1703,4265064,4267426,2362,2107,255,0.8920406435224386,24.0,983.0,450.7233032747983,426.0,2824690.0,52584100.0,True
Brunswick,Brunswick_orig_1500ms_V2.hdf5,1704,4267426,4269788,2362,2154,208,0.9119390347163421,18.0,796.0,366.32033426183847,370.0,2844760.0,52589510.0,True
Brunswick,Brunswick_orig_1500ms_V2.hdf5,1705,4269788,4272150,2362,2108,254,0.8924640135478408,42.0,1034.0,473.6940227703985,416.0,2822540.0,52577600.0,True
Brunswick,Brunswick_orig_1500ms_V2.hdf5,1706,4272150,4274512,2362,2174,188,0.9204064352243861,16.0,988.0,455.3022079116835,430.0,2824690.0,52583500.0,True
Brunswick,Brunswick_orig_1500ms_V2.hdf5,1708,4274512,4276874,2362,2166,196,0.9170194750211685,42.0,758.0,370.0207756232687,374.0,2840710.0,52589500.0,True
Brunswick,Brunswick_orig_1500ms_V2.hdf5,1710,4276874,4279236,2362,2161,201,0.9149026248941575,38.0,1045.0,472.16658954187875,412.0,2822780.0,52577230.0,True
Brunswick,Brunswick_orig_1500ms_V2.hdf5,1711,4279236,4281598,2362,2208,154,0.934801016088061,24.0,982.0,452.6730072463768,426.0,2824690.0,52582900.0,True
Brunswick,Brunswick_orig_1500ms_V2.hdf5,1712,4281598,4283960,2362,2130,232,0.9017781541066893,36.0,808.0,375.41455399061033,384.0,2844750.0,52590700.0,True
Brunswick,Brunswick_orig_1500ms_V2.hdf5,1715,4283960,4286322,2362,2098,264,0.8882303132938189,22.0,1046.0,468.2221163012393,408.0,2823170.0,52576650.0,True
Brunswick,Brunswick_orig_1500ms_V2.hdf5,1716,4286322,4288684,2362,1900,462,0.8044030482641829,34.0,980.0,437.38421052631577,396.0,2824690.0,52582300.0,True
Brunswick,Brunswick_orig_1500ms_V2.hdf5,1717,4288684,4291046,2362,2051,311,0.8683319220999153,28.0,766.0,371.5694783032667,372.0,2840710.0,52590100.0,True
Brunswick,Brunswick_orig_1500ms_V2.hdf5,1718,4291046,4293408,2362,2098,264,0.8882303132938189,40.0,910.0,392.27883698760724,354.0,2828730.0,52580480.0,True
Brunswick,Brunswick_orig_1500ms_V2.hdf5,1719,4293408,4295770,2362,2134,228,0.903471634208298,32.0,834.0,388.5763823805061,394.0,2844740.0,52591910.0,True
Brunswick,Brunswick_orig_1500ms_V2.hdf5,1720,4295770,4298132,2362,2085,277,0.8827265029635902,20.0,844.0,391.97026378896885,396.0,2844740.0,52592510.0,True
Brunswick,Brunswick_orig_1500ms_V2.hdf5,1721,4298132,4300494,2362,2149,213,0.9098221845893311,20.0,778.0,381.53140995812004,384.0,2840710.0,52590700.0,True
Brunswick,Brunswick_orig_1500ms_V2.hdf5,1722,4300494,4302856,2362,1958,404,0.8289585097375106,44.0,1013.0,429.1598569969357,402.0,2824690.0,52581700.0,True
Brunswick,Brunswick_orig_1500ms_V2.hdf5,1723,4302856,4305218,2362,1617,745,0.6845893310753599,32.0,939.0,330.3067408781694,315.0,2828720.0,52581080.0,True
Brunswick,Brunswick_orig_1500ms_V2.hdf5,1724,4305218,4307580,2362,1811,551,0.7667231160033869,20.0,835.0,385.20154610712314,384.0,2844730.0,52593110.0,True
Brunswick,Brunswick_orig_1500ms_V2.hdf5,1725,4307580,4309942,2362,2215,147,0.9377646062658763,18.0,925.0,406.3738148984199,372.0,2828710.0,52581680.0,True
Brunswick,Brunswick_orig_1500ms_V2.hdf5,1726,4309942,4312304,2362,2068,294,0.8755292125317528,36.0,988.0,444.8384912959381,408.0,2824690.0,52581100.0,True
Brunswick,Brunswick_orig_1500ms_V2.hdf5,1727,4312304,4314666,2362,2191,171,0.9276037256562235,24.0,788.0,390.10497489730716,392.0,2840710.0,52591300.0,True
Brunswick,Brunswick_orig_1500ms_V2.hdf5,1729,4314666,4317028,2362,2101,261,0.8895004233700254,22.0,988.0,442.4493098524512,398.0,2824690.0,52580500.0,True
Brunswick,Brunswick_orig_1500ms_V2.hdf5,1730,4317028,4319390,2362,2178,184,0.9220999153259949,18.0,916.0,402.5996326905418,371.0,2828700.0,52582280.0,True
Brunswick,Brunswick_orig_1500ms_V2.hdf5,1732,4319390,4321752,2362,2175,187,0.9208298052497883,36.0,800.0,394.3503448275862,398.0,2840710.0,52591900.0,True
Brunswick,Brunswick_orig_1500ms_V2.hdf5,1733,4321752,4324114,2362,2120,242,0.8975444538526672,20.0,990.0,442.6839622641509,395.0,2824690.0,52579900.0,True
Brunswick,Brunswick_orig_1500ms_V2.hdf5,1734,4324114,4326476,2362,466,1896,0.19729043183742592,53.0,548.0,252.89914163090128,219.0,2844720.0,52594910.0,False
Brunswick,Brunswick_orig_1500ms_V2.hdf5,1735,4326476,4328838,2362,2103,259,0.8903471634208298,32.0,918.0,399.923918212078,372.0,2828680.0,52582880.0,True
Brunswick,Brunswick_orig_1500ms_V2.hdf5,1736,4328838,4331200,2362,2111,251,0.8937341236240475,32.0,985.0,433.6238749407864,386.0,2824690.0,52579300.0,True
Brunswick,Brunswick_orig_1500ms_V2.hdf5,1737,4331200,4333562,2362,2196,166,0.9297205757832345,40.0,812.0,402.12295081967216,406.0,2840710.0,52592500.0,True
Brunswick,Brunswick_orig_1500ms_V2.hdf5,1738,4333562,4335924,2362,2065,297,0.8742591024555462,40.0,910.0,400.9728813559322,376.0,2828670.0,52583480.0,True
Brunswick,Brunswick_orig_1500ms_V2.hdf5,1740,4335924,4338286,2362,2026,336,0.8577476714648603,38.0,929.0,406.4812438302073,392.0,2828670.0,52584080.0,True
Brunswick,Brunswick_orig_1500ms_V2.hdf5,1741,4338286,4340648,2362,2187,175,0.9259102455546148,28.0,822.0,405.5848193872885,410.0,2840700.0,52593100.0,True
Brunswick,Brunswick_orig_1500ms_V2.hdf5,1742,4340648,4343010,2362,1770,592,0.7493649449618967,32.0,951.0,378.1954802259887,362.0,2828670.0,52584680.0,True
Brunswick,Brunswick_orig_1500ms_V2.hdf5,1743,4343010,4345372,2362,2022,340,0.8560541913632514,16.0,826.0,413.24134520276954,420.0,2840700.0,52593700.0,True
Brunswick,Brunswick_orig_1500ms_V2.hdf5,1744,4345372,4347734,2362,2325,37,0.9843353090601186,20.0,922.0,430.6554838709677,418.0,2828670.0,52585120.0,True
Brunswick,Brunswick_orig_1500ms_V2.hdf5,1745,4347734,4350096,2362,2030,332,0.859441151566469,16.0,836.0,418.1551724137931,422.0,2840710.0,52594300.0,True
Brunswick,Brunswick_orig_1500ms_V2.hdf5,1746,4350096,4352458,2362,2094,268,0.88653683319221,30.0,850.0,430.74641833810887,434.0,2840710.0,52594900.0,True
Brunswick,Brunswick_orig_1500ms_V2.hdf5,1747,4352458,4354820,2362,2206,156,0.9339542760372566,30.0,754.0,347.62284678150496,348.0,2844760.0,52587100.0,True
Brunswick,Brunswick_orig_1500ms_V2.hdf5,1748,4354820,4357182,2362,2260,102,0.9568162574089755,22.0,748.0,350.7716814159292,352.0,2844760.0,52586660.0,True
Brunswick,Brunswick_orig_1500ms_V2.hdf5,1749,4357182,4359544,2362,2198,164,0.930567315834039,38.0,996.0,445.54959053685167,392.0,2824490.0,52578830.0,True
Brunswick,Brunswick_orig_1500ms_V2.hdf5,1750,4359544,4361906,2362,2007,355,0.8497036409822185,36.0,858.0,398.9481813652217,394.0,2828670.0,52586080.0,True
Brunswick,Brunswick_orig_1500ms_V2.hdf5,1751,4361906,4364268,2362,2190,172,0.9271803556308214,18.0,996.0,472.04246575342466,466.0,2824500.0,52586540.0,True
Brunswick,Brunswick_orig_1500ms_V2.hdf5,1753,4364268,4366630,2362,2229,133,0.9436917866215072,38.0,906.0,425.0484522207268,428.0,2828680.0,52587080.0,True
Brunswick,Brunswick_orig_1500ms_V2.hdf5,1755,4366630,4368992,2362,2292,70,0.9703640982218459,18.0,846.0,367.95724258289704,336.0,2832700.0,52581100.0,True
Brunswick,Brunswick_orig_1500ms_V2.hdf5,1756,4368992,4371354,2362,2138,224,0.9051651143099069,16.0,945.0,431.8507951356408,432.0,2828680.0,52588280.0,True
Brunswick,Brunswick_orig_1500ms_V2.hdf5,1757,4371354,4373716,2362,2129,233,0.901354784081287,38.0,820.0,444.01033348990137,458.0,2836690.0,52594900.0,True
Brunswick,Brunswick_orig_1500ms_V2.hdf5,1758,4373716,4376078,2362,2092,270,0.8856900931414056,32.0,836.0,364.373326959847,328.0,2832710.0,52581700.0,True
Brunswick,Brunswick_orig_1500ms_V2.hdf5,1759,4376078,4378440,2362,2077,285,0.8793395427603725,24.0,932.0,432.6350505536832,436.0,2828690.0,52588880.0,True
Brunswick,Brunswick_orig_1500ms_V2.hdf5,1760,4378440,4380802,2362,2294,68,0.9712108382726503,40.0,858.0,372.6146469049695,342.0,2832710.0,52582300.0,True
Brunswick,Brunswick_orig_1500ms_V2.hdf5,1761,4380802,4383164,2362,2211,151,0.9360711261642676,40.0,810.0,437.08276797829035,452.0,2836690.0,52594300.0,True
Brunswick,Brunswick_orig_1500ms_V2.hdf5,1762,4383164,4385526,2362,2167,195,0.9174428450465707,18.0,766.0,345.1393631748962,320.0,2836680.0,52582900.0,True
Brunswick,Brunswick_orig_1500ms_V2.hdf5,1763,4385526,4387888,2362,2174,188,0.9204064352243861,34.0,902.0,441.6941122355106,448.0,2828690.0,52589480.0,True
Brunswick,Brunswick_orig_1500ms_V2.hdf5,1764,4387888,4390250,2362,2298,64,0.9729043183742591,34.0,846.0,375.9586597040905,350.0,2832710.0,52582900.0,True
Brunswick,Brunswick_orig_1500ms_V2.hdf5,1765,4390250,4392612,2362,2308,54,0.9771380186282811,32.0,780.0,353.9800693240901,331.0,2836680.0,52583510.0,True
Brunswick,Brunswick_orig_1500ms_V2.hdf5,1766,4392612,4394974,2362,2315,47,0.9801016088060965,50.0,802.0,438.6479481641469,452.0,2836690.0,52593710.0,True
Brunswick,Brunswick_orig_1500ms_V2.hdf5,1767,4394974,4397336,2362,2151,211,0.9106689246401355,42.0,898.0,444.64900046490004,452.0,2828690.0,52590080.0,True
Brunswick,Brunswick_orig_1500ms_V2.hdf5,1768,4397336,4399698,2362,2242,120,0.9491955969517358,20.0,848.0,373.4504906333631,350.0,2832710.0,52583500.0,True
Brunswick,Brunswick_orig_1500ms_V2.hdf5,1770,4399698,4402060,2362,2325,37,0.9843353090601186,18.0,854.0,382.35268817204303,362.0,2832710.0,52583850.0,True
Brunswick,Brunswick_orig_1500ms_V2.hdf5,1771,4402060,4404422,2362,2158,204,0.9136325148179509,36.0,782.0,419.66913809082484,432.0,2836690.0,52593100.0,True
Brunswick,Brunswick_orig_1500ms_V2.hdf5,1772,4404422,4406784,2362,2114,248,0.8950042337002541,32.0,938.0,445.0473036896878,454.0,2828700.0,52590680.0,True
Brunswick,Brunswick_orig_1500ms_V2.hdf5,1773,4406784,4409146,2362,2281,81,0.9657070279424217,42.0,778.0,362.1788689171416,344.0,2836690.0,52584700.0,True
Brunswick,Brunswick_orig_1500ms_V2.hdf5,1774,4409146,4411508,2362,2342,20,0.9915325994919559,34.0,860.0,392.39880444064903,376.0,2832710.0,52584700.0,True
Brunswick,Brunswick_orig_1500ms_V2.hdf5,1775,4411508,4413870,2362,2166,196,0.9170194750211685,22.0,774.0,413.3656509695291,424.0,2836880.0,52592550.0,True
Brunswick,Brunswick_orig_1500ms_V2.hdf5,1777,4413870,4416232,2362,2315,47,0.9801016088060965,20.0,778.0,365.40043196544275,352.0,2836690.0,52585700.0,True
Brunswick,Brunswick_orig_1500ms_V2.hdf5,1782,4416232,4418594,2362,2350,12,0.9949195596951735,46.0,858.0,397.6868085106383,386.0,2832710.0,52585300.0,True
Brunswick,Brunswick_orig_1500ms_V2.hdf5,1783,4418594,4420956,2362,2340,22,0.9906858594411516,36.0,778.0,374.4076923076923,368.0,2836680.0,52586500.0,True
Brunswick,Brunswick_orig_1500ms_V2.hdf5,1784,4420956,4423318,2362,1760,602,0.7451312447078747,42.0,1033.0,538.6835227272727,557.0,2820690.0,52592440.0,True
Brunswick,Brunswick_orig_1500ms_V2.hdf5,1785,4423318,4425680,2362,2328,34,0.9856054191363252,44.0,850.0,393.96735395189006,388.0,2832700.0,52585800.0,True
Brunswick,Brunswick_orig_1500ms_V2.hdf5,1786,4425680,4428042,2362,2177,185,0.9216765453005927,20.0,768.0,407.38860817638954,412.0,2836690.0,52591900.0,True
Brunswick,Brunswick_orig_1500ms_V2.hdf5,1787,4428042,4430404,2362,2335,27,0.9885690093141406,52.0,782.0,382.7374732334047,376.0,2836680.0,52587100.0,True
Brunswick,Brunswick_orig_1500ms_V2.hdf5,1788,4430404,4432766,2362,2320,42,0.9822184589331076,20.0,842.0,398.5086206896552,398.0,2832700.0,52586740.0,True
Brunswick,Brunswick_orig_1500ms_V2.hdf5,1789,4432766,4435128,2362,2095,267,0.8869602032176122,32.0,766.0,401.75704057279233,404.0,2836690.0,52591300.0,True
Brunswick,Brunswick_orig_1500ms_V2.hdf5,1790,4435128,4437490,2362,2335,27,0.9885690093141406,48.0,780.0,389.71648822269805,386.0,2836680.0,52587900.0,True
Brunswick,Brunswick_orig_1500ms_V2.hdf5,1791,4437490,4439852,2362,2076,286,0.8789161727349704,12.0,875.0,391.9335260115607,378.0,2832690.0,52587100.0,True
Brunswick,Brunswick_orig_1500ms_V2.hdf5,1792,4439852,4442214,2362,2341,21,0.9911092294665538,40.0,776.0,392.91157624946607,390.0,2836690.0,52588300.0,True
Brunswick,Brunswick_orig_1500ms_V2.hdf5,1793,4442214,4444576,2362,2010,352,0.8509737510584251,42.0,807.0,399.28308457711444,405.0,2836680.0,52590810.0,True
Brunswick,Brunswick_orig_1500ms_V2.hdf5,1794,4444576,4446938,2362,2147,215,0.9089754445385266,22.0,835.0,394.9017233348859,390.0,2832690.0,52587700.0,True
Brunswick,Brunswick_orig_1500ms_V2.hdf5,1795,4446938,4449300,2362,2331,31,0.9868755292125317,30.0,774.0,394.85714285714283,392.0,2836690.0,52588660.0,True
Brunswick,Brunswick_orig_1500ms_V2.hdf5,1797,4449300,4451662,2362,2206,156,0.9339542760372566,28.0,762.0,386.7756119673617,385.0,2836860.0,52589920.0,True
Brunswick,Brunswick_orig_1500ms_V2.hdf5,1798,4451662,4454024,2362,2158,204,0.9136325148179509,42.0,834.0,398.2451343836886,402.0,2832680.0,52588900.0,True
Brunswick,Brunswick_orig_1500ms_V2.hdf5,1799,4454024,4456386,2362,2274,88,0.9627434377646062,24.0,764.0,391.08003518029903,390.0,2836890.0,52589520.0,True
Brunswick,Brunswick_orig_1500ms_V2.hdf5,1800,4456386,4458748,2362,2111,251,0.8937341236240475,22.0,911.0,452.48792041686403,462.0,2828700.0,52591280.0,True
Brunswick,Brunswick_orig_1500ms_V2.hdf5,1801,4458748,4461110,2362,2164,198,0.9161727349703641,30.0,830.0,405.7689463955638,408.0,2832670.0,52589500.0,True
Brunswick,Brunswick_orig_1500ms_V2.hdf5,1802,4461110,4463472,2362,2034,328,0.8611346316680779,18.0,904.0,456.2000983284169,470.0,2828700.0,52591880.0,True
Brunswick,Brunswick_orig_1500ms_V2.hdf5,1803,4463472,4465834,2362,2083,279,0.8818797629127858,18.0,830.0,408.33557369179067,412.0,2832670.0,52590100.0,True
Brunswick,Brunswick_orig_1500ms_V2.hdf5,1804,4465834,4468196,2362,1794,568,0.7595258255715496,26.0,934.0,427.53678929765886,436.0,2828710.0,52592480.0,True
Brunswick,Brunswick_orig_1500ms_V2.hdf5,1805,4468196,4470558,2362,2058,304,0.8712955122777307,20.0,832.0,416.33624878522835,422.0,2832660.0,52590700.0,True
Brunswick,Brunswick_orig_1500ms_V2.hdf5,1806,4470558,4472920,2362,2045,317,0.8657917019475021,36.0,951.0,484.6977995110025,504.0,2828710.0,52593080.0,True
Brunswick,Brunswick_orig_1500ms_V2.hdf5,1807,4472920,4475282,2362,2031,331,0.8598645215918713,32.0,835.0,419.9423929098966,442.0,2832650.0,52591300.0,True
Brunswick,Brunswick_orig_1500ms_V2.hdf5,1808,4475282,4477644,2362,2070,292,0.8763759525825572,32.0,914.0,483.1289855072464,503.0,2828710.0,52593680.0,True
Brunswick,Brunswick_orig_1500ms_V2.hdf5,1809,4477644,4480006,2362,2334,28,0.9881456392887383,58.0,862.0,489.5278491859469,512.0,2832650.0,52594900.0,True
Brunswick,Brunswick_orig_1500ms_V2.hdf5,1810,4480006,4482368,2362,2042,320,0.8645215918712955,24.0,937.0,476.00342801175316,500.5,2828710.0,52594280.0,True
Brunswick,Brunswick_orig_1500ms_V2.hdf5,1811,4482368,4484730,2362,2140,222,0.9060118543607113,44.0,840.0,437.7303738317757,452.0,2832640.0,52591900.0,True
Brunswick,Brunswick_orig_1500ms_V2.hdf5,1812,4484730,4487092,2362,2316,46,0.9805249788314987,38.0,858.0,476.4317789291883,496.0,2832650.0,52594300.0,True
Brunswick,Brunswick_orig_1500ms_V2.hdf5,1814,4487092,4489454,2362,2051,311,0.8683319220999153,42.0,833.0,427.4417357386641,448.0,2832460.0,52591900.0,True
Brunswick,Brunswick_orig_1500ms_V2.hdf5,1815,4489454,4491816,2362,1727,635,0.731160033869602,20.0,939.0,452.46844238563983,464.0,2828720.0,52594710.0,True
Brunswick,Brunswick_orig_1500ms_V2.hdf5,1816,4491816,4494178,2362,1977,385,0.8370025402201524,20.0,876.0,437.33232169954476,456.0,2832640.0,52593700.0,True
Brunswick,Brunswick_orig_1500ms_V2.hdf5,1817,4494178,4496540,2362,1968,394,0.8331922099915327,22.0,886.0,427.9435975609756,442.0,2832640.0,52593200.0,True
Halfmile,Halfmile3D_add_geom_sorted.hdf5,20021449,0,1578,1578,1539,39,0.9752851711026616,65.0,910.0,513.3437296946068,524.0,704570.0,5243576.0,True
Halfmile,Halfmile3D_add_geom_sorted.hdf5,20021451,1578,3156,1578,1532,46,0.9708491761723701,64.0,909.0,510.72323759791124,521.0,704546.0,5243552.0,True
Halfmile,Halfmile3D_add_geom_sorted.hdf5,20021453,3156,4734,1578,1528,50,0.9683143219264893,51.0,899.0,508.1564136125655,518.0,704503.0,5243510.0,True
Halfmile,Halfmile3D_add_geom_sorted.hdf5,20021455,4734,6312,1578,1542,36,0.9771863117870723,42.0,899.0,502.1841763942931,511.5,704460.0,5243468.0,True
Halfmile,Halfmile3D_add_geom_sorted.hdf5,20021457,6312,7887,1575,1545,30,0.9809523809523809,35.0,894.0,499.4381877022654,508.0,704425.0,5243434.0,True
Halfmile,Halfmile3D_add_geom_sorted.hdf5,20021459,7887,9465,1578,1540,38,0.9759188846641318,39.0,901.0,506.5603896103896,514.0,704386.0,5243395.0,True
Halfmile,Halfmile3D_add_geom_sorted.hdf5,20021461,9465,11043,1578,1537,41,0.9740177439797212,44.0,884.0,491.6824983734548,496.0,704325.0,5243335.0,True
Halfmile,Halfmile3D_add_geom_sorted.hdf5,20021462,11043,12621,1578,1543,35,0.9778200253485425,56.0,882.0,495.1309138042774,498.0,704298.0,5243309.0,True
Halfmile,Halfmile3D_add_geom_sorted.hdf5,20021463,12621,14199,1578,1549,29,0.9816223067173637,61.0,874.0,485.4887023886378,488.0,704260.0,5243272.0,True
Halfmile,Halfmile3D_add_geom_sorted.hdf5,20021464,14199,15777,1578,1535,43,0.9727503168567807,52.0,872.0,480.09381107491856,483.0,704218.0,5243229.0,True
Halfmile,Halfmile3D_add_geom_sorted.hdf5,20021470,15777,17355,1578,1543,35,0.9778200253485425,40.0,864.0,476.57550226830847,478.0,704167.0,5243151.0,True
Halfmile,Halfmile3D_add_geom_sorted.hdf5,20021472,17355,18933,1578,1549,29,0.9816223067173637,42.0,872.0,485.9160748870239,488.0,704143.0,5243106.0,True
Halfmile,Halfmile3D_add_geom_sorted.hdf5,20021474,18933,20511,1578,1534,44,0.9721166032953105,40.0,862.0,478.6082138200782,480.5,704111.0,5243053.0,True
Halfmile,Halfmile3D_add_geom_sorted.hdf5,20021476,20511,22089,1578,1547,31,0.9803548795944234,50.0,856.0,474.78603749191984,476.0,704066.0,5243014.0,True
Halfmile,Halfmile3D_add_geom_sorted.hdf5,20021484,22089,23667,1578,1545,33,0.9790874524714829,58.0,840.0,461.46472491909384,464.0,703962.0,5242976.0,True
Halfmile,Halfmile3D_add_geom_sorted.hdf5,20021487,23667,25245,1578,1546,32,0.9797211660329531,54.0,840.0,460.3033635187581,461.0,703948.0,5242962.0,True
Halfmile,Halfmile3D_add_geom_sorted.hdf5,20021490,25245,26823,1578,1541,37,0.976552598225602,43.0,836.0,460.4639844256976,460.0,703905.0,5242920.0,True
Halfmile,Halfmile3D_add_geom_sorted.hdf5,20021493,26823,28401,1578,1539,39,0.9752851711026616,30.0,826.0,455.6835607537362,454.0,703863.0,5242877.0,True
Halfmile,Halfmile3D_add_geom_sorted.hdf5,20021498,28401,29979,1578,1516,62,0.9607097591888466,16.0,822.0,454.13654353562004,451.0,703816.0,5242832.0,True
Halfmile,Halfmile3D_add_geom_sorted.hdf5,20021501,29979,31557,1578,1519,59,0.9626108998732573,30.0,840.0,452.7103357472021,450.0,703766.0,5242782.0,True
Halfmile,Halfmile3D_add_geom_sorted.hdf5,20021504,31557,33135,1578,1499,79,0.949936628643853,40.0,878.0,453.6304202801868,450.0,703735.0,5242751.0,True
Halfmile,Halfmile3D_add_geom_sorted.hdf5,20021507,33135,34713,1578,1518,60,0.9619771863117871,54.0,817.0,450.11133069828725,447.0,703687.0,5242706.0,True
Halfmile,Halfmile3D_add_geom_sorted.hdf5,20021510,34713,36291,1578,1478,100,0.9366286438529785,52.0,812.0,449.5845737483085,447.5,703645.0,5242665.0,True
Halfmile,Halfmile3D_add_geom_sorted.hdf5,20021513,36291,37869,1578,1456,122,0.9226869455006337,42.0,814.0,440.63186813186815,433.0,703609.0,5242629.0,True
Halfmile,Halfmile3D_add_geom_sorted.hdf5,20021516,37869,39447,1578,1533,45,0.9714828897338403,34.0,820.0,452.87279843444225,451.0,703556.0,5242576.0,True
Halfmile,Halfmile3D_add_geom_sorted.hdf5,20021519,39447,41025,1578,1537,41,0.9740177439797212,26.0,825.0,449.4970722186077,450.0,703506.0,5242527.0,True
Halfmile,Halfmile3D_add_geom_sorted.hdf5,20021521,41025,42603,1578,1538,40,0.9746514575411914,34.0,828.0,450.1027308192458,450.0,703478.0,5242499.0,True
Halfmile,Halfmile3D_add_geom_sorted.hdf5,20021524,42603,44181,1578,1539,39,0.9752851711026616,45.0,830.0,450.33203378817416,452.0,703435.0,5242457.0,True
Halfmile,Halfmile3D_add_geom_sorted.hdf5,20021527,44181,45759,1578,1528,50,0.9683143219264893,58.0,832.0,449.34685863874347,452.0,703391.0,5242415.0,True
Halfmile,Halfmile3D_add_geom_sorted.hdf5,20021530,45759,47337,1578,1528,50,0.9683143219264893,46.0,836.0,450.61583769633506,454.0,703346.0,5242370.0,True
Halfmile,Halfmile3D_add_geom_sorted.hdf5,20021533,47337,48915,1578,1542,36,0.9771863117870723,46.0,846.0,461.3722438391699,464.0,703321.0,5242346.0,True
Halfmile,Halfmile3D_add_geom_sorted.hdf5,20021538,48915,50493,1578,1536,42,0.973384030418251,21.0,844.0,454.8776041666667,458.0,703246.0,5242272.0,True
Halfmile,Halfmile3D_add_geom_sorted.hdf5,20021542,50493,52071,1578,1541,37,0.976552598225602,27.0,846.0,455.1940298507463,458.0,703235.0,5242261.0,True
Halfmile,Halfmile3D_add_geom_sorted.hdf5,20021547,52071,53649,1578,1461,117,0.9258555133079848,42.0,856.0,456.12251882272415,460.0,703222.0,5242174.0,True
Halfmile,Halfmile3D_add_geom_sorted.hdf5,20021550,53649,55227,1578,1504,74,0.9531051964512041,54.0,863.0,465.8058510638298,472.0,703171.0,5242145.0,True
Halfmile,Halfmile3D_add_geom_sorted.hdf5,20021553,55227,56805,1578,1460,118,0.9252217997465145,60.0,867.0,465.3150684931507,474.0,703113.0,5242117.0,True
Halfmile,Halfmile3D_add_geom_sorted.hdf5,20021556,56805,58383,1578,1511,67,0.9575411913814955,46.0,866.0,466.75579086697553,474.0,703054.0,5242083.0,True
Halfmile,Halfmile3D_add_geom_sorted.hdf5,20021558,58383,59961,1578,1439,139,0.9119138149556401,38.0,868.0,461.9325920778318,469.0,703014.0,5242043.0,True
Halfmile,Halfmile3D_add_geom_sorted.hdf5,20021561,59961,61539,1578,1513,65,0.958808618504436,28.0,878.0,473.2538003965631,482.0,702954.0,5241982.0,True
Halfmile,Halfmile3D_add_geom_sorted.hdf5,20021564,61539,63117,1578,684,894,0.43346007604562736,32.0,868.0,351.4605263157895,329.0,702912.0,5241975.0,False
Halfmile,Halfmile3D_add_geom_sorted.hdf5,20021567,63117,64695,1578,1527,51,0.967680608365019,44.0,868.0,466.6725605762934,480.0,702805.0,5242002.0,True
Halfmile,Halfmile3D_add_geom_sorted.hdf5,20021570,64695,66273,1578,1480,98,0.9378960709759189,56.0,866.0,466.1756756756757,482.5,702734.0,5241989.0,True
Halfmile,Halfmile3D_add_geom_sorted.hdf5,20021573,66273,67851,1578,1510,68,0.9569074778200254,59.0,871.0,465.223178807947,479.5,702676.0,5241962.0,True
Halfmile,Halfmile3D_add_geom_sorted.hdf5,20021580,67851,69429,1578,1499,79,0.949936628643853,34.0,880.0,481.76651100733824,498.0,702605.0,5241860.0,True
Halfmile,Halfmile3D_add_geom_sorted.hdf5,20041588,69429,71007,1578,1511,67,0.9575411913814955,27.0,872.0,467.45665122435474,480.0,702414.0,5242012.0,True
Halfmile,Halfmile3D_add_geom_sorted.hdf5,20041590,71007,72585,1578,1293,285,0.8193916349809885,49.0,809.0,425.01314771848416,444.0,702457.0,5242054.0,True
Halfmile,Halfmile3D_add_geom_sorted.hdf5,20041593,72585,74163,1578,1489,89,0.9435994930291508,58.0,824.0,432.96507723304234,445.0,702543.0,5242139.0,True
Halfmile,Halfmile3D_add_geom_sorted.hdf5,20041596,74163,75741,1578,1386,192,0.8783269961977186,48.0,776.0,415.33477633477634,422.0,702585.0,5242181.0,True
Halfmile,Halfmile3D_add_geom_sorted.hdf5,20041599,75741,77319,1578,1384,194,0.8770595690747782,44.0,832.0,416.1820809248555,420.0,702599.0,5242195.0,True
Halfmile,Halfmile3D_add_geom_sorted.hdf5,20041605,77319,78897,1578,1420,158,0.899873257287706,42.0,826.0,415.50915492957745,414.0,702763.0,5242356.0,True
Halfmile,Halfmile3D_add_geom_sorted.hdf5,20041608,78897,80475,1578,1496,82,0.9480354879594424,50.0,820.0,420.32754010695186,432.0,702798.0,5242392.0,True
Halfmile,Halfmile3D_add_geom_sorted.hdf5,20041611,80475,82053,1578,1493,85,0.9461343472750317,54.0,813.0,416.19490957803083,425.0,702841.0,5242434.0,True
Halfmile,Halfmile3D_add_geom_sorted.hdf5,20041613,82053,83631,1578,1496,82,0.9480354879594424,44.0,800.0,408.0360962566845,414.0,702870.0,5242462.0,True
Halfmile,Halfmile3D_add_geom_sorted.hdf5,20041616,83631,85209,1578,1476,102,0.935361216730038,27.0,788.0,404.3841463414634,408.0,702927.0,5242518.0,True
Halfmile,Halfmile3D_add_geom_sorted.hdf5,20041625,85209,86787,1578,1533,45,0.9714828897338403,56.0,842.0,465.6112198303979,488.0,704247.0,5243816.0,True
Halfmile,Halfmile3D_add_geom_sorted.hdf5,20041627,86787,88365,1578,1472,106,0.9328263624841572,44.0,848.0,449.55502717391306,468.0,704211.0,5243780.0,True
Halfmile,Halfmile3D_add_geom_sorted.hdf5,20041629,88365,89943,1578,1509,69,0.9562737642585551,30.0,838.0,449.2485089463221,466.0,704168.0,5243739.0,True
Halfmile,Halfmile3D_add_geom_sorted.hdf5,20041631,89943,91521,1578,1515,63,0.9600760456273765,18.0,840.0,444.23498349834983,458.0,704126.0,5243697.0,True
Halfmile,Halfmile3D_add_geom_sorted.hdf5,20041633,91521,93099,1578,1522,56,0.9645120405576679,24.0,826.0,440.4750328515112,452.0,704083.0,5243654.0,True
Halfmile,Halfmile3D_add_geom_sorted.hdf5,20041635,93099,94677,1578,1498,80,0.9493029150823827,34.0,822.0,430.95260347129505,442.0,704040.0,5243612.0,True
Halfmile,Halfmile3D_add_geom_sorted.hdf5,20041637,94677,96255,1578,1546,32,0.9797211660329531,48.0,814.0,432.5071151358344,440.0,703997.0,5243570.0,True
Halfmile,Halfmile3D_add_geom_sorted.hdf5,20041639,96255,97833,1578,1544,34,0.9784537389100126,54.0,826.0,429.72862694300517,436.0,703955.0,5243528.0,True
Halfmile,Halfmile3D_add_geom_sorted.hdf5,20041646,97833,99411,1578,1528,50,0.9683143219264893,44.0,818.0,438.86060209424085,442.0,703978.0,5243418.0,True
Halfmile,Halfmile3D_add_geom_sorted.hdf5,20041648,99411,100989,1578,1527,51,0.967680608365019,30.0,808.0,424.04387688277666,426.0,703911.0,5243401.0,True
Halfmile,Halfmile3D_add_geom_sorted.hdf5,20041650,100989,102567,1578,1481,97,0.9385297845373891,22.0,794.0,418.17893315327484,414.0,703840.0,5243387.0,True
Halfmile,Halfmile3D_add_geom_sorted.hdf5,20041652,102567,104145,1578,1444,134,0.9150823827629911,32.0,814.0,406.4993074792244,400.0,703783.0,5243360.0,True
Halfmile,Halfmile3D_add_geom_sorted.hdf5,20041654,104145,105723,1578,1540,38,0.9759188846641318,40.0,779.0,410.34090909090907,410.0,703740.0,5243317.0,True
Halfmile,Halfmile3D_add_geom_sorted.hdf5,20041656,105723,107301,1578,1535,43,0.9727503168567807,52.0,776.0,409.59609120521174,408.0,703697.0,5243275.0,True
Halfmile,Halfmile3D_add_geom_sorted.hdf5,20041658,107301,108879,1578,1537,41,0.9740177439797212,50.0,768.0,403.6935588809369,400.0,703669.0,5243248.0,True
Halfmile,Halfmile3D_add_geom_sorted.hdf5,20041660,108879,110457,1578,1542,36,0.9771863117870723,36.0,770.0,400.79312581063556,395.0,703612.0,5243191.0,True
Halfmile,Halfmile3D_add_geom_sorted.hdf5,20041663,110457,112035,1578,1537,41,0.9740177439797212,26.0,766.0,404.0871828236825,400.0,703569.0,5243149.0,True
Halfmile,Halfmile3D_add_geom_sorted.hdf5,20041665,112035,113613,1578,1535,43,0.9727503168567807,18.0,766.0,405.3830618892508,400.0,703526.0,5243107.0,True
Halfmile,Halfmile3D_add_geom_sorted.hdf5,20041675,113613,115191,1578,1526,52,0.9670468948035488,42.0,784.0,413.4180865006553,409.0,703252.0,5242837.0,True
Halfmile,Halfmile3D_add_geom_sorted.hdf5,20041677,115191,116769,1578,1544,34,0.9784537389100126,38.0,772.0,402.61593264248705,398.0,703209.0,5242795.0,True
Halfmile,Halfmile3D_add_geom_sorted.hdf5,20041679,116769,118347,1578,1504,74,0.9531051964512041,50.0,778.0,402.09840425531917,397.0,703167.0,5242754.0,True
Halfmile,Halfmile3D_add_geom_sorted.hdf5,20041682,118347,119925,1578,1521,57,0.9638783269961977,54.0,784.0,408.2827087442472,406.0,703166.0,5242706.0,True
Halfmile,Halfmile3D_add_geom_sorted.hdf5,20041684,119925,121503,1578,1530,48,0.9695817490494296,52.0,792.0,410.8124183006536,409.0,703164.0,5242622.0,True
Halfmile,Halfmile3D_add_geom_sorted.hdf5,20041686,121503,123081,1578,1515,63,0.9600760456273765,48.0,792.0,415.8534653465347,418.0,703159.0,5242575.0,True
Halfmile,Halfmile3D_add_geom_sorted.hdf5,20041689,123081,124659,1578,1525,53,0.9664131812420785,24.0,792.0,406.32524590163933,410.0,702970.0,5242560.0,True
Halfmile,Halfmile3D_add_geom_sorted.hdf5,20041690,124659,126237,1578,1529,49,0.9689480354879595,33.0,797.0,410.5114453891432,412.0,703012.0,5242602.0,True
Halfmile,Halfmile3D_add_geom_sorted.hdf5,20061617,126237,127815,1578,1480,98,0.9378960709759189,26.0,830.0,431.5783783783784,452.0,702118.0,5242281.0,True
Halfmile,Halfmile3D_add_geom_sorted.hdf5,20061618,127815,129393,1578,1520,58,0.9632446134347274,35.0,809.0,420.9157894736842,438.0,702161.0,5242323.0,True
Halfmile,Halfmile3D_add_geom_sorted.hdf5,20061619,129393,130971,1578,1521,57,0.9638783269961977,50.0,802.0,418.59960552268245,438.0,702203.0,5242365.0,True
Halfmile,Halfmile3D_add_geom_sorted.hdf5,20061620,130971,132549,1578,1356,222,0.8593155893536122,60.0,757.0,387.93657817109147,400.0,702246.0,5242407.0,True
Halfmile,Halfmile3D_add_geom_sorted.hdf5,20061621,132549,134127,1578,1390,188,0.8808618504435995,58.0,788.0,393.3338129496403,399.0,702288.0,5242450.0,True
Halfmile,Halfmile3D_add_geom_sorted.hdf5,20061622,134127,135705,1578,1498,80,0.9493029150823827,40.0,787.0,401.2196261682243,416.0,702342.0,5242502.0,True
Halfmile,Halfmile3D_add_geom_sorted.hdf5,20061623,135705,137283,1578,1529,49,0.9689480354879595,28.0,772.0,394.87311968606934,408.0,702384.0,5242545.0,True
Halfmile,Halfmile3D_add_geom_sorted.hdf5,20061624,137283,138861,1578,1518,60,0.9619771863117871,20.0,766.0,390.93741765480894,402.0,702416.0,5242576.0,True
Halfmile,Halfmile3D_add_geom_sorted.hdf5,20061626,138861,140439,1578,1304,274,0.826362484157161,36.0,774.0,382.25613496932516,384.0,702459.0,5242619.0,True
Halfmile,Halfmile3D_add_geom_sorted.hdf5,20061628,140439,142017,1578,1483,95,0.9397972116603295,50.0,760.0,379.4200944032367,386.0,702509.0,5242668.0,True
Halfmile,Halfmile3D_add_geom_sorted.hdf5,20061630,142017,143595,1578,1530,48,0.9695817490494296,60.0,754.0,381.06601307189544,386.0,702544.0,5242703.0,True
Halfmile,Halfmile3D_add_geom_sorted.hdf5,20061632,143595,145173,1578,1399,179,0.8865652724968315,50.0,749.0,357.9499642601858,362.0,702587.0,5242745.0,True
Halfmile,Halfmile3D_add_geom_sorted.hdf5,20061634,145173,146751,1578,1519,59,0.9626108998732573,38.0,756.0,375.29295589203423,376.0,702629.0,5242787.0,True
Halfmile,Halfmile3D_add_geom_sorted.hdf5,20061636,146751,148329,1578,1516,62,0.9607097591888466,20.0,729.0,366.3812664907652,362.0,702694.0,5242850.0,True
Halfmile,Halfmile3D_add_geom_sorted.hdf5,20061638,148329,149907,1578,1520,58,0.9632446134347274,24.0,726.0,366.45394736842104,360.0,702715.0,5242871.0,True
Halfmile,Halfmile3D_add_geom_sorted.hdf5,20061640,149907,151485,1578,1536,42,0.973384030418251,42.0,726.0,369.1022135416667,364.0,702758.0,5242913.0,True
Halfmile,Halfmile3D_add_geom_sorted.hdf5,20061641,151485,153063,1578,1524,54,0.9657794676806084,56.0,732.0,366.31955380577426,362.0,702801.0,5242955.0,True
Halfmile,Halfmile3D_add_geom_sorted.hdf5,20061642,153063,154641,1578,1527,51,0.967680608365019,60.0,725.0,364.74394237066144,360.0,702843.0,5242997.0,True
Halfmile,Halfmile3D_add_geom_sorted.hdf5,20061643,154641,156219,1578,1536,42,0.973384030418251,42.0,718.0,361.03125,355.0,702886.0,5243040.0,True
Halfmile,Halfmile3D_add_geom_sorted.hdf5,20061644,156219,157797,1578,1540,38,0.9759188846641318,26.0,702.0,355.7103896103896,344.0,702932.0,5243085.0,True
Halfmile,Halfmile3D_add_geom_sorted.hdf5,20061645,157797,159375,1578,1529,49,0.9689480354879595,14.0,702.0,355.90582079790715,340.0,702972.0,5243123.0,True
Halfmile,Halfmile3D_add_geom_sorted.hdf5,20061647,159375,160953,1578,1540,38,0.9759188846641318,24.0,694.0,354.82012987012985,336.0,703000.0,5243152.0,True
Halfmile,Halfmile3D_add_geom_sorted.hdf5,20061649,160953,162531,1578,1538,40,0.9746514575411914,40.0,692.0,353.90962288686603,336.0,703057.0,5243208.0,True
Halfmile,Halfmile3D_add_geom_sorted.hdf5,20061651,162531,164109,1578,1533,45,0.9714828897338403,56.0,684.0,354.0319634703196,334.0,703100.0,5243250.0,True
Halfmile,Halfmile3D_add_geom_sorted.hdf5,20061653,164109,165687,1578,1525,53,0.9664131812420785,52.0,684.0,355.3849180327869,338.0,703142.0,5243292.0,True
Halfmile,Halfmile3D_add_geom_sorted.hdf5,20061655,165687,167265,1578,1533,45,0.9714828897338403,42.0,690.0,354.76255707762556,336.0,703185.0,5243334.0,True
Halfmile,Halfmile3D_add_geom_sorted.hdf5,20061657,167265,168843,1578,1546,32,0.9797211660329531,28.0,696.0,355.65588615782667,340.0,703239.0,5243386.0,True
Halfmile,Halfmile3D_add_geom_sorted.hdf5,20061659,168843,170421,1578,1532,46,0.9708491761723701,28.0,698.0,355.4340731070496,344.0,703271.0,5243418.0,True
Halfmile,Halfmile3D_add_geom_sorted.hdf5,20061661,170421,171999,1578,1540,38,0.9759188846641318,38.0,698.0,358.0038961038961,348.0,703313.0,5243459.0,True
Halfmile,Halfmile3D_add_geom_sorted.hdf5,20061662,171999,173577,1578,1550,28,0.982256020278834,52.0,704.0,359.9541935483871,356.0,703356.0,5243502.0,True
Halfmile,Halfmile3D_add_geom_sorted.hdf5,20061664,173577,175155,1578,1547,31,0.9803548795944234,62.0,710.0,364.00840336134456,364.0,703399.0,5243544.0,True
Halfmile,Halfmile3D_add_geom_sorted.hdf5,20061666,175155,176733,1578,1544,34,0.9784537389100126,48.0,714.0,363.7215025906736,366.0,703441.0,5243586.0,True
Halfmile,Halfmile3D_add_geom_sorted.hdf5,20061667,176733,178311,1578,1046,532,0.6628643852978454,36.0,666.0,308.697896749522,308.0,703484.0,5243628.0,True
Halfmile,Halfmile3D_add_geom_sorted.hdf5,20061668,178311,179889,1578,1528,50,0.9683143219264893,22.0,720.0,369.40510471204186,374.0,703527.0,5243670.0,True
Halfmile,Halfmile3D_add_geom_sorted.hdf5,20061669,179889,181467,1578,1535,43,0.9727503168567807,28.0,746.0,374.64234527687296,382.0,703570.0,5243713.0,True
Halfmile,Halfmile3D_add_geom_sorted.hdf5,20061670,181467,183045,1578,1535,43,0.9727503168567807,40.0,744.0,377.95439739413683,388.0,703613.0,5243755.0,True
Halfmile,Halfmile3D_add_geom_sorted.hdf5,20061671,183045,184623,1578,1494,84,0.9467680608365019,52.0,744.0,377.04283801874163,388.0,703656.0,5243797.0,True
Halfmile,Halfmile3D_add_geom_sorted.hdf5,20061672,184623,186201,1578,1502,76,0.9518377693282636,54.0,760.0,383.18841544607193,391.0,703698.0,5243839.0,True
Halfmile,Halfmile3D_add_geom_sorted.hdf5,20061673,186201,187779,1578,1501,77,0.9512040557667935,44.0,766.0,391.98867421718853,398.0,703741.0,5243881.0,True
Halfmile,Halfmile3D_add_geom_sorted.hdf5,20061674,187779,189357,1578,1515,63,0.9600760456273765,32.0,774.0,397.83894389438944,408.0,703784.0,5243923.0,True
Halfmile,Halfmile3D_add_geom_sorted.hdf5,20061676,189357,190935,1578,1483,95,0.9397972116603295,22.0,775.0,401.2582602832097,410.0,703827.0,5243965.0,True
Halfmile,Halfmile3D_add_geom_sorted.hdf5,20061678,190935,192513,1578,1532,46,0.9708491761723701,28.0,782.0,410.4706266318538,424.0,703869.0,5244007.0,True
Halfmile,Halfmile3D_add_geom_sorted.hdf5,20061681,192513,194091,1578,1540,38,0.9759188846641318,42.0,792.0,415.89155844155846,430.0,703912.0,5244050.0,True
Halfmile,Halfmile3D_add_geom_sorted.hdf5,20061683,194091,195669,1578,1539,39,0.9752851711026616,58.0,800.0,425.38206627680313,442.0,703969.0,5244105.0,True
Halfmile,Halfmile3D_add_geom_sorted.hdf5,20061685,195669,197247,1578,1538,40,0.9746514575411914,48.0,810.0,427.5143042912874,446.0,703998.0,5244133.0,True
Halfmile,Halfmile3D_add_geom_sorted.hdf5,20061687,197247,198825,1578,1517,61,0.9613434727503168,38.0,810.0,432.33157547791694,452.0,704040.0,5244175.0,True
Halfmile,Halfmile3D_add_geom_sorted.hdf5,20061688,198825,200403,1578,1516,62,0.9607097591888466,32.0,808.0,435.4063324538259,456.0,704062.0,5244197.0,True
Halfmile,Halfmile3D_add_geom_sorted.hdf5,20081473,200403,201981,1578,1468,110,0.9302915082382763,28.0,769.0,411.11852861035425,428.0,703831.0,5244531.0,True
Halfmile,Halfmile3D_add_geom_sorted.hdf5,20081475,201981,203559,1578,1461,117,0.9258555133079848,34.0,760.0,403.5154004106776,418.0,703789.0,5244490.0,True
Halfmile,Halfmile3D_add_geom_sorted.hdf5,20081478,203559,205137,1578,1491,87,0.9448669201520913,48.0,756.0,397.3903420523139,412.0,703746.0,5244448.0,True
Halfmile,Halfmile3D_add_geom_sorted.hdf5,20081480,205137,206715,1578,1522,56,0.9645120405576679,60.0,744.0,391.88896189224704,404.0,703703.0,5244405.0,True
Halfmile,Halfmile3D_add_geom_sorted.hdf5,20081482,206715,208293,1578,1474,104,0.9340937896070975,50.0,740.0,384.2286295793758,399.0,703660.0,5244363.0,True
Halfmile,Halfmile3D_add_geom_sorted.hdf5,20081485,208293,209871,1578,1491,87,0.9448669201520913,38.0,725.0,373.3386988598256,384.0,703617.0,5244322.0,True
Halfmile,Halfmile3D_add_geom_sorted.hdf5,20081488,209871,211449,1578,1530,48,0.9695817490494296,26.0,720.0,373.19607843137254,388.0,703581.0,5244287.0,True
Halfmile,Halfmile3D_add_geom_sorted.hdf5,20081491,211449,213027,1578,1524,54,0.9657794676806084,24.0,716.0,368.53740157480314,385.0,703530.0,5244238.0,True
Halfmile,Halfmile3D_add_geom_sorted.hdf5,20081494,213027,214605,1578,1504,74,0.9531051964512041,40.0,711.0,363.6914893617021,380.0,703487.0,5244197.0,True
Halfmile,Halfmile3D_add_geom_sorted.hdf5,20081496,214605,216183,1578,1469,109,0.9309252217997465,54.0,704.0,356.9434989788972,370.0,703444.0,5244155.0,True
Halfmile,Halfmile3D_add_geom_sorted.hdf5,20081500,216183,217761,1578,1479,99,0.9372623574144486,62.0,692.0,348.6943881000676,364.0,703401.0,5244113.0,True
Halfmile,Halfmile3D_add_geom_sorted.hdf5,20081503,217761,219339,1578,1421,157,0.9005069708491762,52.0,698.0,343.33286418015484,350.0,703359.0,5244071.0,True
Halfmile,Halfmile3D_add_geom_sorted.hdf5,20081506,219339,220917,1578,1481,97,0.9385297845373891,38.0,681.0,341.54017555705605,349.0,703316.0,5244028.0,True
Halfmile,Halfmile3D_add_geom_sorted.hdf5,20081509,220917,222495,1578,1442,136,0.9138149556400507,22.0,638.0,328.4736477115118,334.0,703274.0,5243986.0,True
Halfmile,Halfmile3D_add_geom_sorted.hdf5,20081512,222495,224073,1578,1387,191,0.8789607097591888,32.0,626.0,324.3922134102379,330.0,703232.0,5243943.0,True
Halfmile,Halfmile3D_add_geom_sorted.hdf5,20081515,224073,225651,1578,1447,131,0.9169835234474017,42.0,666.0,325.790601243953,324.0,703189.0,5243900.0,True
Halfmile,Halfmile3D_add_geom_sorted.hdf5,20081518,225651,227229,1578,1473,105,0.9334600760456274,52.0,660.0,322.7121520706042,318.0,703147.0,5243858.0,True
Halfmile,Halfmile3D_add_geom_sorted.hdf5,20081522,227229,228807,1578,1467,111,0.9296577946768061,56.0,650.0,323.88275391956375,312.0,703105.0,5243816.0,True
Halfmile,Halfmile3D_add_geom_sorted.hdf5,20081525,228807,230385,1578,1505,73,0.9537389100126743,44.0,645.0,325.4112956810631,314.0,703062.0,5243774.0,True
Halfmile,Halfmile3D_add_geom_sorted.hdf5,20081528,230385,231963,1578,1502,76,0.9518377693282636,30.0,636.0,319.93475366178427,308.0,703019.0,5243732.0,True
Halfmile,Halfmile3D_add_geom_sorted.hdf5,20081531,231963,233541,1578,1519,59,0.9626108998732573,18.0,632.0,321.26069782751813,310.0,702977.0,5243690.0,True
Halfmile,Halfmile3D_add_geom_sorted.hdf5,20081534,233541,235119,1578,1508,70,0.9556400506970849,30.0,626.0,321.4316976127321,310.0,702927.0,5243640.0,True
Halfmile,Halfmile3D_add_geom_sorted.hdf5,20081536,235119,236697,1578,1499,79,0.949936628643853,46.0,618.0,319.53168779186126,308.0,702877.0,5243591.0,True
Halfmile,Halfmile3D_add_geom_sorted.hdf5,20081540,236697,238275,1578,1482,96,0.9391634980988594,54.0,616.0,317.7793522267207,305.0,702848.0,5243563.0,True
Halfmile,Halfmile3D_add_geom_sorted.hdf5,20081543,238275,239853,1578,1513,65,0.958808618504436,52.0,628.0,322.6384666226041,308.0,702806.0,5243521.0,True
Halfmile,Halfmile3D_add_geom_sorted.hdf5,20081545,239853,241431,1578,1468,110,0.9302915082382763,46.0,630.0,317.8876021798365,303.0,702763.0,5243479.0,True
Halfmile,Halfmile3D_add_geom_sorted.hdf5,20081548,241431,243009,1578,1498,80,0.9493029150823827,21.0,630.0,320.73497997329775,304.0,702720.0,5243437.0,True
Halfmile,Halfmile3D_add_geom_sorted.hdf5,20081551,243009,244587,1578,1490,88,0.944233206590621,20.0,646.0,320.7476510067114,306.0,702677.0,5243395.0,True
Halfmile,Halfmile3D_add_geom_sorted.hdf5,20081554,244587,246165,1578,1494,84,0.9467680608365019,24.0,644.0,321.1773761713521,306.0,702637.0,5243356.0,True
Halfmile,Halfmile3D_add_geom_sorted.hdf5,20081560,246165,247743,1578,1526,52,0.9670468948035488,56.0,648.0,326.81716906946264,312.0,702576.0,5243295.0,True
Halfmile,Halfmile3D_add_geom_sorted.hdf5,20081563,247743,249321,1578,1533,45,0.9714828897338403,62.0,652.0,328.8232224396608,316.0,702549.0,5243269.0,True
Halfmile,Halfmile3D_add_geom_sorted.hdf5,20081568,249321,250899,1578,1530,48,0.9695817490494296,62.0,668.0,334.5124183006536,328.0,702484.0,5243206.0,True
Halfmile,Halfmile3D_add_geom_sorted.hdf5,20081571,250899,252477,1578,1508,70,0.9556400506970849,56.0,680.0,336.04111405835545,332.0,702463.0,5243185.0,True
Halfmile,Halfmile3D_add_geom_sorted.hdf5,20081574,252477,254055,1578,1495,83,0.9474017743979721,38.0,684.0,340.7792642140468,340.0,702420.0,5243143.0,True
Halfmile,Halfmile3D_add_geom_sorted.hdf5,20081577,254055,255633,1578,1489,89,0.9435994930291508,44.0,686.0,340.4318334452653,344.0,702377.0,5243100.0,True
Halfmile,Halfmile3D_add_geom_sorted.hdf5,20081584,255633,257211,1578,1404,174,0.8897338403041825,68.0,698.0,335.45940170940173,331.0,702277.0,5243003.0,True
Halfmile,Halfmile3D_add_geom_sorted.hdf5,20081587,257211,258789,1578,1427,151,0.9043092522179975,64.0,702.0,341.70707778556414,338.0,702248.0,5242975.0,True
Halfmile,Halfmile3D_add_geom_sorted.hdf5,20081589,258789,260367,1578,1455,123,0.9220532319391636,52.0,700.0,347.05085910652923,340.0,702206.0,5242933.0,True
Halfmile,Halfmile3D_add_geom_sorted.hdf5,20081591,260367,261945,1578,1457,121,0.9233206590621039,32.0,706.0,347.95881949210707,348.0,702163.0,5242891.0,True
Halfmile,Halfmile3D_add_geom_sorted.hdf5,20081594,261945,263523,1578,986,592,0.6248415716096325,24.0,559.0,281.77079107505074,277.5,702120.0,5242848.0,True
Halfmile,Halfmile3D_add_geom_sorted.hdf5,20081597,263523,265101,1578,1376,202,0.8719898605830165,42.0,722.0,355.29723837209303,356.0,702078.0,5242806.0,True
Halfmile,Halfmile3D_add_geom_sorted.hdf5,20081600,265101,266679,1578,1177,401,0.7458808618504436,56.0,600.0,324.3950722175021,327.0,702035.0,5242764.0,True
Halfmile,Halfmile3D_add_geom_sorted.hdf5,20081602,266679,268257,1578,1440,138,0.9125475285171103,70.0,737.0,369.2631944444444,378.0,701992.0,5242722.0,True
Halfmile,Halfmile3D_add_geom_sorted.hdf5,20081603,268257,269835,1578,1142,436,0.7237008871989861,62.0,636.0,325.12872154115587,332.0,701949.0,5242680.0,True
Halfmile,Halfmile3D_add_geom_sorted.hdf5,20081606,269835,271413,1578,1459,119,0.9245880861850444,50.0,752.0,388.14599040438657,400.0,701907.0,5242637.0,True
Halfmile,Halfmile3D_add_geom_sorted.hdf5,20081610,271413,272991,1578,1491,87,0.9448669201520913,40.0,760.0,399.2997987927565,412.0,701864.0,5242595.0,True
Halfmile,Halfmile3D_add_geom_sorted.hdf5,20101595,272991,274569,1578,1042,536,0.6603295310519645,20.0,524.0,326.42802303262954,342.0,703538.0,5244801.0,True
Halfmile,Halfmile3D_add_geom_sorted.hdf5,20101598,274569,276147,1578,1417,161,0.8979721166032953,42.0,632.0,376.97812279463653,396.0,703495.0,5244759.0,True
Halfmile,Halfmile3D_add_geom_sorted.hdf5,20101604,276147,277725,1578,1485,93,0.94106463878327,61.0,694.0,371.4060606060606,385.0,703409.0,5244675.0,True
Halfmile,Halfmile3D_add_geom_sorted.hdf5,20101607,277725,279303,1578,1496,82,0.9480354879594424,48.0,682.0,365.177807486631,376.0,703366.0,5244633.0,True
Halfmile,Halfmile3D_add_geom_sorted.hdf5,20101609,279303,280881,1578,1425,153,0.903041825095057,32.0,618.0,341.54245614035085,355.0,703323.0,5244591.0,True
Halfmile,Halfmile3D_add_geom_sorted.hdf5,20101612,280881,282459,1578,1340,238,0.8491761723700887,24.0,658.0,332.76940298507463,342.0,703281.0,5244549.0,True
Halfmile,Halfmile3D_add_geom_sorted.hdf5,20101614,282459,284037,1578,1356,222,0.8593155893536122,28.0,611.0,332.75958702064895,340.0,703238.0,5244507.0,True
Halfmile,Halfmile3D_add_geom_sorted.hdf5,20101615,284037,285615,1578,1502,76,0.9518377693282636,40.0,642.0,336.814913448735,344.0,703195.0,5244464.0,True
Halfmile,Halfmile3D_add_geom_sorted.hdf5,20101691,285615,287193,1578,1531,47,0.9702154626108999,52.0,638.0,333.2991508817766,338.0,703153.0,5244423.0,True
Halfmile,Halfmile3D_add_geom_sorted.hdf5,20101692,287193,288771,1578,1544,34,0.9784537389100126,60.0,630.0,328.18911917098444,335.0,703110.0,5244380.0,True
Halfmile,Halfmile3D_add_geom_sorted.hdf5,20101693,288771,290349,1578,1534,44,0.9721166032953105,52.0,630.0,328.90286831812256,335.0,703067.0,5244338.0,True
Halfmile,Halfmile3D_add_geom_sorted.hdf5,20101694,290349,291927,1578,1538,40,0.9746514575411914,46.0,624.0,326.83224967490247,331.0,703024.0,5244296.0,True
Halfmile,Halfmile3D_add_geom_sorted.hdf5,20101695,291927,293505,1578,1543,35,0.9778200253485425,26.0,626.0,324.4361633182113,328.0,702982.0,5244254.0,True
Halfmile,Halfmile3D_add_geom_sorted.hdf5,20101696,293505,295083,1578,1536,42,0.973384030418251,44.0,610.0,321.0579427083333,326.0,702939.0,5244212.0,True
Halfmile,Halfmile3D_add_geom_sorted.hdf5,20101697,295083,296661,1578,1538,40,0.9746514575411914,54.0,607.0,318.2191157347204,320.0,702896.0,5244170.0,True
Halfmile,Halfmile3D_add_geom_sorted.hdf5,20101698,296661,298239,1578,1528,50,0.9683143219264893,64.0,596.0,313.79515706806285,314.0,702853.0,5244128.0,True
Halfmile,Halfmile3D_add_geom_sorted.hdf5,20101699,298239,299817,1578,1538,40,0.9746514575411914,60.0,576.0,311.4694408322497,310.0,702810.0,5244087.0,True
Halfmile,Halfmile3D_add_geom_sorted.hdf5,20101700,299817,301395,1578,1543,35,0.9778200253485425,44.0,580.0,306.6396629941672,302.0,702767.0,5244044.0,True
Halfmile,Halfmile3D_add_geom_sorted.hdf5,20101701,301395,302973,1578,1545,33,0.9790874524714829,30.0,574.0,304.59352750809063,300.0,702724.0,5244002.0,True
Halfmile,Halfmile3D_add_geom_sorted.hdf5,20101702,302973,304551,1578,1529,49,0.9689480354879595,22.0,572.0,305.3603662524526,304.0,702682.0,5243960.0,True
Halfmile,Halfmile3D_add_geom_sorted.hdf5,20101704,304551,306129,1578,1548,30,0.9809885931558935,46.0,567.0,307.43152454780363,308.0,702639.0,5243918.0,True
Halfmile,Halfmile3D_add_geom_sorted.hdf5,20101705,306129,307707,1578,1533,45,0.9714828897338403,56.0,558.0,303.8016960208741,306.0,702596.0,5243876.0,True
Halfmile,Halfmile3D_add_geom_sorted.hdf5,20101706,307707,309285,1578,1537,41,0.9740177439797212,32.0,706.0,382.288223812622,394.0,701570.0,5242866.0,True
Halfmile,Halfmile3D_add_geom_sorted.hdf5,20101707,309285,310863,1578,1537,41,0.9740177439797212,70.0,558.0,304.5712426805465,308.0,702554.0,5243834.0,True
Halfmile,Halfmile3D_add_geom_sorted.hdf5,20101709,310863,312441,1578,1539,39,0.9752851711026616,56.0,564.0,302.82716049382714,308.0,702511.0,5243791.0,True
Halfmile,Halfmile3D_add_geom_sorted.hdf5,20101710,312441,314019,1578,1542,36,0.9771863117870723,42.0,564.0,303.25940337224387,304.0,702468.0,5243749.0,True
Halfmile,Halfmile3D_add_geom_sorted.hdf5,20101711,314019,315597,1578,1413,165,0.8954372623574145,26.0,582.0,292.4536447275301,290.0,702426.0,5243707.0,True
Halfmile,Halfmile3D_add_geom_sorted.hdf5,20101712,315597,317175,1578,1530,48,0.9695817490494296,30.0,594.0,302.01633986928107,299.0,702383.0,5243665.0,True
Halfmile,Halfmile3D_add_geom_sorted.hdf5,20101713,317175,318753,1578,1515,63,0.9600760456273765,42.0,591.0,302.3379537953795,298.0,702341.0,5243622.0,True
Halfmile,Halfmile3D_add_geom_sorted.hdf5,20101714,318753,320331,1578,1392,186,0.8821292775665399,56.0,532.0,289.055316091954,292.0,702298.0,5243580.0,True
Halfmile,Halfmile3D_add_geom_sorted.hdf5,20101715,320331,321909,1578,1519,59,0.9626108998732573,60.0,584.0,302.42857142857144,302.0,702256.0,5243538.0,True
Halfmile,Halfmile3D_add_geom_sorted.hdf5,20101716,321909,323487,1578,1519,59,0.9626108998732573,46.0,598.0,306.3739302172482,308.0,702202.0,5243484.0,True
Halfmile,Halfmile3D_add_geom_sorted.hdf5,20101717,323487,325065,1578,1532,46,0.9708491761723701,36.0,608.0,308.9092689295039,312.0,702171.0,5243453.0,True
Halfmile,Halfmile3D_add_geom_sorted.hdf5,20101718,325065,326643,1578,1534,44,0.9721166032953105,26.0,618.0,317.50717079530637,318.0,702128.0,5243411.0,True
Halfmile,Halfmile3D_add_geom_sorted.hdf5,20101719,326643,328221,1578,1512,66,0.9581749049429658,36.0,618.0,315.28637566137564,314.0,702085.0,5243368.0,True
Halfmile,Halfmile3D_add_geom_sorted.hdf5,20101720,328221,329799,1578,1533,45,0.9714828897338403,48.0,626.0,322.8525766470972,322.0,702043.0,5243326.0,True
Halfmile,Halfmile3D_add_geom_sorted.hdf5,20101721,329799,331377,1578,1535,43,0.9727503168567807,62.0,636.0,326.6820846905537,326.0,702000.0,5243283.0,True
Halfmile,Halfmile3D_add_geom_sorted.hdf5,20101722,331377,332955,1578,976,602,0.6185044359949303,48.0,458.0,259.13831967213116,259.0,701939.0,5243260.0,True
Halfmile,Halfmile3D_add_geom_sorted.hdf5,20101723,332955,334533,1578,1536,42,0.973384030418251,38.0,638.0,333.8118489583333,334.0,701896.0,5243242.0,True
Halfmile,Halfmile3D_add_geom_sorted.hdf5,20101724,334533,336111,1578,1517,61,0.9613434727503168,28.0,634.0,326.8747528015821,328.0,701866.0,5243219.0,True
Halfmile,Halfmile3D_add_geom_sorted.hdf5,20101725,336111,337689,1578,1486,92,0.9416983523447402,32.0,656.0,344.35531628532976,347.0,701829.0,5243115.0,True
Halfmile,Halfmile3D_add_geom_sorted.hdf5,20101726,337689,339267,1578,1538,40,0.9746514575411914,56.0,668.0,358.70091027308194,364.0,701785.0,5243074.0,True
Halfmile,Halfmile3D_add_geom_sorted.hdf5,20101727,339267,340845,1578,1538,40,0.9746514575411914,72.0,706.0,367.6618985695709,376.0,701742.0,5243033.0,True
Halfmile,Halfmile3D_add_geom_sorted.hdf5,20101728,340845,342423,1578,1530,48,0.9695817490494296,80.0,686.0,369.6660130718954,380.0,701699.0,5242991.0,True
Halfmile,Halfmile3D_add_geom_sorted.hdf5,20101729,342423,344001,1578,1534,44,0.9721166032953105,66.0,692.0,373.8487614080834,386.0,701656.0,5242949.0,True
Halfmile,Halfmile3D_add_geom_sorted.hdf5,20101730,344001,345579,1578,1552,26,0.9835234474017744,52.0,696.0,378.6404639175258,391.0,701613.0,5242907.0,True
Halfmile,Halfmile3D_add_geom_sorted.hdf5,20121465,345579,347157,1578,1499,79,0.949936628643853,42.0,676.0,383.7645096731154,388.0,701277.0,5243136.0,True
Halfmile,Halfmile3D_add_geom_sorted.hdf5,20121466,347157,348735,1578,1452,126,0.9201520912547528,58.0,652.0,371.8615702479339,375.0,701320.0,5243178.0,True
Halfmile,Halfmile3D_add_geom_sorted.hdf5,20121467,348735,350313,1578,1406,172,0.8910012674271229,72.0,604.0,353.88833570412515,364.0,701364.0,5243219.0,True
Halfmile,Halfmile3D_add_geom_sorted.hdf5,20121468,350313,351891,1578,1518,60,0.9619771863117871,74.0,634.0,356.6021080368906,368.0,701392.0,5243247.0,True
Halfmile,Halfmile3D_add_geom_sorted.hdf5,20121469,351891,353469,1578,1524,54,0.9657794676806084,60.0,632.0,347.12729658792654,359.0,701449.0,5243303.0,True
Halfmile,Halfmile3D_add_geom_sorted.hdf5,20121471,353469,355047,1578,1490,88,0.944233206590621,50.0,624.0,344.4577181208054,354.5,701492.0,5243346.0,True
Halfmile,Halfmile3D_add_geom_sorted.hdf5,20121477,355047,356625,1578,1441,137,0.9131812420785805,36.0,624.0,341.1422623178348,346.0,701535.0,5243387.0,True
Halfmile,Halfmile3D_add_geom_sorted.hdf5,20121479,356625,358203,1578,1503,75,0.9524714828897338,22.0,614.0,332.4797072521623,340.0,701578.0,5243430.0,True
Halfmile,Halfmile3D_add_geom_sorted.hdf5,20121481,358203,359781,1578,1441,137,0.9131812420785805,40.0,601.0,327.05204718945174,334.0,701620.0,5243472.0,True
Halfmile,Halfmile3D_add_geom_sorted.hdf5,20121483,359781,361359,1578,1354,224,0.8580481622306717,52.0,596.0,316.41506646971936,319.5,701663.0,5243514.0,True
Halfmile,Halfmile3D_add_geom_sorted.hdf5,20121486,361359,362937,1578,1421,157,0.9005069708491762,64.0,590.0,312.54468684025335,318.0,701706.0,5243555.0,True
Halfmile,Halfmile3D_add_geom_sorted.hdf5,20121489,362937,364515,1578,1436,142,0.9100126742712294,54.0,586.0,310.81963788300834,316.0,701748.0,5243598.0,True
Halfmile,Halfmile3D_add_geom_sorted.hdf5,20121492,364515,366093,1578,1414,164,0.8960709759188846,38.0,560.0,301.8875530410184,308.0,701791.0,5243641.0,True
Halfmile,Halfmile3D_add_geom_sorted.hdf5,20121495,366093,367671,1578,1494,84,0.9467680608365019,24.0,562.0,308.64524765729584,318.0,701834.0,5243683.0,True
Halfmile,Halfmile3D_add_geom_sorted.hdf5,20121497,367671,369249,1578,1476,102,0.935361216730038,42.0,554.0,302.2439024390244,308.0,701876.0,5243725.0,True
Halfmile,Halfmile3D_add_geom_sorted.hdf5,20121499,369249,370827,1578,1437,141,0.9106463878326996,52.0,544.0,297.73347251217814,306.0,701919.0,5243767.0,True
Halfmile,Halfmile3D_add_geom_sorted.hdf5,20121502,370827,372405,1578,1523,55,0.9651457541191382,62.0,560.0,302.6638214051215,312.0,701962.0,5243809.0,True
Halfmile,Halfmile3D_add_geom_sorted.hdf5,20121505,372405,373983,1578,1481,97,0.9385297845373891,74.0,520.0,293.0175557056043,302.0,702004.0,5243851.0,True
Halfmile,Halfmile3D_add_geom_sorted.hdf5,20121508,373983,375561,1578,1531,47,0.9702154626108999,64.0,542.0,300.19464402351406,306.0,702047.0,5243893.0,True
Halfmile,Halfmile3D_add_geom_sorted.hdf5,20121511,375561,377139,1578,1401,177,0.8878326996197718,46.0,500.0,293.1534618129907,296.0,702090.0,5243936.0,True
Halfmile,Halfmile3D_add_geom_sorted.hdf5,20121514,377139,378717,1578,1404,174,0.8897338403041825,22.0,523.0,289.212962962963,292.0,702132.0,5243978.0,True
Halfmile,Halfmile3D_add_geom_sorted.hdf5,20121517,378717,380295,1578,1466,112,0.9290240811153359,50.0,526.0,296.7012278308322,304.0,702175.0,5244020.0,True
Halfmile,Halfmile3D_add_geom_sorted.hdf5,20121520,380295,381873,1578,1468,110,0.9302915082382763,68.0,518.0,299.3133514986376,306.0,702218.0,5244062.0,True
Halfmile,Halfmile3D_add_geom_sorted.hdf5,20121523,381873,383451,1578,1264,314,0.8010139416983524,78.0,492.0,285.24446202531647,294.0,702260.0,5244105.0,True
Halfmile,Halfmile3D_add_geom_sorted.hdf5,20121526,383451,385029,1578,1425,153,0.903041825095057,62.0,500.0,292.4063157894737,302.0,702303.0,5244147.0,True
Halfmile,Halfmile3D_add_geom_sorted.hdf5,20121529,385029,386607,1578,1430,148,0.9062103929024081,51.0,506.0,296.5713286713287,304.0,702345.0,5244189.0,True
Halfmile,Halfmile3D_add_geom_sorted.hdf5,20121532,386607,388185,1578,1490,88,0.944233206590621,34.0,516.0,300.13758389261744,306.0,702388.0,5244231.0,True
Halfmile,Halfmile3D_add_geom_sorted.hdf5,20121535,388185,389763,1578,1489,89,0.9435994930291508,25.0,516.0,300.4425789120215,306.0,702430.0,5244273.0,True
Halfmile,Halfmile3D_add_geom_sorted.hdf5,20121537,389763,391341,1578,1470,108,0.9315589353612167,44.0,530.0,300.5265306122449,306.0,702473.0,5244316.0,True
Halfmile,Halfmile3D_add_geom_sorted.hdf5,20121541,391341,392919,1578,1448,130,0.917617237008872,62.0,538.0,302.2403314917127,306.0,702515.0,5244358.0,True
Halfmile,Halfmile3D_add_geom_sorted.hdf5,20121544,392919,394497,1578,1410,168,0.8935361216730038,70.0,542.0,298.3886524822695,304.0,702558.0,5244400.0,True
Halfmile,Halfmile3D_add_geom_sorted.hdf5,20121546,394497,396075,1578,1412,166,0.8948035487959443,58.0,540.0,296.8583569405099,303.0,702601.0,5244443.0,True
Halfmile,Halfmile3D_add_geom_sorted.hdf5,20121549,396075,397653,1578,1477,101,0.9359949302915083,42.0,542.0,304.6418415707515,314.0,702643.0,5244484.0,True
Halfmile,Halfmile3D_add_geom_sorted.hdf5,20121552,397653,399231,1578,1387,191,0.8789607097591888,22.0,564.0,302.78226387887526,306.0,702686.0,5244527.0,True
Halfmile,Halfmile3D_add_geom_sorted.hdf5,20121555,399231,400809,1578,1486,92,0.9416983523447402,26.0,574.0,314.8903095558546,322.0,702728.0,5244569.0,True
Halfmile,Halfmile3D_add_geom_sorted.hdf5,20121557,400809,402387,1578,1462,116,0.926489226869455,42.0,574.0,315.3768809849521,318.0,702764.0,5244604.0,True
Halfmile,Halfmile3D_add_geom_sorted.hdf5,20121559,402387,403965,1578,1525,53,0.9664131812420785,62.0,578.0,323.60590163934427,328.0,702814.0,5244654.0,True
Halfmile,Halfmile3D_add_geom_sorted.hdf5,20121562,403965,405543,1578,1422,156,0.9011406844106464,66.0,590.0,323.9803094233474,326.0,702856.0,5244696.0,True
Halfmile,Halfmile3D_add_geom_sorted.hdf5,20121565,405543,407121,1578,1517,61,0.9613434727503168,46.0,584.0,329.01911667765324,334.0,702913.0,5244752.0,True
Halfmile,Halfmile3D_add_geom_sorted.hdf5,20121566,407121,408699,1578,1519,59,0.9626108998732573,42.0,600.0,329.6445029624753,334.0,702920.0,5244759.0,True
Halfmile,Halfmile3D_add_geom_sorted.hdf5,20121569,408699,410277,1578,1537,41,0.9740177439797212,25.0,606.0,341.590761223162,347.0,702984.0,5244822.0,True
Halfmile,Halfmile3D_add_geom_sorted.hdf5,20121572,410277,411855,1578,1384,194,0.8770595690747782,38.0,612.0,336.6936416184971,342.0,703027.0,5244865.0,True
Halfmile,Halfmile3D_add_geom_sorted.hdf5,20121575,411855,413433,1578,1489,89,0.9435994930291508,55.0,638.0,356.51443922095365,366.0,703070.0,5244907.0,True
Halfmile,Halfmile3D_add_geom_sorted.hdf5,20121578,413433,415011,1578,1446,132,0.9163498098859315,66.0,642.0,357.76141078838174,366.0,703112.0,5244949.0,True
Halfmile,Halfmile3D_add_geom_sorted.hdf5,20121582,415011,416589,1578,1302,276,0.8250950570342205,52.0,610.0,350.31029185867897,352.0,703169.0,5245028.0,True
Halfmile,Halfmile3D_add_geom_sorted.hdf5,20121585,416589,418167,1578,1386,192,0.8783269961977186,42.0,620.0,368.43722943722946,372.0,703208.0,5245043.0,True
Halfmile,Halfmile3D_add_geom_sorted.hdf5,20121586,418167,419745,1578,1439,139,0.9119138149556401,27.0,662.0,377.4454482279361,386.0,703243.0,5245074.0,True
Halfmile,Halfmile3D_add_geom_sorted.hdf5,20141407,419745,421343,1598,1418,180,0.8873591989987485,40.0,516.0,291.7235543018336,294.0,702178.0,5244587.0,True
Halfmile,Halfmile3D_add_geom_sorted.hdf5,20141408,421343,422941,1598,1493,105,0.9342928660826032,25.0,510.0,294.30743469524447,298.0,702135.0,5244544.0,True
Halfmile,Halfmile3D_add_geom_sorted.hdf5,20141409,422941,424539,1598,1494,104,0.934918648310388,56.0,518.0,294.0374832663989,300.0,702220.0,5244628.0,True
Halfmile,Halfmile3D_add_geom_sorted.hdf5,20141410,424539,426137,1598,1534,64,0.9599499374217773,38.0,508.0,300.2601043024772,308.0,702091.0,5244501.0,True
Halfmile,Halfmile3D_add_geom_sorted.hdf5,20141411,426137,427735,1598,1462,136,0.9148936170212766,68.0,528.0,296.72435020519833,301.0,702259.0,5244667.0,True
Halfmile,Halfmile3D_add_geom_sorted.hdf5,20141413,427735,429333,1598,1485,113,0.9292866082603254,58.0,504.0,295.4040404040404,304.0,702048.0,5244459.0,True
Halfmile,Halfmile3D_add_geom_sorted.hdf5,20141414,429333,430931,1598,1533,65,0.9593241551939925,62.0,534.0,300.63666014350946,308.0,702306.0,5244713.0,True
Halfmile,Halfmile3D_add_geom_sorted.hdf5,20141415,430931,432529,1598,1517,81,0.9493116395494368,78.0,490.0,301.1061305207647,312.0,702005.0,5244417.0,True
Halfmile,Halfmile3D_add_geom_sorted.hdf5,20141416,432529,434127,1598,1532,66,0.9586983729662077,52.0,546.0,305.322454308094,316.0,702348.0,5244755.0,True
Halfmile,Halfmile3D_add_geom_sorted.hdf5,20141417,434127,435725,1598,1526,72,0.9549436795994993,70.0,502.0,298.151376146789,310.0,701962.0,5244375.0,True
Halfmile,Halfmile3D_add_geom_sorted.hdf5,20141418,435725,437323,1598,1538,60,0.9624530663329162,40.0,557.0,310.26397919375813,320.0,702391.0,5244797.0,True
Halfmile,Halfmile3D_add_geom_sorted.hdf5,20141419,437323,438921,1598,1508,90,0.9436795994993742,56.0,510.0,298.9648541114058,310.0,701920.0,5244332.0,True
Halfmile,Halfmile3D_add_geom_sorted.hdf5,20141420,438921,440519,1598,1427,171,0.8929912390488111,34.0,571.0,308.5872459705676,312.0,702434.0,5244839.0,True
Halfmile,Halfmile3D_add_geom_sorted.hdf5,20141421,440519,442117,1598,1424,174,0.8911138923654568,32.0,518.0,292.84831460674155,300.0,701877.0,5244290.0,True
Halfmile,Halfmile3D_add_geom_sorted.hdf5,20141422,442117,443715,1598,1489,109,0.9317897371714643,48.0,574.0,312.8871725990598,318.0,702476.0,5244881.0,True
Halfmile,Halfmile3D_add_geom_sorted.hdf5,20141423,443715,445313,1598,1360,238,0.851063829787234,26.0,512.0,289.4647058823529,292.0,701834.0,5244247.0,True
Halfmile,Halfmile3D_add_geom_sorted.hdf5,20141424,445313,446911,1598,1523,75,0.9530663329161452,58.0,580.0,320.60407091267234,327.0,702519.0,5244923.0,True
Halfmile,Halfmile3D_add_geom_sorted.hdf5,20141425,446911,448509,1598,1512,86,0.9461827284105131,42.0,530.0,299.70436507936506,303.0,701792.0,5244205.0,True
Halfmile,Halfmile3D_add_geom_sorted.hdf5,20141426,448509,450107,1598,1509,89,0.9443053817271589,66.0,582.0,322.25314777998676,326.0,702562.0,5244965.0,True
Halfmile,Halfmile3D_add_geom_sorted.hdf5,20141427,450107,451705,1598,1509,89,0.9443053817271589,64.0,534.0,304.55069582504973,308.0,701749.0,5244163.0,True
Halfmile,Halfmile3D_add_geom_sorted.hdf5,20141428,451705,453303,1598,1403,195,0.8779724655819775,54.0,594.0,319.8574483250178,326.0,702606.0,5245006.0,True
Halfmile,Halfmile3D_add_geom_sorted.hdf5,20141429,453303,454901,1598,1523,75,0.9530663329161452,76.0,544.0,305.9954038082731,312.0,701706.0,5244121.0,True
Halfmile,Halfmile3D_add_geom_sorted.hdf5,20141430,454901,456499,1598,1249,349,0.781602002503129,36.0,590.0,311.6517213771017,317.0,702648.0,5245050.0,True
Halfmile,Halfmile3D_add_geom_sorted.hdf5,20141431,456499,458097,1598,1517,81,0.9493116395494368,54.0,538.0,302.2089650626236,308.0,701663.0,5244079.0,True
Halfmile,Halfmile3D_add_geom_sorted.hdf5,20141432,458097,459695,1598,1431,167,0.89549436795995,18.0,604.0,333.22082459818307,340.0,702690.0,5245092.0,True
Halfmile,Halfmile3D_add_geom_sorted.hdf5,20141433,459695,461293,1598,1434,164,0.8973717146433041,34.0,552.0,304.57391910739193,312.0,701614.0,5244030.0,True
Halfmile,Halfmile3D_add_geom_sorted.hdf5,20141434,461293,462891,1598,1209,389,0.7565707133917396,32.0,592.0,322.3200992555831,326.0,702728.0,5245131.0,True
Halfmile,Halfmile3D_add_geom_sorted.hdf5,20141435,462891,464489,1598,1535,63,0.9605757196495619,22.0,562.0,314.4644951140065,324.0,701578.0,5243995.0,True
Halfmile,Halfmile3D_add_geom_sorted.hdf5,20141436,464489,466087,1598,1484,114,0.9286608260325406,42.0,606.0,341.3820754716981,352.5,702775.0,5245176.0,True
Halfmile,Halfmile3D_add_geom_sorted.hdf5,20141437,466087,467685,1598,1415,183,0.8854818523153942,26.0,568.0,312.51095406360423,310.0,701535.0,5243953.0,True
Halfmile,Halfmile3D_add_geom_sorted.hdf5,20141438,467685,469283,1598,1146,452,0.7171464330413017,54.0,618.0,313.8324607329843,314.0,702818.0,5245219.0,True
Halfmile,Halfmile3D_add_geom_sorted.hdf5,20141439,469283,470881,1598,1530,68,0.9574468085106383,44.0,567.0,319.7986928104575,326.0,701492.0,5243910.0,True
Halfmile,Halfmile3D_add_geom_sorted.hdf5,20141440,470881,472479,1598,1432,166,0.8961201501877347,66.0,628.0,352.0495810055866,364.0,702846.0,5245247.0,True
Halfmile,Halfmile3D_add_geom_sorted.hdf5,20141441,472479,474077,1598,1540,58,0.9637046307884856,60.0,584.0,325.0655844155844,332.0,701450.0,5243868.0,True
Halfmile,Halfmile3D_add_geom_sorted.hdf5,20141442,474077,475675,1598,1516,82,0.9486858573216521,46.0,640.0,364.2196569920844,375.0,702903.0,5245303.0,True
Halfmile,Halfmile3D_add_geom_sorted.hdf5,20141443,475675,477273,1598,1443,155,0.9030037546933667,70.0,590.0,323.66458766458766,324.0,701407.0,5243826.0,True
Halfmile,Halfmile3D_add_geom_sorted.hdf5,20141444,477273,478871,1598,1556,42,0.9737171464330413,32.0,652.0,374.51670951156814,382.0,702946.0,5245345.0,True
Halfmile,Halfmile3D_add_geom_sorted.hdf5,20141445,478871,480469,1598,1550,48,0.9699624530663329,48.0,594.0,333.80451612903227,338.5,701364.0,5243784.0,True
Halfmile,Halfmile3D_add_geom_sorted.hdf5,20141446,480469,482067,1598,1481,117,0.9267834793491865,34.0,608.0,333.91357191087104,340.0,701322.0,5243742.0,True
Halfmile,Halfmile3D_add_geom_sorted.hdf5,20141447,482067,483665,1598,1565,33,0.9793491864831039,20.0,660.0,381.4492012779553,386.0,702988.0,5245387.0,True
Halfmile,Halfmile3D_add_geom_sorted.hdf5,20141448,483665,485263,1598,1044,554,0.6533166458072591,20.0,522.0,283.06609195402297,290.0,701279.0,5243700.0,True
Halfmile,Halfmile3D_add_geom_sorted.hdf5,20141450,485263,486861,1598,1456,142,0.9111389236545682,34.0,608.0,344.4684065934066,350.0,701237.0,5243658.0,True
Halfmile,Halfmile3D_add_geom_sorted.hdf5,20141452,486861,488459,1598,1490,108,0.932415519399249,48.0,628.0,348.1154362416107,358.0,701194.0,5243615.0,True
Halfmile,Halfmile3D_add_geom_sorted.hdf5,20141454,488459,490057,1598,1398,200,0.8748435544430538,62.0,634.0,349.84549356223175,364.0,701150.0,5243573.0,True
Halfmile,Halfmile3D_add_geom_sorted.hdf5,20141456,490057,491655,1598,1420,178,0.8886107634543179,50.0,634.0,361.49084507042255,374.0,701094.0,5243517.0,True
Halfmile,Halfmile3D_add_geom_sorted.hdf5,20141458,491655,493253,1598,1504,94,0.9411764705882353,41.0,638.0,364.4335106382979,374.0,701066.0,5243489.0,True
Halfmile,Halfmile3D_add_geom_sorted.hdf5,20141460,493253,494851,1598,1450,148,0.9073842302878599,30.0,646.0,369.1986206896552,378.0,701024.0,5243446.0,True
Halfmile,Halfmile3D_add_geom_sorted.hdf5,20161357,494851,496455,1604,1439,165,0.8971321695760599,28.0,672.0,371.1035441278666,378.0,702692.0,5245659.0,True
Halfmile,Halfmile3D_add_geom_sorted.hdf5,20161358,496455,498059,1604,1577,27,0.9831670822942643,40.0,653.0,368.5453392517438,376.0,702649.0,5245617.0,True
Halfmile,Halfmile3D_add_geom_sorted.hdf5,20161359,498059,499663,1604,1278,326,0.7967581047381546,56.0,602.0,329.24021909233176,346.0,702607.0,5245575.0,True
Halfmile,Halfmile3D_add_geom_sorted.hdf5,20161360,499663,501267,1604,1411,193,0.8796758104738155,64.0,638.0,339.86959603118356,352.0,702564.0,5245533.0,True
Halfmile,Halfmile3D_add_geom_sorted.hdf5,20161361,501267,502871,1604,1279,325,0.7973815461346634,52.0,580.0,313.92963252541045,326.0,702521.0,5245491.0,True
Halfmile,Halfmile3D_add_geom_sorted.hdf5,20161362,502871,504475,1604,1374,230,0.8566084788029925,30.0,662.0,363.29257641921396,372.0,700729.0,5243720.0,True
Halfmile,Halfmile3D_add_geom_sorted.hdf5,20161363,504475,506079,1604,1206,398,0.7518703241895262,42.0,567.0,300.11359867330015,310.0,702479.0,5245449.0,True
Halfmile,Halfmile3D_add_geom_sorted.hdf5,20161364,506079,507683,1604,1366,238,0.8516209476309227,52.0,636.0,356.7459736456808,365.0,700772.0,5243762.0,True
Halfmile,Halfmile3D_add_geom_sorted.hdf5,20161365,507683,509287,1604,1384,220,0.8628428927680798,23.0,602.0,318.6300578034682,328.0,702432.0,5245403.0,True
Halfmile,Halfmile3D_add_geom_sorted.hdf5,20161366,509287,510891,1604,1452,152,0.9052369077306733,64.0,656.0,355.54683195592287,365.0,700815.0,5243804.0,True
Halfmile,Halfmile3D_add_geom_sorted.hdf5,20161367,510891,512495,1604,1036,568,0.6458852867830424,26.0,500.0,274.71138996138995,274.0,702394.0,5245364.0,True
Halfmile,Halfmile3D_add_geom_sorted.hdf5,20161368,512495,514099,1604,1542,62,0.9613466334164589,80.0,654.0,363.2107652399481,371.0,700857.0,5243846.0,True
Halfmile,Halfmile3D_add_geom_sorted.hdf5,20161369,514099,515703,1604,1481,123,0.9233167082294265,52.0,592.0,320.9729912221472,328.0,702344.0,5245315.0,True
Halfmile,Halfmile3D_add_geom_sorted.hdf5,20161370,515703,517307,1604,1552,52,0.9675810473815462,70.0,646.0,362.11984536082474,370.0,700900.0,5243888.0,True
Halfmile,Halfmile3D_add_geom_sorted.hdf5,20161371,517307,518911,1604,1347,257,0.8397755610972568,60.0,585.0,320.27468448403863,336.0,702309.0,5245280.0,True
Halfmile,Halfmile3D_add_geom_sorted.hdf5,20161372,518911,520515,1604,1512,92,0.942643391521197,48.0,638.0,346.2691798941799,353.5,700943.0,5243930.0,True
Halfmile,Halfmile3D_add_geom_sorted.hdf5,20161373,520515,522119,1604,1160,444,0.7231920199501247,48.0,530.0,285.7896551724138,293.0,702266.0,5245237.0,True
Halfmile,Halfmile3D_add_geom_sorted.hdf5,20161374,522119,523723,1604,1530,74,0.9538653366583542,34.0,626.0,345.94313725490196,352.0,700965.0,5243950.0,True
Halfmile,Halfmile3D_add_geom_sorted.hdf5,20161375,523723,525327,1604,1467,137,0.9145885286783042,20.0,620.0,337.3980913428766,342.0,701008.0,5243993.0,True
Halfmile,Halfmile3D_add_geom_sorted.hdf5,20161376,525327,526931,1604,1361,243,0.8485037406483791,38.0,566.0,294.87729610580453,308.0,702217.0,5245188.0,True
Halfmile,Halfmile3D_add_geom_sorted.hdf5,20161377,526931,528535,1604,1536,68,0.9576059850374065,34.0,570.0,303.80859375,316.0,702181.0,5245153.0,True
Halfmile,Halfmile3D_add_geom_sorted.hdf5,20161378,528535,530139,1604,1537,67,0.9582294264339152,52.0,602.0,323.4417696811971,328.0,701093.0,5244078.0,True
Halfmile,Halfmile3D_add_geom_sorted.hdf5,20161379,530139,531743,1604,1510,94,0.9413965087281796,60.0,596.0,318.37814569536425,325.0,701114.0,5244099.0,True
Halfmile,Halfmile3D_add_geom_sorted.hdf5,20161380,531743,533347,1604,1498,106,0.9339152119700748,20.0,566.0,307.41922563417893,318.0,702124.0,5245096.0,True
Halfmile,Halfmile3D_add_geom_sorted.hdf5,20161381,533347,534951,1604,1528,76,0.9526184538653366,70.0,594.0,325.49541884816756,332.0,701156.0,5244141.0,True
Halfmile,Halfmile3D_add_geom_sorted.hdf5,20161382,534951,536555,1604,1382,222,0.8615960099750624,30.0,558.0,286.33502170767,294.0,702103.0,5245075.0,True
Halfmile,Halfmile3D_add_geom_sorted.hdf5,20161383,536555,538159,1604,1550,54,0.9663341645885287,48.0,580.0,312.4741935483871,321.0,701200.0,5244183.0,True
Halfmile,Halfmile3D_add_geom_sorted.hdf5,20161384,538159,539763,1604,1466,138,0.9139650872817955,48.0,552.0,292.1405184174625,302.0,702053.0,5245026.0,True
Halfmile,Halfmile3D_add_geom_sorted.hdf5,20161385,539763,541367,1604,1421,183,0.8859102244389028,32.0,580.0,300.2061928219564,306.0,701242.0,5244225.0,True
Halfmile,Halfmile3D_add_geom_sorted.hdf5,20161386,541367,542971,1604,1358,246,0.8466334164588528,54.0,526.0,280.98748159057436,288.0,702011.0,5244984.0,True
Halfmile,Halfmile3D_add_geom_sorted.hdf5,20161387,542971,544575,1604,1390,214,0.8665835411471322,11.0,572.0,295.01079136690646,304.0,701285.0,5244267.0,True
Halfmile,Halfmile3D_add_geom_sorted.hdf5,20161388,544575,546179,1604,1462,142,0.9114713216957606,52.0,520.0,287.51162790697674,291.5,701968.0,5244942.0,True
Halfmile,Halfmile3D_add_geom_sorted.hdf5,20161389,546179,547783,1604,1472,132,0.9177057356608479,34.0,558.0,297.3294836956522,306.0,701320.0,5244302.0,True
Halfmile,Halfmile3D_add_geom_sorted.hdf5,20161390,547783,549387,1604,1474,130,0.9189526184538653,40.0,512.0,287.7415196743555,294.0,701925.0,5244900.0,True
Halfmile,Halfmile3D_add_geom_sorted.hdf5,20161392,549387,550991,1604,1370,234,0.8541147132169576,31.0,486.0,276.463503649635,282.0,701882.0,5244858.0,True
Halfmile,Halfmile3D_add_geom_sorted.hdf5,20161393,550991,552595,1604,1396,208,0.8703241895261845,58.0,548.0,291.74785100286533,297.5,701413.0,5244394.0,True
Halfmile,Halfmile3D_add_geom_sorted.hdf5,20161394,552595,554199,1604,1383,221,0.8622194513715711,32.0,514.0,285.0831525668836,286.0,701840.0,5244816.0,True
Halfmile,Halfmile3D_add_geom_sorted.hdf5,20161395,554199,555803,1604,1363,241,0.8497506234413965,46.0,550.0,286.11738811445343,288.0,701456.0,5244436.0,True
Halfmile,Halfmile3D_add_geom_sorted.hdf5,20161396,555803,557407,1604,1469,135,0.9158354114713217,48.0,508.0,291.21919673247106,300.0,701797.0,5244773.0,True
Halfmile,Halfmile3D_add_geom_sorted.hdf5,20161397,557407,559011,1604,1399,205,0.8721945137157108,34.0,534.0,289.0929235167977,292.0,701498.0,5244478.0,True
Halfmile,Halfmile3D_add_geom_sorted.hdf5,20161398,559011,560615,1604,1308,296,0.8154613466334164,26.0,506.0,280.56804281345563,282.0,701541.0,5244521.0,True
Halfmile,Halfmile3D_add_geom_sorted.hdf5,20161399,560615,562219,1604,1371,233,0.8547381546134664,22.0,522.0,281.6746900072939,284.0,701584.0,5244563.0,True
Halfmile,Halfmile3D_add_geom_sorted.hdf5,20161400,562219,563823,1604,1331,273,0.8298004987531172,58.0,488.0,272.73703981968447,278.0,701735.0,5244712.0,True
Halfmile,Halfmile3D_add_geom_sorted.hdf5,20161401,563823,565427,1604,1521,83,0.9482543640897756,40.0,520.0,294.9408284023669,300.0,701626.0,5244605.0,True
Halfmile,Halfmile3D_add_geom_sorted.hdf5,20161402,565427,567031,1604,1365,239,0.850997506234414,66.0,494.0,282.92527472527473,290.0,701701.0,5244679.0,True
Halfmile,Halfmile3D_add_geom_sorted.hdf5,20161403,567031,568635,1604,1482,122,0.9239401496259352,56.0,520.0,291.5458839406208,298.0,701669.0,5244647.0,True
Halfmile,Halfmile3D_add_geom_sorted.hdf5,20181315,568635,570239,1604,1555,49,0.9694513715710723,22.0,504.0,285.64565916398715,294.0,701588.0,5245129.0,True
Halfmile,Halfmile3D_add_geom_sorted.hdf5,20181316,570239,571843,1604,1465,139,0.9133416458852868,36.0,512.0,284.1863481228669,290.0,701631.0,5245171.0,True
Halfmile,Halfmile3D_add_geom_sorted.hdf5,20181317,571843,573447,1604,1493,111,0.9307980049875312,46.0,518.0,287.0100468854655,292.0,701674.0,5245212.0,True
Halfmile,Halfmile3D_add_geom_sorted.hdf5,20181318,573447,575051,1604,1385,219,0.8634663341645885,60.0,530.0,289.11407942238264,296.0,701717.0,5245254.0,True
Halfmile,Halfmile3D_add_geom_sorted.hdf5,20181319,575051,576655,1604,1288,316,0.8029925187032418,56.0,540.0,282.9425465838509,288.0,701760.0,5245297.0,True
Halfmile,Halfmile3D_add_geom_sorted.hdf5,20181320,576655,578259,1604,840,764,0.5236907730673317,44.0,550.0,256.45238095238096,243.5,701803.0,5245339.0,True
Halfmile,Halfmile3D_add_geom_sorted.hdf5,20181321,578259,579863,1604,1370,234,0.8541147132169576,24.0,490.0,279.67591240875913,286.0,701545.0,5245087.0,True
Halfmile,Halfmile3D_add_geom_sorted.hdf5,20181322,579863,581467,1604,1111,493,0.692643391521197,30.0,500.0,274.0837083708371,272.0,701845.0,5245381.0,True
Halfmile,Halfmile3D_add_geom_sorted.hdf5,20181323,581467,583071,1604,933,671,0.5816708229426434,36.0,428.0,237.82100750267952,246.0,701502.0,5245045.0,True
Halfmile,Halfmile3D_add_geom_sorted.hdf5,20181324,583071,584675,1604,1027,577,0.6402743142144638,32.0,512.0,271.26582278481015,268.0,701888.0,5245423.0,True
Halfmile,Halfmile3D_add_geom_sorted.hdf5,20181325,584675,586279,1604,936,668,0.5835411471321695,32.0,446.0,244.1698717948718,249.0,701459.0,5245003.0,True
Halfmile,Halfmile3D_add_geom_sorted.hdf5,20181326,586279,587883,1604,1021,583,0.6365336658354115,46.0,574.0,279.7238001958864,280.0,701930.0,5245466.0,True
Halfmile,Halfmile3D_add_geom_sorted.hdf5,20181327,587883,589487,1604,1063,541,0.662718204488778,19.0,452.0,255.56444026340546,258.0,701423.0,5244968.0,True
Halfmile,Halfmile3D_add_geom_sorted.hdf5,20181329,589487,591091,1604,1224,380,0.7630922693266833,68.0,602.0,297.49183006535947,298.0,701987.0,5245522.0,True
Halfmile,Halfmile3D_add_geom_sorted.hdf5,20181330,591091,592695,1604,987,617,0.6153366583541147,26.0,442.0,245.44782168186424,244.0,701373.0,5244919.0,True
Halfmile,Halfmile3D_add_geom_sorted.hdf5,20181331,592695,594299,1604,1036,568,0.6458852867830424,64.0,592.0,274.6631274131274,275.0,702015.0,5245550.0,True
Halfmile,Halfmile3D_add_geom_sorted.hdf5,20181332,594299,595903,1604,1296,308,0.8079800498753117,36.0,514.0,277.11033950617286,284.0,701331.0,5244877.0,True
Halfmile,Halfmile3D_add_geom_sorted.hdf5,20181338,595903,597507,1604,1485,119,0.9258104738154613,28.0,530.0,292.0801346801347,298.0,701267.0,5244813.0,True
Halfmile,Halfmile3D_add_geom_sorted.hdf5,20181339,597507,599111,1604,1507,97,0.9395261845386533,50.0,540.0,297.0424684804247,302.0,701203.0,5244750.0,True
Halfmile,Halfmile3D_add_geom_sorted.hdf5,20181340,599111,600715,1604,1382,222,0.8615960099750624,58.0,550.0,285.42257597684517,288.0,701160.0,5244708.0,True
Halfmile,Halfmile3D_add_geom_sorted.hdf5,20181341,600715,602319,1604,1471,133,0.9170822942643392,58.0,576.0,298.72943575798774,302.0,701117.0,5244666.0,True
Halfmile,Halfmile3D_add_geom_sorted.hdf5,20181343,602319,603923,1604,1441,163,0.8983790523690773,34.0,604.0,328.3768216516308,336.0,702100.0,5245634.0,True
Halfmile,Halfmile3D_add_geom_sorted.hdf5,20181344,603923,605527,1604,1536,68,0.9576059850374065,32.0,564.0,304.8990885416667,312.5,701031.0,5244583.0,True
Halfmile,Halfmile3D_add_geom_sorted.hdf5,20181345,605527,607131,1604,1484,120,0.9251870324189526,20.0,630.0,335.4858490566038,344.0,702143.0,5245676.0,True
Halfmile,Halfmile3D_add_geom_sorted.hdf5,20181346,607131,608735,1604,1462,142,0.9114713216957606,24.0,572.0,299.69288645690835,304.0,700988.0,5244541.0,True
Halfmile,Halfmile3D_add_geom_sorted.hdf5,20181347,608735,610339,1604,1488,116,0.9276807980049875,38.0,624.0,346.14112903225805,354.0,702186.0,5245719.0,True
Halfmile,Halfmile3D_add_geom_sorted.hdf5,20181348,610339,611943,1604,1536,68,0.9576059850374065,38.0,576.0,309.796875,320.0,700946.0,5244499.0,True
Halfmile,Halfmile3D_add_geom_sorted.hdf5,20181349,611943,613547,1604,1471,133,0.9170822942643392,50.0,628.0,343.82528891910266,350.0,702228.0,5245761.0,True
Halfmile,Halfmile3D_add_geom_sorted.hdf5,20181350,613547,615151,1604,1468,136,0.9152119700748129,62.0,636.0,348.425068119891,358.0,702271.0,5245803.0,True
Halfmile,Halfmile3D_add_geom_sorted.hdf5,20181351,615151,616755,1604,1504,100,0.9376558603491272,58.0,588.0,312.02061170212767,320.0,700896.0,5244450.0,True
Halfmile,Halfmile3D_add_geom_sorted.hdf5,20181352,616755,618359,1604,1452,152,0.9052369077306733,56.0,650.0,354.24931129476585,366.0,702314.0,5245845.0,True
Halfmile,Halfmile3D_add_geom_sorted.hdf5,20181353,618359,619963,1604,1419,185,0.8846633416458853,62.0,570.0,302.8322762508809,308.0,700853.0,5244407.0,True
Halfmile,Halfmile3D_add_geom_sorted.hdf5,20181354,619963,621567,1604,1496,108,0.9326683291770573,58.0,592.0,316.7266042780749,326.0,700824.0,5244379.0,True
Halfmile,Halfmile3D_add_geom_sorted.hdf5,20181355,621567,623171,1604,1443,161,0.8996259351620948,44.0,656.0,361.85446985446987,376.0,702356.0,5245887.0,True
Halfmile,Halfmile3D_add_geom_sorted.hdf5,20181356,623171,624775,1604,1521,83,0.9482543640897756,28.0,660.0,374.741617357002,389.0,702399.0,5245930.0,True
Halfmile,Halfmile3D_add_geom_sorted.hdf5,20201274,624775,626379,1604,1550,54,0.9663341645885287,60.0,530.0,298.59548387096777,300.0,701375.0,5245481.0,True
Halfmile,Halfmile3D_add_geom_sorted.hdf5,20201275,626379,627983,1604,1537,67,0.9582294264339152,64.0,532.0,294.76057254391674,296.0,701417.0,5245523.0,True
Halfmile,Halfmile3D_add_geom_sorted.hdf5,20201276,627983,629587,1604,1536,68,0.9576059850374065,42.0,520.0,294.220703125,296.0,701332.0,5245439.0,True
Halfmile,Halfmile3D_add_geom_sorted.hdf5,20201277,629587,631191,1604,1444,160,0.9002493765586035,68.0,542.0,291.4813019390582,298.0,701460.0,5245565.0,True
Halfmile,Halfmile3D_add_geom_sorted.hdf5,20201279,631191,632795,1604,1396,208,0.8703241895261845,56.0,568.0,297.5787965616046,304.0,701503.0,5245607.0,True
Halfmile,Halfmile3D_add_geom_sorted.hdf5,20201280,632795,634399,1604,1569,35,0.9781795511221946,36.0,528.0,303.33652007648186,306.0,701310.0,5245418.0,True
Halfmile,Halfmile3D_add_geom_sorted.hdf5,20201281,634399,636003,1604,1460,144,0.9102244389027432,36.0,562.0,300.7486301369863,306.0,701546.0,5245650.0,True
Halfmile,Halfmile3D_add_geom_sorted.hdf5,20201282,636003,637607,1604,1548,56,0.9650872817955112,38.0,508.0,290.27131782945736,296.0,701246.0,5245355.0,True
Halfmile,Halfmile3D_add_geom_sorted.hdf5,20201283,637607,639211,1604,1534,70,0.956359102244389,24.0,560.0,309.738591916558,317.0,701592.0,5245695.0,True
Halfmile,Halfmile3D_add_geom_sorted.hdf5,20201284,639211,640815,1604,1545,59,0.963216957605985,54.0,504.0,293.2006472491909,300.0,701203.0,5245312.0,True
Halfmile,Halfmile3D_add_geom_sorted.hdf5,20201285,640815,642419,1604,1411,193,0.8796758104738155,52.0,582.0,303.1622962437987,310.0,701631.0,5245734.0,True
Halfmile,Halfmile3D_add_geom_sorted.hdf5,20201286,642419,644023,1604,1568,36,0.9775561097256857,34.0,498.0,291.29464285714283,302.0,701139.0,5245249.0,True
Halfmile,Halfmile3D_add_geom_sorted.hdf5,20201287,644023,645627,1604,1465,139,0.9133416458852868,66.0,580.0,310.7481228668942,318.0,701674.0,5245776.0,True
Halfmile,Halfmile3D_add_geom_sorted.hdf5,20201288,645627,647231,1604,1550,54,0.9663341645885287,34.0,498.0,289.7148387096774,302.0,701118.0,5245228.0,True
Halfmile,Halfmile3D_add_geom_sorted.hdf5,20201289,647231,648835,1604,1420,184,0.885286783042394,70.0,568.0,310.58169014084507,314.0,701695.0,5245797.0,True
Halfmile,Halfmile3D_add_geom_sorted.hdf5,20201290,648835,650439,1604,1560,44,0.972568578553616,42.0,502.0,289.25384615384615,299.0,701079.0,5245189.0,True
Halfmile,Halfmile3D_add_geom_sorted.hdf5,20201291,650439,652043,1604,1508,96,0.940149625935162,52.0,588.0,320.87997347480103,329.0,701774.0,5245874.0,True
Halfmile,Halfmile3D_add_geom_sorted.hdf5,20201292,652043,653647,1604,1430,174,0.8915211970074813,40.0,602.0,317.11608391608394,323.5,701802.0,5245902.0,True
Halfmile,Halfmile3D_add_geom_sorted.hdf5,20201293,653647,655251,1604,1474,130,0.9189526184538653,22.0,608.0,326.95115332428765,337.0,701845.0,5245944.0,True
Halfmile,Halfmile3D_add_geom_sorted.hdf5,20201294,655251,656855,1604,1525,79,0.9507481296758105,62.0,510.0,291.2859016393443,296.0,701025.0,5245114.0,True
Halfmile,Halfmile3D_add_geom_sorted.hdf5,20201295,656855,658459,1604,1416,188,0.8827930174563591,38.0,602.0,327.6242937853107,340.0,701887.0,5245985.0,True
Halfmile,Halfmile3D_add_geom_sorted.hdf5,20201296,658459,660063,1604,1530,74,0.9538653366583542,68.0,516.0,290.79934640522873,296.0,700990.0,5245102.0,True
Halfmile,Halfmile3D_add_geom_sorted.hdf5,20201297,660063,661667,1604,1492,112,0.9301745635910225,54.0,622.0,341.7567024128686,354.0,701945.0,5246043.0,True
Halfmile,Halfmile3D_add_geom_sorted.hdf5,20201298,661667,663271,1604,1448,156,0.9027431421446384,56.0,626.0,336.00414364640886,348.0,701982.0,5246078.0,True
Halfmile,Halfmile3D_add_geom_sorted.hdf5,20201299,663271,664875,1604,1498,106,0.9339152119700748,56.0,646.0,347.35046728971963,362.0,702017.0,5246112.0,True
Halfmile,Halfmile3D_add_geom_sorted.hdf5,20201300,664875,666479,1604,1552,52,0.9675810473815462,40.0,646.0,363.19329896907215,376.5,702082.0,5246175.0,True
Halfmile,Halfmile3D_add_geom_sorted.hdf5,20201301,666479,668083,1604,1530,74,0.9538653366583542,36.0,652.0,368.0947712418301,382.0,702104.0,5246195.0,True
Halfmile,Halfmile3D_add_geom_sorted.hdf5,20201302,668083,669687,1604,1540,64,0.9600997506234414,23.0,662.0,374.97662337662337,386.0,702145.0,5246239.0,True
Halfmile,Halfmile3D_add_geom_sorted.hdf5,20201305,669687,671291,1604,1497,107,0.933291770573566,72.0,518.0,290.45824983299934,294.0,701038.0,5245023.0,True
Halfmile,Halfmile3D_add_geom_sorted.hdf5,20201306,671291,672895,1604,1541,63,0.9607231920199502,74.0,538.0,299.41596365996105,304.0,700883.0,5244997.0,True
Halfmile,Halfmile3D_add_geom_sorted.hdf5,20201307,672895,674499,1604,1509,95,0.9407730673316709,52.0,546.0,297.32273028495695,308.0,700819.0,5244933.0,True
Halfmile,Halfmile3D_add_geom_sorted.hdf5,20201308,674499,676103,1604,1510,94,0.9413965087281796,40.0,540.0,298.5417218543046,312.0,700777.0,5244891.0,True
Halfmile,Halfmile3D_add_geom_sorted.hdf5,20201309,676103,677707,1604,1518,86,0.9463840399002493,28.0,554.0,306.3320158102767,319.0,700734.0,5244849.0,True
Halfmile,Halfmile3D_add_geom_sorted.hdf5,20201310,677707,679311,1604,1556,48,0.970074812967581,25.0,564.0,308.4035989717224,322.0,700713.0,5244828.0,True
Halfmile,Halfmile3D_add_geom_sorted.hdf5,20201311,679311,680915,1604,1555,49,0.9694513715710723,38.0,562.0,308.11897106109325,320.0,700670.0,5244786.0,True
Halfmile,Halfmile3D_add_geom_sorted.hdf5,20221154,680915,682519,1604,1209,395,0.7537406483790524,18.0,656.0,341.6898263027295,330.0,701849.0,5246507.0,True
Halfmile,Halfmile3D_add_geom_sorted.hdf5,20221157,682519,684123,1604,1490,114,0.928927680798005,32.0,630.0,358.3973154362416,370.0,701806.0,5246465.0,True
Halfmile,Halfmile3D_add_geom_sorted.hdf5,20221160,684123,685727,1604,1255,349,0.7824189526184538,44.0,640.0,334.50278884462153,334.0,701785.0,5246444.0,True
Halfmile,Halfmile3D_add_geom_sorted.hdf5,20221163,685727,687331,1604,1141,463,0.7113466334164589,58.0,574.0,307.7852760736196,316.0,701721.0,5246381.0,True
Halfmile,Halfmile3D_add_geom_sorted.hdf5,20221167,687331,688935,1604,1381,223,0.8609725685785536,54.0,626.0,326.79073135409124,336.0,701692.0,5246352.0,True
Halfmile,Halfmile3D_add_geom_sorted.hdf5,20221170,688935,690539,1604,1526,78,0.9513715710723192,38.0,614.0,333.07470511140235,342.0,701636.0,5246296.0,True
Halfmile,Halfmile3D_add_geom_sorted.hdf5,20221173,690539,692143,1604,1457,147,0.9083541147132169,24.0,608.0,323.6149622512011,330.0,701592.0,5246254.0,True
Halfmile,Halfmile3D_add_geom_sorted.hdf5,20221176,692143,693747,1604,1412,192,0.8802992518703242,30.0,606.0,312.8774787535411,322.0,701550.0,5246212.0,True
Halfmile,Halfmile3D_add_geom_sorted.hdf5,20221179,693747,695351,1604,1432,172,0.8927680798004988,46.0,590.0,317.22974860335194,325.5,701508.0,5246170.0,True
Halfmile,Halfmile3D_add_geom_sorted.hdf5,20221182,695351,696955,1604,1528,76,0.9526184538653366,60.0,588.0,320.87958115183244,326.0,701465.0,5246128.0,True
Halfmile,Halfmile3D_add_geom_sorted.hdf5,20221185,696955,698559,1604,1497,107,0.933291770573566,64.0,580.0,311.5871743486974,314.0,701436.0,5246099.0,True
Halfmile,Halfmile3D_add_geom_sorted.hdf5,20221187,698559,700163,1604,1504,100,0.9376558603491272,48.0,572.0,309.25465425531917,314.0,701379.0,5246043.0,True
Halfmile,Halfmile3D_add_geom_sorted.hdf5,20221189,700163,701767,1604,1393,211,0.8684538653366584,26.0,560.0,294.21823402727927,296.0,701336.0,5246002.0,True
Halfmile,Halfmile3D_add_geom_sorted.hdf5,20221191,701767,703371,1604,1444,160,0.9002493765586035,20.0,550.0,292.4785318559557,296.0,701293.0,5245960.0,True
Halfmile,Halfmile3D_add_geom_sorted.hdf5,20221194,703371,704975,1604,1373,231,0.8559850374064838,32.0,540.0,292.63583394027677,302.0,701250.0,5245918.0,True
Halfmile,Halfmile3D_add_geom_sorted.hdf5,20221196,704975,706579,1604,1451,153,0.9046134663341646,48.0,538.0,293.58787043418334,300.0,701207.0,5245877.0,True
Halfmile,Halfmile3D_add_geom_sorted.hdf5,20221199,706579,708183,1604,1193,411,0.7437655860349127,64.0,530.0,272.39145012573346,270.0,701164.0,5245834.0,True
Halfmile,Halfmile3D_add_geom_sorted.hdf5,20221202,708183,709787,1604,1361,243,0.8485037406483791,50.0,518.0,280.57310800881703,280.0,701121.0,5245792.0,True
Halfmile,Halfmile3D_add_geom_sorted.hdf5,20221205,709787,711391,1604,1392,212,0.8678304239401496,38.0,507.0,281.7765804597701,285.0,701078.0,5245751.0,True
Halfmile,Halfmile3D_add_geom_sorted.hdf5,20221208,711391,712995,1604,1361,243,0.8485037406483791,24.0,500.0,270.2924320352682,270.0,701035.0,5245709.0,True
Halfmile,Halfmile3D_add_geom_sorted.hdf5,20221211,712995,714599,1604,1456,148,0.9077306733167082,24.0,510.0,283.3440934065934,288.0,700992.0,5245667.0,True
Halfmile,Halfmile3D_add_geom_sorted.hdf5,20221214,714599,716203,1604,1466,138,0.9139650872817955,40.0,498.0,279.24897680763985,284.0,700943.0,5245617.0,True
Halfmile,Halfmile3D_add_geom_sorted.hdf5,20221217,716203,717807,1604,1435,169,0.8946384039900249,38.0,492.0,282.77979094076653,292.0,700907.0,5245582.0,True
Halfmile,Halfmile3D_add_geom_sorted.hdf5,20221220,717807,719411,1604,1490,114,0.928927680798005,24.0,488.0,281.4013422818792,292.0,700872.0,5245547.0,True
Halfmile,Halfmile3D_add_geom_sorted.hdf5,20221223,719411,721015,1604,1566,38,0.9763092269326683,28.0,490.0,283.0951468710089,292.0,700829.0,5245505.0,True
Halfmile,Halfmile3D_add_geom_sorted.hdf5,20221226,721015,722619,1604,1526,78,0.9513715710723192,40.0,496.0,280.3597640891219,284.0,700779.0,5245456.0,True
Halfmile,Halfmile3D_add_geom_sorted.hdf5,20221229,722619,724223,1604,1562,42,0.9738154613466334,52.0,502.0,284.51536491677336,292.0,700744.0,5245420.0,True
Halfmile,Halfmile3D_add_geom_sorted.hdf5,20221232,724223,725827,1604,1554,50,0.9688279301745636,72.0,510.0,287.5978120978121,294.0,700694.0,5245371.0,True
Halfmile,Halfmile3D_add_geom_sorted.hdf5,20221235,725827,727431,1604,1567,37,0.976932668329177,72.0,514.0,290.14103382259094,296.0,700666.0,5245343.0,True
Halfmile,Halfmile3D_add_geom_sorted.hdf5,20221238,727431,729035,1604,1526,78,0.9513715710723192,72.0,528.0,292.64089121887287,298.0,700608.0,5245287.0,True
Halfmile,Halfmile3D_add_geom_sorted.hdf5,20221241,729035,730639,1604,1372,232,0.8553615960099751,58.0,536.0,286.9591836734694,296.0,700566.0,5245245.0,True
Halfmile,Halfmile3D_add_geom_sorted.hdf5,20221244,730639,732243,1604,1386,218,0.8640897755610972,42.0,528.0,282.1818181818182,290.0,700544.0,5245225.0,True
Halfmile,Halfmile3D_add_geom_sorted.hdf5,20221247,732243,733847,1604,1376,228,0.85785536159601,34.0,548.0,292.3786337209302,298.0,700472.0,5245154.0,True
Halfmile,Halfmile3D_add_geom_sorted.hdf5,20221250,733847,735451,1604,197,1407,0.12281795511221945,24.0,1482.0,179.3197969543147,150.0,700433.0,5245116.0,False
Halfmile,Halfmile3D_add_geom_sorted.hdf5,20221253,735451,737055,1604,1456,148,0.9077306733167082,36.0,566.0,306.5254120879121,316.0,700394.0,5245077.0,True
Halfmile,Halfmile3D_add_geom_sorted.hdf5,20221256,737055,738659,1604,1531,73,0.9544887780548629,46.0,562.0,308.8014369693011,316.0,700351.0,5245035.0,True
Halfmile,Halfmile3D_add_geom_sorted.hdf5,20221258,738659,740263,1604,1529,75,0.9532418952618454,60.0,572.0,316.833878351864,324.0,700308.0,5244993.0,True
Halfmile,Halfmile3D_add_geom_sorted.hdf5,20221260,740263,741867,1604,1531,73,0.9544887780548629,58.0,572.0,321.70542129327237,330.0,700266.0,5244951.0,True
Halfmile,Halfmile3D_add_geom_sorted.hdf5,20221262,741867,743471,1604,1537,67,0.9582294264339152,44.0,586.0,324.3181522446324,332.0,700223.0,5244909.0,True
Halfmile,Halfmile3D_add_geom_sorted.hdf5,20221264,743471,745075,1604,1417,187,0.8834164588528678,32.0,592.0,320.151023288638,326.0,700180.0,5244866.0,True
Halfmile,Halfmile3D_add_geom_sorted.hdf5,20221265,745075,746679,1604,1445,159,0.9008728179551122,24.0,600.0,328.1743944636678,338.0,700138.0,5244824.0,True
Halfmile,Halfmile3D_add_geom_sorted.hdf5,20221266,746679,748283,1604,1565,39,0.9756857855361596,40.0,614.0,343.34568690095847,352.0,700095.0,5244782.0,True
Halfmile,Halfmile3D_add_geom_sorted.hdf5,20221267,748283,749887,1604,1544,60,0.9625935162094763,52.0,636.0,351.1334196891192,362.0,700052.0,5244740.0,True
Halfmile,Halfmile3D_add_geom_sorted.hdf5,20221268,749887,751491,1604,1493,111,0.9307980049875312,66.0,590.0,348.3415941058272,360.0,700010.0,5244698.0,True
Halfmile,Halfmile3D_add_geom_sorted.hdf5,20221269,751491,753095,1604,1525,79,0.9507481296758105,54.0,642.0,368.2924590163934,378.0,699967.0,5244655.0,True
Halfmile,Halfmile3D_add_geom_sorted.hdf5,20221270,753095,754699,1604,1552,52,0.9675810473815462,36.0,658.0,374.05283505154637,382.0,699924.0,5244613.0,True
Halfmile,Halfmile3D_add_geom_sorted.hdf5,20221271,754699,756303,1604,1535,69,0.9569825436408977,18.0,662.0,379.37459283387625,386.0,699882.0,5244571.0,True
Halfmile,Halfmile3D_add_geom_sorted.hdf5,20241007,756303,757907,1604,1491,113,0.9295511221945137,24.0,710.0,373.39369550637156,383.0,699611.0,5244868.0,True
Halfmile,Halfmile3D_add_geom_sorted.hdf5,20241011,757907,759511,1604,1518,86,0.9463840399002493,30.0,706.0,372.24110671936756,386.0,699632.0,5244889.0,True
Halfmile,Halfmile3D_add_geom_sorted.hdf5,20241014,759511,761115,1604,862,742,0.5374064837905237,44.0,492.0,270.8190255220418,280.0,699674.0,5244931.0,True
Halfmile,Halfmile3D_add_geom_sorted.hdf5,20241019,761115,762719,1604,1355,249,0.8447630922693267,58.0,630.0,344.29667896678967,350.0,699717.0,5244973.0,True
Halfmile,Halfmile3D_add_geom_sorted.hdf5,20241022,762719,764323,1604,1379,225,0.8597256857855362,66.0,678.0,352.1189267585207,358.0,699760.0,5245015.0,True
Halfmile,Halfmile3D_add_geom_sorted.hdf5,20241025,764323,765927,1604,1324,280,0.8254364089775561,54.0,576.0,332.91993957703926,334.0,699803.0,5245057.0,True
Halfmile,Halfmile3D_add_geom_sorted.hdf5,20241028,765927,767531,1604,1560,44,0.972568578553616,36.0,678.0,346.18461538461537,348.0,699832.0,5245085.0,True
Halfmile,Halfmile3D_add_geom_sorted.hdf5,20241042,767531,769135,1604,1487,117,0.9270573566084788,28.0,658.0,341.04572965702755,340.0,699858.0,5245141.0,True
Halfmile,Halfmile3D_add_geom_sorted.hdf5,20241046,769135,770739,1604,1395,209,0.8697007481296758,50.0,592.0,322.49032258064517,324.0,699943.0,5245193.0,True
Halfmile,Halfmile3D_add_geom_sorted.hdf5,20241048,770739,772343,1604,1419,185,0.8846633416458853,62.0,590.0,321.88865398167724,322.0,699982.0,5245231.0,True
Halfmile,Halfmile3D_add_geom_sorted.hdf5,20241051,772343,773947,1604,1376,228,0.85785536159601,66.0,580.0,310.8546511627907,308.0,700017.0,5245267.0,True
Halfmile,Halfmile3D_add_geom_sorted.hdf5,20241054,773947,775551,1604,1507,97,0.9395261845386533,52.0,632.0,319.4518911745189,320.0,700060.0,5245309.0,True
Halfmile,Halfmile3D_add_geom_sorted.hdf5,20241057,775551,777155,1604,1465,139,0.9133416458852868,33.0,624.0,311.49556313993173,312.0,700102.0,5245352.0,True
Halfmile,Halfmile3D_add_geom_sorted.hdf5,20241059,777155,778759,1604,1389,215,0.8659600997506235,20.0,599.0,302.37293016558675,303.0,700145.0,5245394.0,True
Halfmile,Halfmile3D_add_geom_sorted.hdf5,20241061,778759,780363,1604,1470,134,0.9164588528678305,18.0,620.0,308.2278911564626,312.0,700166.0,5245415.0,True
Halfmile,Halfmile3D_add_geom_sorted.hdf5,20241064,780363,781967,1604,1495,109,0.9320448877805486,50.0,590.0,299.6133779264214,298.0,700252.0,5245499.0,True
Halfmile,Halfmile3D_add_geom_sorted.hdf5,20241066,781967,783571,1604,1472,132,0.9177057356608479,56.0,588.0,299.9463315217391,297.0,700273.0,5245521.0,True
Halfmile,Halfmile3D_add_geom_sorted.hdf5,20241068,783571,785175,1604,1487,117,0.9270573566084788,66.0,582.0,296.6281102891728,296.0,700312.0,5245559.0,True
Halfmile,Halfmile3D_add_geom_sorted.hdf5,20241070,785175,786779,1604,1430,174,0.8915211970074813,66.0,576.0,288.1734265734266,282.0,700358.0,5245605.0,True
Halfmile,Halfmile3D_add_geom_sorted.hdf5,20241072,786779,788383,1604,1331,273,0.8298004987531172,56.0,534.0,276.9286250939144,276.0,700423.0,5245668.0,True
Halfmile,Halfmile3D_add_geom_sorted.hdf5,20241075,788383,789987,1604,1458,146,0.9089775561097256,42.0,566.0,288.7997256515775,288.0,700451.0,5245696.0,True
Halfmile,Halfmile3D_add_geom_sorted.hdf5,20241077,789987,791591,1604,1450,154,0.9039900249376559,38.0,538.0,291.1413793103448,294.0,700487.0,5245731.0,True
Halfmile,Halfmile3D_add_geom_sorted.hdf5,20241079,791591,793195,1604,1382,222,0.8615960099750624,48.0,538.0,285.2641099855282,294.0,700530.0,5245773.0,True
Halfmile,Halfmile3D_add_geom_sorted.hdf5,20241083,793195,794799,1604,1354,250,0.844139650872818,52.0,526.0,281.81536189069425,294.0,700572.0,5245816.0,True
Halfmile,Halfmile3D_add_geom_sorted.hdf5,20241086,794799,796403,1604,1381,223,0.8609725685785536,58.0,546.0,279.8001448225923,284.0,700615.0,5245858.0,True
Halfmile,Halfmile3D_add_geom_sorted.hdf5,20241089,796403,798007,1604,1301,303,0.8110972568578554,40.0,558.0,274.5564950038432,282.0,700665.0,5245907.0,True
Halfmile,Halfmile3D_add_geom_sorted.hdf5,20241092,798007,799611,1604,1280,324,0.7980049875311721,26.0,564.0,275.72265625,276.0,700701.0,5245942.0,True
Halfmile,Halfmile3D_add_geom_sorted.hdf5,20241095,799611,801215,1604,1381,223,0.8609725685785536,28.0,542.0,285.4098479362781,284.0,700751.0,5245991.0,True
Halfmile,Halfmile3D_add_geom_sorted.hdf5,20241098,801215,802819,1604,1394,210,0.8690773067331671,40.0,570.0,290.32137733142036,288.0,700793.0,5246033.0,True
Halfmile,Halfmile3D_add_geom_sorted.hdf5,20241103,802819,804423,1604,1409,195,0.878428927680798,60.0,580.0,293.1362668559262,292.0,700836.0,5246075.0,True
Halfmile,Halfmile3D_add_geom_sorted.hdf5,20241106,804423,806027,1604,1121,483,0.6988778054862843,72.0,552.0,264.5557537912578,260.0,700879.0,5246117.0,True
Halfmile,Halfmile3D_add_geom_sorted.hdf5,20241109,806027,807631,1604,1397,207,0.8709476309226932,60.0,606.0,301.2469577666428,294.0,700922.0,5246160.0,True
Halfmile,Halfmile3D_add_geom_sorted.hdf5,20241112,807631,809235,1604,1401,203,0.8734413965087282,38.0,558.0,298.36117059243395,296.0,700964.0,5246202.0,True
Halfmile,Halfmile3D_add_geom_sorted.hdf5,20241115,809235,810839,1604,1207,397,0.7524937655860349,20.0,604.0,283.3015741507871,274.0,701007.0,5246243.0,True
Halfmile,Halfmile3D_add_geom_sorted.hdf5,20241118,810839,812443,1604,1290,314,0.8042394014962594,30.0,580.0,291.07209302325583,282.5,701050.0,5246286.0,True
Halfmile,Halfmile3D_add_geom_sorted.hdf5,20241121,812443,814047,1604,1384,220,0.8628428927680798,44.0,610.0,308.8699421965318,300.0,701078.0,5246314.0,True
Halfmile,Halfmile3D_add_geom_sorted.hdf5,20241124,814047,815651,1604,1459,145,0.9096009975062345,56.0,618.0,313.2590815627142,310.0,701113.0,5246349.0,True
Halfmile,Halfmile3D_add_geom_sorted.hdf5,20241125,815651,817255,1604,1515,89,0.9445137157107232,56.0,630.0,321.57293729372935,320.0,701164.0,5246398.0,True
Halfmile,Halfmile3D_add_geom_sorted.hdf5,20241126,817255,818859,1604,1488,116,0.9276807980049875,48.0,638.0,324.9858870967742,320.0,701213.0,5246447.0,True
Halfmile,Halfmile3D_add_geom_sorted.hdf5,20241127,818859,820463,1604,1391,213,0.8672069825436409,36.0,645.0,319.9820273184759,320.0,701256.0,5246489.0,True
Halfmile,Halfmile3D_add_geom_sorted.hdf5,20241128,820463,822067,1604,1450,154,0.9039900249376559,21.0,658.0,327.5455172413793,332.0,701299.0,5246531.0,True
Halfmile,Halfmile3D_add_geom_sorted.hdf5,20241129,822067,823671,1604,1407,197,0.8771820448877805,36.0,670.0,334.18905472636817,332.0,701342.0,5246573.0,True
Halfmile,Halfmile3D_add_geom_sorted.hdf5,20241131,823671,825275,1604,1444,160,0.9002493765586035,50.0,672.0,341.1253462603878,346.0,701385.0,5246615.0,True
Halfmile,Halfmile3D_add_geom_sorted.hdf5,20241133,825275,826879,1604,1528,76,0.9526184538653366,60.0,678.0,353.5955497382199,360.0,701428.0,5246657.0,True
Halfmile,Halfmile3D_add_geom_sorted.hdf5,20241136,826879,828483,1604,1506,98,0.9389027431421446,52.0,680.0,354.277556440903,360.0,701470.0,5246699.0,True
Halfmile,Halfmile3D_add_geom_sorted.hdf5,20241139,828483,830087,1604,1561,43,0.9731920199501247,46.0,688.0,362.47469570787956,373.0,701492.0,5246720.0,True
Halfmile,Halfmile3D_add_geom_sorted.hdf5,20241142,830087,831691,1604,1557,47,0.9706982543640897,26.0,704.0,373.5786769428388,386.0,701556.0,5246783.0,True
Halfmile,Halfmile3D_add_geom_sorted.hdf5,20261130,831691,833295,1604,1473,131,0.9183291770573566,20.0,752.0,394.2518669382213,402.0,701304.0,5247092.0,True
Halfmile,Halfmile3D_add_geom_sorted.hdf5,20261132,833295,834899,1604,1440,164,0.8977556109725686,28.0,748.0,384.37083333333334,393.0,701261.0,5247050.0,True
Halfmile,Halfmile3D_add_geom_sorted.hdf5,20261135,834899,836503,1604,1351,253,0.8422693266832918,42.0,744.0,372.1465581051073,376.0,701219.0,5247008.0,True
Halfmile,Halfmile3D_add_geom_sorted.hdf5,20261138,836503,838107,1604,1439,165,0.8971321695760599,58.0,744.0,369.0694927032662,374.0,701176.0,5246966.0,True
Halfmile,Halfmile3D_add_geom_sorted.hdf5,20261141,838107,839711,1604,1333,271,0.8310473815461347,54.0,678.0,344.3398349587397,356.0,701133.0,5246923.0,True
Halfmile,Halfmile3D_add_geom_sorted.hdf5,20261144,839711,841315,1604,1361,243,0.8485037406483791,48.0,674.0,348.1792799412197,352.0,701090.0,5246882.0,True
Halfmile,Halfmile3D_add_geom_sorted.hdf5,20261146,841315,842919,1604,1261,343,0.7861596009975063,28.0,714.0,335.3743061062649,332.0,701047.0,5246839.0,True
Halfmile,Halfmile3D_add_geom_sorted.hdf5,20261148,842919,844523,1604,1410,194,0.8790523690773068,18.0,708.0,343.70851063829787,340.0,701005.0,5246797.0,True
Halfmile,Halfmile3D_add_geom_sorted.hdf5,20261150,844523,846127,1604,1269,335,0.7911471321695761,32.0,704.0,319.9054373522459,314.0,700962.0,5246755.0,True
Halfmile,Halfmile3D_add_geom_sorted.hdf5,20261152,846127,847731,1604,1541,63,0.9607231920199502,50.0,694.0,345.7469175859831,346.0,700919.0,5246713.0,True
Halfmile,Halfmile3D_add_geom_sorted.hdf5,20261155,847731,849335,1604,1424,180,0.8877805486284289,60.0,688.0,330.5456460674157,328.0,700876.0,5246671.0,True
Halfmile,Halfmile3D_add_geom_sorted.hdf5,20261158,849335,850939,1604,1499,105,0.9345386533665836,52.0,680.0,333.77918612408274,338.0,700833.0,5246629.0,True
Halfmile,Halfmile3D_add_geom_sorted.hdf5,20261161,850939,852543,1604,1413,191,0.8809226932668329,32.0,682.0,322.1316348195329,314.0,700791.0,5246587.0,True
Halfmile,Halfmile3D_add_geom_sorted.hdf5,20261164,852543,854147,1604,1207,397,0.7524937655860349,22.0,630.0,294.43496271748137,280.0,700748.0,5246545.0,True
Halfmile,Halfmile3D_add_geom_sorted.hdf5,20261166,854147,855751,1604,1462,142,0.9114713216957606,30.0,658.0,314.69015047879617,310.5,700705.0,5246503.0,True
Halfmile,Halfmile3D_add_geom_sorted.hdf5,20261169,855751,857355,1604,1491,113,0.9295511221945137,44.0,634.0,317.9195171026157,312.0,700663.0,5246461.0,True
Halfmile,Halfmile3D_add_geom_sorted.hdf5,20261172,857355,858959,1604,1367,237,0.8522443890274314,60.0,624.0,302.28237015362106,300.0,700620.0,5246419.0,True
Halfmile,Halfmile3D_add_geom_sorted.hdf5,20261175,858959,860563,1604,1524,80,0.9501246882793017,66.0,638.0,317.6922572178478,310.0,700577.0,5246377.0,True
Halfmile,Halfmile3D_add_geom_sorted.hdf5,20261178,860563,862167,1604,1421,183,0.8859102244389028,50.0,632.0,306.4475721323012,296.0,700534.0,5246335.0,True
Halfmile,Halfmile3D_add_geom_sorted.hdf5,20261181,862167,863771,1604,1411,193,0.8796758104738155,38.0,608.0,308.1948972360028,296.0,700491.0,5246293.0,True
Halfmile,Halfmile3D_add_geom_sorted.hdf5,20261184,863771,865375,1604,1395,209,0.8697007481296758,20.0,630.0,303.8007168458781,288.0,700448.0,5246251.0,True
Halfmile,Halfmile3D_add_geom_sorted.hdf5,20261188,865375,866979,1604,1356,248,0.8453865336658354,42.0,632.0,295.7315634218289,285.0,700406.0,5246209.0,True
Halfmile,Halfmile3D_add_geom_sorted.hdf5,20261190,866979,868583,1604,1259,345,0.7849127182044888,56.0,630.0,294.51787132644955,288.0,700363.0,5246167.0,True
Halfmile,Halfmile3D_add_geom_sorted.hdf5,20261192,868583,870187,1604,1254,350,0.7817955112219451,68.0,618.0,291.21371610845296,289.0,700320.0,5246125.0,True
Halfmile,Halfmile3D_add_geom_sorted.hdf5,20261193,870187,871791,1604,1230,374,0.7668329177057357,60.0,614.0,284.1178861788618,280.0,700277.0,5246083.0,True
Halfmile,Halfmile3D_add_geom_sorted.hdf5,20261195,871791,873395,1604,1202,402,0.7493765586034913,48.0,588.0,280.3602329450915,274.0,700234.0,5246041.0,True
Halfmile,Halfmile3D_add_geom_sorted.hdf5,20261197,873395,874999,1604,1283,321,0.7998753117206983,38.0,608.0,286.5003897116134,276.0,700192.0,5245999.0,True
Halfmile,Halfmile3D_add_geom_sorted.hdf5,20261198,874999,876603,1604,1333,271,0.8310473815461347,28.0,600.0,293.72993248312076,280.0,700149.0,5245957.0,True
Halfmile,Halfmile3D_add_geom_sorted.hdf5,20261201,876603,878207,1604,1504,100,0.9376558603491272,48.0,634.0,317.81781914893617,305.0,700106.0,5245915.0,True
Halfmile,Halfmile3D_add_geom_sorted.hdf5,20261204,878207,879811,1604,1347,257,0.8397755610972568,56.0,580.0,295.32962138084633,284.0,700063.0,5245872.0,True
Halfmile,Halfmile3D_add_geom_sorted.hdf5,20261207,879811,881415,1604,1187,417,0.7400249376558603,62.0,604.0,278.390901432182,268.0,700021.0,5245830.0,True
Halfmile,Halfmile3D_add_geom_sorted.hdf5,20261210,881415,883019,1604,1255,349,0.7824189526184538,50.0,590.0,290.36414342629485,284.0,699978.0,5245788.0,True
Halfmile,Halfmile3D_add_geom_sorted.hdf5,20261213,883019,884623,1604,1547,57,0.9644638403990025,34.0,654.0,322.02714932126696,318.0,699935.0,5245746.0,True
Halfmile,Halfmile3D_add_geom_sorted.hdf5,20261216,884623,886227,1604,1560,44,0.972568578553616,26.0,660.0,325.78076923076924,324.0,699892.0,5245704.0,True
Halfmile,Halfmile3D_add_geom_sorted.hdf5,20261219,886227,887831,1604,1522,82,0.9488778054862843,28.0,666.0,329.7779237844941,332.0,699850.0,5245662.0,True
Halfmile,Halfmile3D_add_geom_sorted.hdf5,20261222,887831,889435,1604,1566,38,0.9763092269326683,44.0,674.0,337.1749680715198,340.0,699807.0,5245620.0,True
Halfmile,Halfmile3D_add_geom_sorted.hdf5,20261225,889435,891039,1604,1477,127,0.9208229426433915,54.0,678.0,332.98578199052133,335.0,699764.0,5245578.0,True
Halfmile,Halfmile3D_add_geom_sorted.hdf5,20261228,891039,892643,1604,1472,132,0.9177057356608479,66.0,648.0,336.75,343.0,699722.0,5245535.0,True
Halfmile,Halfmile3D_add_geom_sorted.hdf5,20261231,892643,894247,1604,1526,78,0.9513715710723192,54.0,694.0,351.4370904325033,363.0,699678.0,5245493.0,True
Halfmile,Halfmile3D_add_geom_sorted.hdf5,20261233,894247,895851,1604,1512,92,0.942643391521197,40.0,706.0,353.8015873015873,358.0,699636.0,5245451.0,True
Halfmile,Halfmile3D_add_geom_sorted.hdf5,20261236,895851,897455,1604,1480,124,0.9226932668329177,22.0,716.0,356.31283783783783,362.0,699600.0,5245416.0,True
Halfmile,Halfmile3D_add_geom_sorted.hdf5,20261239,897455,899059,1604,1394,210,0.8690773067331671,40.0,718.0,356.0157819225251,357.0,699557.0,5245374.0,True
Halfmile,Halfmile3D_add_geom_sorted.hdf5,20261243,899059,900663,1604,1452,152,0.9052369077306733,62.0,734.0,364.5254820936639,375.0,699486.0,5245304.0,True
Halfmile,Halfmile3D_add_geom_sorted.hdf5,20261246,900663,902267,1604,1499,105,0.9345386533665836,68.0,730.0,375.552368245497,383.0,699458.0,5245275.0,True
Halfmile,Halfmile3D_add_geom_sorted.hdf5,20261248,902267,903871,1604,1366,238,0.8516209476309227,64.0,690.0,365.77598828696927,376.0,699422.0,5245241.0,True
Halfmile,Halfmile3D_add_geom_sorted.hdf5,20261252,903871,905475,1604,1365,239,0.850997506234414,54.0,696.0,373.0864468864469,384.0,699387.0,5245205.0,True
Halfmile,Halfmile3D_add_geom_sorted.hdf5,20261255,905475,907079,1604,1290,314,0.8042394014962594,34.0,687.0,385.1697674418605,396.5,699337.0,5245156.0,True
Halfmile,Halfmile3D_add_geom_sorted.hdf5,20281005,907079,908683,1604,1365,239,0.850997506234414,28.0,722.0,402.46666666666664,416.0,699027.0,5245426.0,True
Halfmile,Halfmile3D_add_geom_sorted.hdf5,20281009,908683,910287,1604,1382,222,0.8615960099750624,44.0,796.0,407.1107091172214,418.0,699065.0,5245466.0,True
Halfmile,Halfmile3D_add_geom_sorted.hdf5,20281015,910287,911891,1604,1499,105,0.9345386533665836,64.0,793.0,412.99266177451636,436.0,699162.0,5245559.0,True
Halfmile,Halfmile3D_add_geom_sorted.hdf5,20281017,911891,913495,1604,1342,262,0.8366583541147132,46.0,810.0,379.1490312965723,385.0,699205.0,5245601.0,True
Halfmile,Halfmile3D_add_geom_sorted.hdf5,20281020,913495,915099,1604,1472,132,0.9177057356608479,34.0,784.0,391.3016304347826,410.0,699241.0,5245636.0,True
Halfmile,Halfmile3D_add_geom_sorted.hdf5,20281023,915099,916703,1604,1477,127,0.9208229426433915,20.0,766.0,380.6506431956669,398.0,699291.0,5245685.0,True
Halfmile,Halfmile3D_add_geom_sorted.hdf5,20281026,916703,918307,1604,1510,94,0.9413965087281796,30.0,766.0,382.8900662251656,394.0,699334.0,5245727.0,True
Halfmile,Halfmile3D_add_geom_sorted.hdf5,20281029,918307,919911,1604,1566,38,0.9763092269326683,46.0,754.0,387.23754789272033,398.0,699377.0,5245769.0,True
Halfmile,Halfmile3D_add_geom_sorted.hdf5,20281031,919911,921515,1604,1522,82,0.9488778054862843,58.0,742.0,375.07818659658346,378.0,699420.0,5245811.0,True
Halfmile,Halfmile3D_add_geom_sorted.hdf5,20281033,921515,923119,1604,1435,169,0.8946384039900249,62.0,750.0,361.2564459930314,364.0,699463.0,5245853.0,True
Halfmile,Halfmile3D_add_geom_sorted.hdf5,20281035,923119,924723,1604,1490,114,0.928927680798005,48.0,744.0,365.26644295302015,368.0,699506.0,5245895.0,True
Halfmile,Halfmile3D_add_geom_sorted.hdf5,20281037,924723,926327,1604,1452,152,0.9052369077306733,36.0,712.0,351.92011019283746,348.0,699549.0,5245936.0,True
Halfmile,Halfmile3D_add_geom_sorted.hdf5,20281039,926327,927931,1604,1520,84,0.9476309226932669,28.0,724.0,360.1671052631579,358.0,699592.0,5245978.0,True
Halfmile,Halfmile3D_add_geom_sorted.hdf5,20281041,927931,929535,1604,1510,94,0.9413965087281796,36.0,718.0,358.0066225165563,354.0,699635.0,5246020.0,True
Halfmile,Halfmile3D_add_geom_sorted.hdf5,20281044,929535,931139,1604,1001,603,0.6240648379052369,50.0,526.0,274.4135864135864,268.0,699656.0,5246041.0,True
Halfmile,Halfmile3D_add_geom_sorted.hdf5,20281049,931139,932743,1604,1571,33,0.979426433915212,66.0,706.0,351.9325270528326,348.0,699721.0,5246104.0,True
Halfmile,Halfmile3D_add_geom_sorted.hdf5,20281052,932743,934347,1604,1553,51,0.9682044887780549,54.0,700.0,346.30457179652285,340.0,699764.0,5246146.0,True
Halfmile,Halfmile3D_add_geom_sorted.hdf5,20281055,934347,935951,1604,1505,99,0.9382793017456359,40.0,682.0,330.71827242524915,320.0,699830.0,5246168.0,True
Halfmile,Halfmile3D_add_geom_sorted.hdf5,20281058,935951,937555,1604,1540,64,0.9600997506234414,28.0,690.0,338.29415584415585,330.0,699850.0,5246230.0,True
Halfmile,Halfmile3D_add_geom_sorted.hdf5,20281060,937555,939159,1604,1493,111,0.9307980049875312,22.0,686.0,335.36570663094443,320.0,699893.0,5246272.0,True
Halfmile,Halfmile3D_add_geom_sorted.hdf5,20281062,939159,940763,1604,1284,320,0.800498753117207,38.0,682.0,312.54750778816197,294.0,699936.0,5246314.0,True
Halfmile,Halfmile3D_add_geom_sorted.hdf5,20281063,940763,942367,1604,1299,305,0.809850374064838,52.0,680.0,305.9899923017706,298.0,699979.0,5246355.0,True
Halfmile,Halfmile3D_add_geom_sorted.hdf5,20281065,942367,943971,1604,1434,170,0.8940149625935162,66.0,680.0,330.8591352859135,308.0,700022.0,5246397.0,True
Halfmile,Halfmile3D_add_geom_sorted.hdf5,20281067,943971,945575,1604,1303,301,0.8123441396508728,52.0,678.0,318.9785111281658,300.0,700065.0,5246439.0,True
Halfmile,Halfmile3D_add_geom_sorted.hdf5,20281069,945575,947179,1604,1355,249,0.8447630922693267,38.0,678.0,324.0856088560886,306.0,700108.0,5246481.0,True
Halfmile,Halfmile3D_add_geom_sorted.hdf5,20281071,947179,948783,1604,1285,319,0.8011221945137157,20.0,678.0,316.61945525291827,294.0,700151.0,5246523.0,True
Halfmile,Halfmile3D_add_geom_sorted.hdf5,20281073,948783,950387,1604,1447,157,0.9021197007481296,22.0,694.0,331.8776779543884,322.0,700194.0,5246565.0,True
Halfmile,Halfmile3D_add_geom_sorted.hdf5,20281074,950387,951991,1604,1485,119,0.9258104738154613,32.0,702.0,335.7872053872054,326.0,700223.0,5246593.0,True
Halfmile,Halfmile3D_add_geom_sorted.hdf5,20281076,951991,953595,1604,1292,312,0.8054862842892768,50.0,696.0,321.86609907120743,300.0,700280.0,5246649.0,True
Halfmile,Halfmile3D_add_geom_sorted.hdf5,20281078,953595,955199,1604,1557,47,0.9706982543640897,58.0,706.0,345.63134232498396,342.0,700323.0,5246691.0,True
Halfmile,Halfmile3D_add_geom_sorted.hdf5,20281080,955199,956803,1604,1545,59,0.963216957605985,44.0,702.0,347.8873786407767,342.0,700366.0,5246733.0,True
Halfmile,Halfmile3D_add_geom_sorted.hdf5,20281081,956803,958407,1604,1463,141,0.9120947630922693,34.0,712.0,343.59671907040325,338.0,700409.0,5246774.0,True
Halfmile,Halfmile3D_add_geom_sorted.hdf5,20281084,958407,960011,1604,1301,303,0.8110972568578554,20.0,716.0,335.60491929285166,330.0,700452.0,5246816.0,True
Halfmile,Halfmile3D_add_geom_sorted.hdf5,20281087,960011,961615,1604,1415,189,0.8821695760598504,30.0,728.0,347.15265017667843,344.0,700481.0,5246844.0,True
Halfmile,Halfmile3D_add_geom_sorted.hdf5,20281090,961615,963219,1604,1147,457,0.7150872817955112,52.0,654.0,325.3173496076722,317.0,700538.0,5246900.0,True
Halfmile,Halfmile3D_add_geom_sorted.hdf5,20281093,963219,964823,1604,1355,249,0.8447630922693267,66.0,704.0,346.70553505535054,358.0,700581.0,5246942.0,True
Halfmile,Halfmile3D_add_geom_sorted.hdf5,20281096,964823,966427,1604,1357,247,0.8460099750623441,62.0,718.0,359.376565954311,368.0,700624.0,5246984.0,True
Halfmile,Halfmile3D_add_geom_sorted.hdf5,20281102,966427,968031,1604,1216,388,0.7581047381546134,32.0,758.0,345.3174342105263,335.0,700709.0,5247068.0,True
Halfmile,Halfmile3D_add_geom_sorted.hdf5,20281105,968031,969635,1604,1139,465,0.7100997506234414,24.0,688.0,336.7076382791923,335.0,700752.0,5247111.0,True
Halfmile,Halfmile3D_add_geom_sorted.hdf5,20281108,969635,971239,1604,1128,476,0.7032418952618454,38.0,620.0,331.1604609929078,344.0,700795.0,5247154.0,True
Halfmile,Halfmile3D_add_geom_sorted.hdf5,20281111,971239,972843,1604,941,663,0.5866583541147132,54.0,634.0,313.643995749203,302.0,700836.0,5247197.0,True
Halfmile,Halfmile3D_add_geom_sorted.hdf5,20281119,972843,974447,1604,1403,201,0.8746882793017456,38.0,800.0,402.0121168923735,414.0,700961.0,5247325.0,True
Halfmile,Halfmile3D_add_geom_sorted.hdf5,20281122,974447,976051,1604,1293,311,0.8061097256857855,26.0,760.0,395.49806651198764,402.0,700991.0,5247356.0,True
Halfmile,Halfmile3D_add_geom_sorted.hdf5,20301134,976051,977655,1604,1493,111,0.9307980049875312,24.0,838.0,456.99933020763564,470.0,700710.0,5247637.0,True
Halfmile,Halfmile3D_add_geom_sorted.hdf5,20301137,977655,979259,1604,1326,278,0.8266832917705735,36.0,806.0,430.45098039215685,446.5,700668.0,5247594.0,True
Halfmile,Halfmile3D_add_geom_sorted.hdf5,20301140,979259,980863,1604,1409,195,0.878428927680798,46.0,842.0,439.5457771469127,448.0,700625.0,5247551.0,True
Halfmile,Halfmile3D_add_geom_sorted.hdf5,20301143,980863,982467,1604,1526,78,0.9513715710723192,50.0,836.0,439.13237221494103,452.0,700583.0,5247509.0,True
Halfmile,Halfmile3D_add_geom_sorted.hdf5,20301145,982467,984071,1604,1400,204,0.8728179551122195,40.0,838.0,417.4371428571429,428.0,700540.0,5247466.0,True
Halfmile,Halfmile3D_add_geom_sorted.hdf5,20301147,984071,985675,1604,1509,95,0.9407730673316709,30.0,838.0,431.0079522862823,440.0,700498.0,5247424.0,True
Halfmile,Halfmile3D_add_geom_sorted.hdf5,20301149,985675,987279,1604,1317,287,0.821072319201995,22.0,792.0,404.03189066059224,408.0,700456.0,5247381.0,True
Halfmile,Halfmile3D_add_geom_sorted.hdf5,20301151,987279,988883,1604,1406,198,0.8765586034912718,28.0,808.0,408.26458036984354,410.0,700413.0,5247339.0,True
Halfmile,Halfmile3D_add_geom_sorted.hdf5,20301153,988883,990487,1604,1373,231,0.8559850374064838,44.0,770.0,406.69191551347416,412.0,700372.0,5247297.0,True
Halfmile,Halfmile3D_add_geom_sorted.hdf5,20301156,990487,992091,1604,1465,139,0.9133416458852868,56.0,802.0,405.0341296928328,406.0,700329.0,5247255.0,True
Halfmile,Halfmile3D_add_geom_sorted.hdf5,20301159,992091,993695,1604,1189,415,0.7412718204488778,56.0,806.0,361.9049621530698,366.0,700286.0,5247212.0,True
Halfmile,Halfmile3D_add_geom_sorted.hdf5,20301162,993695,995299,1604,1383,221,0.8622194513715711,42.0,794.0,385.33911785972526,382.0,700242.0,5247169.0,True
Halfmile,Halfmile3D_add_geom_sorted.hdf5,20301165,995299,996903,1604,1434,170,0.8940149625935162,20.0,724.0,379.9986052998605,384.0,700179.0,5247107.0,True
Halfmile,Halfmile3D_add_geom_sorted.hdf5,20301168,996903,998507,1604,1497,107,0.933291770573566,28.0,784.0,391.8169672678691,400.0,700157.0,5247087.0,True
Halfmile,Halfmile3D_add_geom_sorted.hdf5,20301171,998507,1000111,1604,1465,139,0.9133416458852868,40.0,770.0,393.26825938566554,398.0,700115.0,5247045.0,True
Halfmile,Halfmile3D_add_geom_sorted.hdf5,20301174,1000111,1001715,1604,1572,32,0.9800498753117207,52.0,774.0,395.2678117048346,389.0,700072.0,5247003.0,True
Halfmile,Halfmile3D_add_geom_sorted.hdf5,20301177,1001715,1003319,1604,1438,166,0.8965087281795511,66.0,762.0,383.15994436717665,380.0,700029.0,5246960.0,True
Halfmile,Halfmile3D_add_geom_sorted.hdf5,20301180,1003319,1004923,1604,1418,186,0.8840399002493765,52.0,768.0,376.2757404795487,368.0,699986.0,5246918.0,True
Halfmile,Halfmile3D_add_geom_sorted.hdf5,20301183,1004923,1006527,1604,1218,386,0.7593516209476309,38.0,764.0,349.45402298850576,334.0,699943.0,5246876.0,True
Halfmile,Halfmile3D_add_geom_sorted.hdf5,20301186,1006527,1008131,1604,1321,283,0.82356608478803,28.0,760.0,358.41256623769874,346.0,699915.0,5246849.0,True
Halfmile,Halfmile3D_add_geom_sorted.hdf5,20301200,1008131,1009735,1604,1299,305,0.809850374064838,54.0,744.0,361.9676674364896,336.0,699686.0,5246624.0,True
Halfmile,Halfmile3D_add_geom_sorted.hdf5,20301203,1009735,1011339,1604,1161,443,0.7238154613466334,44.0,706.0,341.3109388458226,324.0,699643.0,5246582.0,True
Halfmile,Halfmile3D_add_geom_sorted.hdf5,20301206,1011339,1012943,1604,1262,342,0.786783042394015,32.0,740.0,348.6323296354992,334.0,699600.0,5246540.0,True
Halfmile,Halfmile3D_add_geom_sorted.hdf5,20301209,1012943,1014547,1604,1306,298,0.814214463840399,44.0,740.0,355.00918836140886,341.0,699557.0,5246498.0,True
Halfmile,Halfmile3D_add_geom_sorted.hdf5,20301212,1014547,1016151,1604,1432,172,0.8927680798004988,54.0,760.0,378.393156424581,366.0,699515.0,5246456.0,True
Halfmile,Halfmile3D_add_geom_sorted.hdf5,20301215,1016151,1017755,1604,1372,232,0.8553615960099751,66.0,738.0,367.3134110787172,362.0,699472.0,5246414.0,True
Halfmile,Halfmile3D_add_geom_sorted.hdf5,20301218,1017755,1019359,1604,1465,139,0.9133416458852868,58.0,736.0,388.8320819112628,378.0,699429.0,5246372.0,True
Halfmile,Halfmile3D_add_geom_sorted.hdf5,20301221,1019359,1020963,1604,1553,51,0.9682044887780549,48.0,776.0,396.598197037991,392.0,699386.0,5246331.0,True
Halfmile,Halfmile3D_add_geom_sorted.hdf5,20301224,1020963,1022567,1604,1559,45,0.9719451371571073,32.0,782.0,405.7177677998717,406.0,699343.0,5246289.0,True
Halfmile,Halfmile3D_add_geom_sorted.hdf5,20301227,1022567,1024171,1604,1576,28,0.9825436408977556,30.0,784.0,405.7671319796954,409.0,699300.0,5246247.0,True
Halfmile,Halfmile3D_add_geom_sorted.hdf5,20301230,1024171,1025775,1604,1571,33,0.979426433915212,42.0,790.0,409.9427116486315,416.0,699257.0,5246205.0,True
Halfmile,Halfmile3D_add_geom_sorted.hdf5,20301234,1025775,1027379,1604,1580,24,0.9850374064837906,58.0,800.0,415.5822784810127,428.0,699192.0,5246143.0,True
Halfmile,Halfmile3D_add_geom_sorted.hdf5,20301237,1027379,1028983,1604,1577,27,0.9831670822942643,66.0,800.0,418.1712111604312,430.0,699171.0,5246122.0,True
Halfmile,Halfmile3D_add_geom_sorted.hdf5,20301240,1028983,1030587,1604,1534,70,0.956359102244389,52.0,804.0,413.83898305084745,422.0,699130.0,5246078.0,True
Halfmile,Halfmile3D_add_geom_sorted.hdf5,20301242,1030587,1032191,1604,1427,177,0.8896508728179551,46.0,816.0,411.0784863349685,416.0,699087.0,5246036.0,True
Halfmile,Halfmile3D_add_geom_sorted.hdf5,20301245,1032191,1033795,1604,1451,153,0.9046134663341646,26.0,810.0,412.62439696760856,420.0,699051.0,5246001.0,True
Halfmile,Halfmile3D_add_geom_sorted.hdf5,20301249,1033795,1035399,1604,728,876,0.4538653366583541,36.0,594.0,304.8008241758242,297.0,699002.0,5245951.0,False
Halfmile,Halfmile3D_add_geom_sorted.hdf5,20301251,1035399,1037003,1604,1466,138,0.9139650872817955,48.0,850.0,431.75852660300137,442.0,698959.0,5245909.0,True
Halfmile,Halfmile3D_add_geom_sorted.hdf5,20301254,1037003,1038607,1604,1481,123,0.9233167082294265,66.0,846.0,447.95340985820394,460.0,698916.0,5245867.0,True
Halfmile,Halfmile3D_add_geom_sorted.hdf5,20301257,1038607,1040211,1604,1425,179,0.8884039900249376,66.0,860.0,439.1817543859649,453.0,698874.0,5245825.0,True
Halfmile,Halfmile3D_add_geom_sorted.hdf5,20301259,1040211,1041815,1604,1522,82,0.9488778054862843,56.0,858.0,454.1557161629435,468.0,698830.0,5245783.0,True
Halfmile,Halfmile3D_add_geom_sorted.hdf5,20301261,1041815,1043419,1604,1369,235,0.8534912718204489,50.0,858.0,448.5252008765522,470.0,698794.0,5245747.0,True
Halfmile,Halfmile3D_add_geom_sorted.hdf5,20301263,1043419,1045023,1604,1513,91,0.9432668329177057,24.0,870.0,472.6338400528751,492.0,698745.0,5245699.0,True
Halfmile,Halfmile3D_add_geom_sorted.hdf5,20321004,1045023,1046627,1604,1431,173,0.89214463840399,42.0,916.0,502.60237596086654,514.0,698487.0,5246007.0,True
Halfmile,Halfmile3D_add_geom_sorted.hdf5,20321006,1046627,1048231,1604,1526,78,0.9513715710723192,52.0,910.0,506.8361730013106,524.0,698529.0,5246050.0,True
Halfmile,Halfmile3D_add_geom_sorted.hdf5,20321010,1048231,1049835,1604,1508,96,0.940149625935162,68.0,912.0,502.07228116710877,520.0,698571.0,5246092.0,True
Halfmile,Halfmile3D_add_geom_sorted.hdf5,20321013,1049835,1051439,1604,1461,143,0.9108478802992519,74.0,904.0,495.3545516769336,512.0,698613.0,5246134.0,True
Halfmile,Halfmile3D_add_geom_sorted.hdf5,20321016,1051439,1053043,1604,1050,554,0.6546134663341646,56.0,860.0,441.7752380952381,445.5,698656.0,5246177.0,True
Halfmile,Halfmile3D_add_geom_sorted.hdf5,20321018,1053043,1054647,1604,1056,548,0.6583541147132169,44.0,840.0,421.61079545454544,424.0,698698.0,5246219.0,True
Halfmile,Halfmile3D_add_geom_sorted.hdf5,20321021,1054647,1056251,1604,1400,204,0.8728179551122195,22.0,878.0,463.71785714285716,473.0,698741.0,5246262.0,True
Halfmile,Halfmile3D_add_geom_sorted.hdf5,20321024,1056251,1057855,1604,1416,188,0.8827930174563591,36.0,884.0,462.92867231638417,468.0,698784.0,5246304.0,True
Halfmile,Halfmile3D_add_geom_sorted.hdf5,20321027,1057855,1059459,1604,1261,343,0.7861596009975063,50.0,832.0,436.03013481363996,442.0,698826.0,5246346.0,True
Halfmile,Halfmile3D_add_geom_sorted.hdf5,20321030,1059459,1061063,1604,1463,141,0.9120947630922693,66.0,832.0,464.0580997949419,464.0,698869.0,5246387.0,True
Halfmile,Halfmile3D_add_geom_sorted.hdf5,20321032,1061063,1062667,1604,1407,197,0.8771820448877805,64.0,854.0,450.2224591329069,450.0,698912.0,5246430.0,True
Halfmile,Halfmile3D_add_geom_sorted.hdf5,20321034,1062667,1064271,1604,1473,131,0.9183291770573566,54.0,853.0,455.0142566191446,454.0,698955.0,5246472.0,True
Halfmile,Halfmile3D_add_geom_sorted.hdf5,20321036,1064271,1065875,1604,1437,167,0.8958852867830424,48.0,840.0,448.5657620041754,444.0,698998.0,5246513.0,True
Halfmile,Halfmile3D_add_geom_sorted.hdf5,20321038,1065875,1067479,1604,1445,159,0.9008728179551122,28.0,854.0,448.20346020761247,442.0,699041.0,5246555.0,True
Halfmile,Halfmile3D_add_geom_sorted.hdf5,20321040,1067479,1069083,1604,1355,249,0.8447630922693267,44.0,814.0,428.0420664206642,416.0,699084.0,5246597.0,True
Halfmile,Halfmile3D_add_geom_sorted.hdf5,20321043,1069083,1070687,1604,1353,251,0.8435162094763092,64.0,840.0,427.06134515890614,412.0,699149.0,5246659.0,True
Halfmile,Halfmile3D_add_geom_sorted.hdf5,20321045,1070687,1072291,1604,1356,248,0.8453865336658354,62.0,802.0,418.7994100294985,410.0,699176.0,5246685.0,True
Halfmile,Halfmile3D_add_geom_sorted.hdf5,20321047,1072291,1073895,1604,1446,158,0.9014962593516209,53.0,820.0,430.5435684647303,418.0,699221.0,5246729.0,True
Halfmile,Halfmile3D_add_geom_sorted.hdf5,20321050,1073895,1075499,1604,779,825,0.48566084788029923,34.0,800.0,337.47111681643133,340.0,699264.0,5246770.0,False
Halfmile,Halfmile3D_add_geom_sorted.hdf5,20321053,1075499,1077103,1604,1372,232,0.8553615960099751,16.0,818.0,424.02915451895046,410.0,699308.0,5246812.0,True
Halfmile,Halfmile3D_add_geom_sorted.hdf5,20321056,1077103,1078707,1604,1318,286,0.8216957605985037,18.0,838.0,412.5546282245827,392.0,699336.0,5246840.0,True
Halfmile,Halfmile3D_add_geom_sorted.hdf5,20321082,1078707,1080311,1604,1448,156,0.9027431421446384,30.0,840.0,440.88328729281767,430.0,699824.0,5247322.0,True
Halfmile,Halfmile3D_add_geom_sorted.hdf5,20321085,1080311,1081915,1604,1289,315,0.8036159600997507,22.0,833.0,421.0868890612878,408.0,699863.0,5247360.0,True
Halfmile,Halfmile3D_add_geom_sorted.hdf5,20321088,1081915,1083519,1604,1298,306,0.8092269326683291,19.0,856.0,422.4607087827427,414.0,699906.0,5247401.0,True
Halfmile,Halfmile3D_add_geom_sorted.hdf5,20321091,1083519,1085123,1604,1288,316,0.8029925187032418,32.0,854.0,420.12344720496895,416.0,699950.0,5247441.0,True
Halfmile,Halfmile3D_add_geom_sorted.hdf5,20321094,1085123,1086727,1604,1326,278,0.8266832917705735,46.0,848.0,432.6998491704374,428.0,699995.0,5247482.0,True
Halfmile,Halfmile3D_add_geom_sorted.hdf5,20321097,1086727,1088331,1604,1330,274,0.8291770573566085,58.0,863.0,439.79473684210524,438.5,700037.0,5247524.0,True
Halfmile,Halfmile3D_add_geom_sorted.hdf5,20321101,1088331,1089935,1604,1525,79,0.9507481296758105,36.0,870.0,467.71475409836063,470.0,700122.0,5247609.0,True
Halfmile,Halfmile3D_add_geom_sorted.hdf5,20321104,1089935,1091539,1604,1431,173,0.89214463840399,18.0,884.0,460.30118798043327,470.0,700165.0,5247651.0,True
Halfmile,Halfmile3D_add_geom_sorted.hdf5,20321107,1091539,1093143,1604,1506,98,0.9389027431421446,26.0,910.0,477.95086321381143,490.0,700207.0,5247693.0,True
Halfmile,Halfmile3D_add_geom_sorted.hdf5,20321110,1093143,1094747,1604,1440,164,0.8977556109725686,37.0,894.0,469.0375,479.0,700250.0,5247735.0,True
Halfmile,Halfmile3D_add_geom_sorted.hdf5,20321117,1094747,1096351,1604,1544,60,0.9625935162094763,60.0,928.0,495.3730569948186,512.0,700336.0,5247819.0,True
Halfmile,Halfmile3D_add_geom_sorted.hdf5,20321120,1096351,1097955,1604,1535,69,0.9569825436408977,46.0,909.0,504.0117263843648,520.0,700379.0,5247860.0,True
Halfmile,Halfmile3D_add_geom_sorted.hdf5,20321123,1097955,1099559,1604,1550,54,0.9663341645885287,44.0,918.0,506.06451612903226,522.0,700393.0,5247875.0,True
Lalor,Lalor_raw_z_1500ms_norp_geom_v3.hdf5,24,0,2685,2685,1253,1432,0.4666666666666667,12.0,459.0,269.91620111731845,279.0,22376.0,137388.0,False
Lalor,Lalor_raw_z_1500ms_norp_geom_v3.hdf5,25,2685,5370,2685,1213,1472,0.4517690875232775,19.0,453.0,259.33800494641383,265.0,22749.0,137040.0,False
Lalor,Lalor_raw_z_1500ms_norp_geom_v3.hdf5,26,5370,8055,2685,1201,1484,0.4472998137802607,28.0,459.0,253.5270607826811,256.0,23021.0,136631.0,False
Lalor,Lalor_raw_z_1500ms_norp_geom_v3.hdf5,27,8055,10740,2685,1175,1510,0.4376163873370577,18.0,453.0,246.2731914893617,247.0,23451.0,136341.0,False
Lalor,Lalor_raw_z_1500ms_norp_geom_v3.hdf5,28,10740,13425,2685,1307,1378,0.48677839851024207,9.0,462.0,256.38255547054325,264.0,23687.0,135880.0,False
Lalor,Lalor_raw_z_1500ms_norp_geom_v3.hdf5,29,13425,16110,2685,1055,1630,0.3929236499068901,14.0,451.0,228.49857819905213,227.0,24393.0,135840.0,False
Lalor,Lalor_raw_z_1500ms_norp_geom_v3.hdf5,30,16110,18795,2685,1283,1402,0.47783985102420856,14.0,456.0,250.18706157443492,254.0,24903.0,135637.0,False
Lalor,Lalor_raw_z_1500ms_norp_geom_v3.hdf5,31,18795,21480,2685,1314,1371,0.4893854748603352,23.0,457.0,248.9710806697108,249.5,25249.0,135276.0,False
Lalor,Lalor_raw_z_1500ms_norp_geom_v3.hdf5,32,21480,24165,2685,1150,1535,0.42830540037243947,17.0,453.0,226.93217391304347,228.0,25406.0,134735.0,False
Lalor,Lalor_raw_z_1500ms_norp_geom_v3.hdf5,33,24165,26850,2685,1312,1373,0.4886405959031657,9.0,455.0,238.11051829268294,234.5,25567.0,134211.0,False
Lalor,Lalor_raw_z_1500ms_norp_geom_v3.hdf5,34,26850,29535,2685,1518,1167,0.5653631284916201,8.0,469.0,255.2463768115942,260.0,25762.0,133704.0,True
Lalor,Lalor_raw_z_1500ms_norp_geom_v3.hdf5,35,29535,32220,2685,818,1867,0.30465549348230914,16.0,436.0,184.9315403422983,177.0,26037.0,133286.0,False
Lalor,Lalor_raw_z_1500ms_norp_geom_v3.hdf5,36,32220,34905,2685,1369,1316,0.5098696461824953,24.0,472.0,236.6654492330168,234.0,26383.0,132924.0,True
Lalor,Lalor_raw_z_1500ms_norp_geom_v3.hdf5,37,34905,37590,2685,1416,1269,0.5273743016759777,16.0,475.0,236.86016949152543,234.0,26638.0,132468.0,True
Lalor,Lalor_raw_z_1500ms_norp_geom_v3.hdf5,38,37590,40275,2685,1394,1291,0.5191806331471136,9.0,468.0,233.76183644189382,230.0,27081.0,132203.0,True
Lalor,Lalor_raw_z_1500ms_norp_geom_v3.hdf5,39,40275,42960,2685,1648,1037,0.613780260707635,10.0,469.0,251.95449029126215,253.0,27342.0,131769.0,True
Lalor,Lalor_raw_z_1500ms_norp_geom_v3.hdf5,40,42960,45645,2685,973,1712,0.3623836126629423,28.0,464.0,201.1027749229188,188.0,27808.0,131514.0,False
Lalor,Lalor_raw_z_1500ms_norp_geom_v3.hdf5,41,45645,48330,2685,1501,1184,0.5590316573556797,23.0,463.0,235.8081279147235,230.0,27978.0,130998.0,True
Lalor,Lalor_raw_z_1500ms_norp_geom_v3.hdf5,42,48330,51015,2685,1232,1453,0.45884543761638735,15.0,449.0,210.8457792207792,199.0,28052.0,130374.0,False
Lalor,Lalor_raw_z_1500ms_norp_geom_v3.hdf5,43,51015,53700,2685,1241,1444,0.4621973929236499,9.0,478.0,214.41095890410958,202.0,28158.0,129805.0,False
Lalor,Lalor_raw_z_1500ms_norp_geom_v3.hdf5,44,53700,56385,2685,806,1879,0.3001862197392924,12.0,455.0,283.3957816377171,302.0,30511.0,144726.0,False
Lalor,Lalor_raw_z_1500ms_norp_geom_v3.hdf5,45,56385,59070,2685,809,1876,0.30130353817504657,18.0,458.0,282.0358467243511,303.0,30899.0,144390.0,False
Lalor,Lalor_raw_z_1500ms_norp_geom_v3.hdf5,46,59070,61755,2685,1347,1338,0.5016759776536313,9.0,462.0,224.99480326651818,219.0,29225.0,130089.0,True
Lalor,Lalor_raw_z_1500ms_norp_geom_v3.hdf5,47,61755,64440,2685,1739,946,0.6476722532588455,16.0,460.0,248.86083956296721,244.0,29374.0,129557.0,True
Lalor,Lalor_raw_z_1500ms_norp_geom_v3.hdf5,48,64440,67125,2685,1501,1184,0.5590316573556797,24.0,458.0,233.9940039973351,227.0,29512.0,128997.0,True
Lalor,Lalor_raw_z_1500ms_norp_geom_v3.hdf5,49,67125,69810,2685,1332,1353,0.4960893854748603,14.0,463.0,218.506006006006,210.0,29591.0,128410.0,False
Lalor,Lalor_raw_z_1500ms_norp_geom_v3.hdf5,50,69810,72495,2685,1762,923,0.6562383612662942,9.0,457.0,246.67139614074915,242.0,30394.0,128450.0,True
Lalor,Lalor_raw_z_1500ms_norp_geom_v3.hdf5,51,72495,75180,2685,777,1908,0.28938547486033517,29.0,454.0,279.1184041184041,296.0,31254.0,144076.0,False
Lalor,Lalor_raw_z_1500ms_norp_geom_v3.hdf5,52,75180,77865,2685,1901,784,0.7080074487895717,8.0,460.0,254.80589163598106,253.0,30739.0,128097.0,True
Lalor,Lalor_raw_z_1500ms_norp_geom_v3.hdf5,53,77865,80550,2685,983,1702,0.3661080074487896,14.0,442.0,192.49847405900306,186.0,31155.0,127767.0,False
Lalor,Lalor_raw_z_1500ms_norp_geom_v3.hdf5,54,80550,83235,2685,1189,1496,0.4428305400372439,26.0,464.0,208.62741799831792,204.0,31169.0,127150.0,False
Lalor,Lalor_raw_z_1500ms_norp_geom_v3.hdf5,55,83235,85920,2685,1429,1256,0.5322160148975792,16.0,467.0,229.29811056682996,222.0,31774.0,126998.0,True
Lalor,Lalor_raw_z_1500ms_norp_geom_v3.hdf5,56,85920,88605,2685,875,1810,0.3258845437616387,24.0,450.0,281.1062857142857,299.0,31486.0,143601.0,False
Lalor,Lalor_raw_z_1500ms_norp_geom_v3.hdf5,57,88605,91290,2685,1946,739,0.7247672253258846,9.0,468.0,255.5621788283659,257.0,32076.0,126618.0,True
Lalor,Lalor_raw_z_1500ms_norp_geom_v3.hdf5,58,91290,93975,2685,1857,828,0.6916201117318436,9.0,467.0,252.27032848680668,254.0,32400.0,126232.0,True
Lalor,Lalor_raw_z_1500ms_norp_geom_v3.hdf5,59,93975,96660,2685,1915,770,0.7132216014897579,19.0,467.0,253.6313315926893,257.0,32550.0,125698.0,True
Lalor,Lalor_raw_z_1500ms_norp_geom_v3.hdf5,60,96660,99345,2685,1665,1020,0.6201117318435754,26.0,465.0,243.22462462462462,240.0,32890.0,125302.0,True
Lalor,Lalor_raw_z_1500ms_norp_geom_v3.hdf5,61,99345,102030,2685,1630,1055,0.6070763500931099,17.0,471.0,240.5926380368098,240.0,33392.0,125101.0,True
Lalor,Lalor_raw_z_1500ms_norp_geom_v3.hdf5,62,102030,104715,2685,1957,728,0.7288640595903165,9.0,471.0,255.42105263157896,260.0,33588.0,124602.0,True
Lalor,Lalor_raw_z_1500ms_norp_geom_v3.hdf5,63,104715,107400,2685,632,2053,0.23538175046554935,9.0,412.0,162.6155063291139,153.5,33806.0,124126.0,False
Lalor,Lalor_raw_z_1500ms_norp_geom_v3.hdf5,64,107400,110085,2685,2299,386,0.8562383612662943,16.0,881.0,475.3997390169639,489.0,31833.0,143236.0,True
Lalor,Lalor_raw_z_1500ms_norp_geom_v3.hdf5,65,110085,112770,2685,1948,737,0.725512104283054,15.0,476.0,254.0513347022587,259.5,34185.0,123800.0,True
Lalor,Lalor_raw_z_1500ms_norp_geom_v3.hdf5,66,112770,115455,2685,907,1778,0.33780260707635007,18.0,454.0,281.7772877618523,299.0,32243.0,142936.0,False
Lalor,Lalor_raw_z_1500ms_norp_geom_v3.hdf5,67,115455,118140,2685,1740,945,0.6480446927374302,24.0,477.0,244.08045977011494,246.0,34598.0,123495.0,True
Lalor,Lalor_raw_z_1500ms_norp_geom_v3.hdf5,68,118140,120825,2685,873,1812,0.32513966480446926,27.0,455.0,276.43871706758307,293.0,32751.0,142705.0,False
Lalor,Lalor_raw_z_1500ms_norp_geom_v3.hdf5,69,120825,123510,2685,1671,1014,0.6223463687150838,16.0,471.0,240.2722920406942,241.0,35087.0,123249.0,True
Lalor,Lalor_raw_z_1500ms_norp_geom_v3.hdf5,70,123510,126195,2685,1907,778,0.71024208566108,11.0,456.0,253.26638699528056,261.0,35523.0,122974.0,True
Lalor,Lalor_raw_z_1500ms_norp_geom_v3.hdf5,71,126195,128880,2685,468,2217,0.17430167597765364,32.0,450.0,226.0405982905983,222.0,33433.0,142638.0,False
Lalor,Lalor_raw_z_1500ms_norp_geom_v3.hdf5,72,128880,131565,2685,1815,870,0.6759776536312849,10.0,456.0,248.61763085399448,251.0,35741.0,122487.0,True
Lalor,Lalor_raw_z_1500ms_norp_geom_v3.hdf5,73,131565,134250,2685,897,1788,0.3340782122905028,27.0,455.0,281.7614269788183,298.0,33894.0,142415.0,False
Lalor,Lalor_raw_z_1500ms_norp_geom_v3.hdf5,74,134250,136935,2685,1652,1033,0.615270018621974,16.0,445.0,240.29782082324456,241.0,36208.0,122242.0,True
Lalor,Lalor_raw_z_1500ms_norp_geom_v3.hdf5,75,136935,139620,2685,1835,850,0.6834264432029795,8.0,440.0,261.81362397820163,273.0,37387.0,107469.0,True
Lalor,Lalor_raw_z_1500ms_norp_geom_v3.hdf5,76,139620,142305,2685,890,1795,0.33147113594040967,17.0,450.0,276.6707865168539,292.0,33988.0,141811.0,False
Lalor,Lalor_raw_z_1500ms_norp_geom_v3.hdf5,77,142305,144990,2685,1062,1623,0.39553072625698327,25.0,432.0,200.42372881355934,193.5,36488.0,121835.0,False
Lalor,Lalor_raw_z_1500ms_norp_geom_v3.hdf5,78,144990,147675,2685,1593,1092,0.5932960893854748,10.0,450.0,260.9296924042687,272.0,38581.0,105877.0,True
Lalor,Lalor_raw_z_1500ms_norp_geom_v3.hdf5,79,147675,150360,2685,1739,946,0.6476722532588455,17.0,436.0,245.32432432432432,247.0,36863.0,121495.0,True
Lalor,Lalor_raw_z_1500ms_norp_geom_v3.hdf5,80,150360,153045,2685,1676,1009,0.6242085661080075,11.0,452.0,267.0471360381862,280.0,38436.0,105397.0,True
Lalor,Lalor_raw_z_1500ms_norp_geom_v3.hdf5,81,153045,155730,2685,627,2058,0.2335195530726257,10.0,476.0,239.6347687400319,238.0,33946.0,141096.0,False
Lalor,Lalor_raw_z_1500ms_norp_geom_v3.hdf5,82,155730,158415,2685,1840,845,0.6852886405959032,9.0,440.0,250.1820652173913,251.0,37172.0,121110.0,True
Lalor,Lalor_raw_z_1500ms_norp_geom_v3.hdf5,83,158415,161100,2685,1534,1151,0.5713221601489757,12.0,437.0,259.6707953063885,272.0,38561.0,104828.0,True
Lalor,Lalor_raw_z_1500ms_norp_geom_v3.hdf5,84,161100,163785,2685,1832,853,0.6823091247672253,13.0,462.0,260.0049126637555,271.0,36921.0,107397.0,True
Lalor,Lalor_raw_z_1500ms_norp_geom_v3.hdf5,85,163785,166470,2685,1630,1055,0.6070763500931099,9.0,441.0,237.88650306748465,236.5,37477.0,120708.0,True
Lalor,Lalor_raw_z_1500ms_norp_geom_v3.hdf5,86,166470,169155,2685,1633,1052,0.608193668528864,18.0,451.0,270.12369871402325,283.0,38626.0,104219.0,True
Lalor,Lalor_raw_z_1500ms_norp_geom_v3.hdf5,87,169155,171840,2685,944,1741,0.3515828677839851,17.0,461.0,272.301906779661,282.0,34203.0,140650.0,False
Lalor,Lalor_raw_z_1500ms_norp_geom_v3.hdf5,88,171840,174525,2685,1721,964,0.6409683426443203,15.0,455.0,245.30447414294014,244.0,37818.0,120341.0,True
Lalor,Lalor_raw_z_1500ms_norp_geom_v3.hdf5,89,174525,177210,2685,1605,1080,0.5977653631284916,31.0,461.0,277.82180685358253,291.0,38427.0,103368.0,True
Lalor,Lalor_raw_z_1500ms_norp_geom_v3.hdf5,90,177210,179895,2685,1615,1070,0.6014897579143389,20.0,466.0,237.61362229102167,234.0,38053.0,119881.0,True
Lalor,Lalor_raw_z_1500ms_norp_geom_v3.hdf5,91,179895,182580,2685,957,1728,0.3564245810055866,26.0,463.0,268.2549634273772,281.0,34475.0,140227.0,False
Lalor,Lalor_raw_z_1500ms_norp_geom_v3.hdf5,92,182580,185265,2685,1545,1140,0.5754189944134078,21.0,458.0,274.1022653721683,289.0,38740.0,102971.0,True
Lalor,Lalor_raw_z_1500ms_norp_geom_v3.hdf5,93,185265,187950,2685,1621,1064,0.6037243947858473,16.0,448.0,238.6816779765577,235.0,38416.0,119534.0,True
Lalor,Lalor_raw_z_1500ms_norp_geom_v3.hdf5,94,187950,190635,2685,1172,1513,0.4364990689013035,9.0,451.0,254.1066552901024,266.5,39001.0,102541.0,False
Lalor,Lalor_raw_z_1500ms_norp_geom_v3.hdf5,95,190635,193320,2685,1413,1272,0.5262569832402234,9.0,453.0,226.5307855626327,223.0,38953.0,119355.0,True
Lalor,Lalor_raw_z_1500ms_norp_geom_v3.hdf5,96,193320,196005,2685,893,1792,0.33258845437616386,23.0,460.0,267.37178051511756,276.0,35074.0,140087.0,False
Lalor,Lalor_raw_z_1500ms_norp_geom_v3.hdf5,97,196005,196578,573,116,457,0.2024432809773124,316.0,583.0,431.69827586206895,444.0,39141.0,118846.0,False
Lalor,Lalor_raw_z_1500ms_norp_geom_v3.hdf5,99,196578,199263,2685,1058,1627,0.3940409683426443,12.0,454.0,275.6502835538752,291.0,35228.0,139568.0,False
Lalor,Lalor_raw_z_1500ms_norp_geom_v3.hdf5,100,199263,201948,2685,1127,1558,0.4197392923649907,14.0,424.0,195.59183673469389,191.0,39575.0,118553.0,False
Lalor,Lalor_raw_z_1500ms_norp_geom_v3.hdf5,101,201948,204633,2685,1600,1085,0.595903165735568,24.0,459.0,270.81,284.0,39101.0,104092.0,True
Lalor,Lalor_raw_z_1500ms_norp_geom_v3.hdf5,102,204633,207318,2685,1044,1641,0.3888268156424581,13.0,450.0,273.7998084291188,288.0,35544.0,139175.0,False
Lalor,Lalor_raw_z_1500ms_norp_geom_v3.hdf5,103,207318,210003,2685,1441,1244,0.536685288640596,23.0,440.0,227.54059680777237,215.0,39849.0,118123.0,True
Lalor,Lalor_raw_z_1500ms_norp_geom_v3.hdf5,104,210003,212688,2685,569,2116,0.21191806331471136,26.0,434.0,218.88927943760984,213.0,36240.0,139130.0,False
Lalor,Lalor_raw_z_1500ms_norp_geom_v3.hdf5,105,212688,215373,2685,1831,854,0.6819366852886406,20.0,454.0,257.1567449481158,266.0,36639.0,107825.0,True
Lalor,Lalor_raw_z_1500ms_norp_geom_v3.hdf5,106,215373,218058,2685,1642,1043,0.6115456238361267,18.0,450.0,243.04019488428744,235.0,40136.0,117715.0,True
Lalor,Lalor_raw_z_1500ms_norp_geom_v3.hdf5,107,218058,220743,2685,1524,1161,0.5675977653631284,13.0,435.0,261.1115485564304,275.0,39059.0,104843.0,True
Lalor,Lalor_raw_z_1500ms_norp_geom_v3.hdf5,108,220743,223428,2685,1795,890,0.6685288640595903,12.0,470.0,255.96044568245125,253.0,40455.0,117331.0,True
Lalor,Lalor_raw_z_1500ms_norp_geom_v3.hdf5,109,223428,226113,2685,1932,753,0.7195530726256983,26.0,449.0,261.44875776397515,273.0,36455.0,108325.0,True
Lalor,Lalor_raw_z_1500ms_norp_geom_v3.hdf5,110,226113,228798,2685,457,2228,0.1702048417132216,28.0,424.0,194.56236323851203,189.0,36556.0,138745.0,False
Lalor,Lalor_raw_z_1500ms_norp_geom_v3.hdf5,111,228798,231483,2685,994,1691,0.3702048417132216,16.0,445.0,264.6810865191147,273.0,36737.0,138233.0,False
Lalor,Lalor_raw_z_1500ms_norp_geom_v3.hdf5,112,231483,234168,2685,1079,1606,0.40186219739292367,17.0,430.0,205.7516218721038,200.0,35985.0,108582.0,False
Lalor,Lalor_raw_z_1500ms_norp_geom_v3.hdf5,113,234168,236853,2685,757,1928,0.2819366852886406,11.0,428.0,234.35799207397622,233.0,36915.0,137707.0,False
Lalor,Lalor_raw_z_1500ms_norp_geom_v3.hdf5,114,236853,239538,2685,1881,804,0.7005586592178771,12.0,445.0,255.745879851143,268.0,35576.0,108873.0,True
Lalor,Lalor_raw_z_1500ms_norp_geom_v3.hdf5,115,239538,242223,2685,888,1797,0.3307262569832402,14.0,435.0,248.7939189189189,248.0,37317.0,137398.0,False
Lalor,Lalor_raw_z_1500ms_norp_geom_v3.hdf5,116,242223,244908,2685,1493,1192,0.5560521415270019,13.0,447.0,232.516409912927,219.0,39883.0,116134.0,True
Lalor,Lalor_raw_z_1500ms_norp_geom_v3.hdf5,117,244908,247593,2685,1571,1114,0.5851024208566108,15.0,443.0,236.13430935709738,239.0,34871.0,108916.0,True
Lalor,Lalor_raw_z_1500ms_norp_geom_v3.hdf5,118,247593,250278,2685,1404,1281,0.5229050279329609,9.0,445.0,267.97507122507125,276.0,36521.0,100073.0,True
Lalor,Lalor_raw_z_1500ms_norp_geom_v3.hdf5,119,250278,252963,2685,1630,1055,0.6070763500931099,23.0,449.0,242.88282208588956,236.0,40522.0,116045.0,True
Lalor,Lalor_raw_z_1500ms_norp_geom_v3.hdf5,120,252963,255648,2685,1434,1251,0.5340782122905028,16.0,462.0,267.8793584379358,279.0,36180.0,100441.0,True
Lalor,Lalor_raw_z_1500ms_norp_geom_v3.hdf5,121,255648,258333,2685,1627,1058,0.6059590316573557,14.0,442.0,238.99323909035033,242.0,34148.0,108937.0,True
Lalor,Lalor_raw_z_1500ms_norp_geom_v3.hdf5,123,258333,261018,2685,1363,1322,0.5076350093109869,23.0,438.0,258.28906823184155,266.0,35855.0,100817.0,True
Lalor,Lalor_raw_z_1500ms_norp_geom_v3.hdf5,124,261018,263703,2685,1125,1560,0.41899441340782123,28.0,460.0,217.66933333333333,196.0,41185.0,115957.0,False
Lalor,Lalor_raw_z_1500ms_norp_geom_v3.hdf5,125,263703,266388,2685,1338,1347,0.4983240223463687,22.0,427.0,216.4970104633782,216.0,33758.0,109242.0,False
Lalor,Lalor_raw_z_1500ms_norp_geom_v3.hdf5,126,266388,269073,2685,994,1691,0.3702048417132216,16.0,419.0,225.3470824949698,224.5,35456.0,101147.0,False
Lalor,Lalor_raw_z_1500ms_norp_geom_v3.hdf5,127,269073,271758,2685,1717,968,0.6394785847299814,18.0,473.0,257.81770529994174,259.0,41822.0,115872.0,True
Lalor,Lalor_raw_z_1500ms_norp_geom_v3.hdf5,128,271758,274443,2685,835,1850,0.31098696461824954,9.0,419.0,209.5880239520958,207.0,35008.0,101407.0,False
Lalor,Lalor_raw_z_1500ms_norp_geom_v3.hdf5,129,274443,277128,2685,1580,1105,0.5884543761638734,9.0,470.0,248.34113924050632,242.0,42191.0,115520.0,True
Lalor,Lalor_raw_z_1500ms_norp_geom_v3.hdf5,130,277128,279813,2685,2159,526,0.804096834264432,14.0,467.0,262.91987031032886,273.0,33403.0,109622.0,True
Lalor,Lalor_raw_z_1500ms_norp_geom_v3.hdf5,131,279813,282498,2685,1106,1579,0.41191806331471137,8.0,427.0,228.00723327305604,230.0,34501.0,101642.0,False
Lalor,Lalor_raw_z_1500ms_norp_geom_v3.hdf5,132,282498,285183,2685,693,1992,0.2581005586592179,12.0,424.0,187.1010101010101,186.0,34103.0,101939.0,False
Lalor,Lalor_raw_z_1500ms_norp_geom_v3.hdf5,133,285183,287868,2685,2153,532,0.8018621973929236,9.0,459.0,259.98699489085,271.0,33085.0,109997.0,True
Lalor,Lalor_raw_z_1500ms_norp_geom_v3.hdf5,134,287868,290553,2685,1364,1321,0.5080074487895717,11.0,449.0,231.24853372434018,220.5,42622.0,115259.0,True
Lalor,Lalor_raw_z_1500ms_norp_geom_v3.hdf5,135,290553,293238,2685,1262,1423,0.47001862197392924,20.0,429.0,235.11965134706816,239.0,33540.0,102099.0,False
Lalor,Lalor_raw_z_1500ms_norp_geom_v3.hdf5,136,293238,295923,2685,1230,1455,0.4581005586592179,13.0,453.0,218.47560975609755,209.0,42975.0,114897.0,False
Lalor,Lalor_raw_z_1500ms_norp_geom_v3.hdf5,137,295923,298608,2685,1630,1055,0.6070763500931099,26.0,446.0,257.6680981595092,264.0,33318.0,102576.0,True
Lalor,Lalor_raw_z_1500ms_norp_geom_v3.hdf5,138,298608,301293,2685,1945,740,0.7243947858472998,11.0,479.0,248.68997429305912,253.0,32711.0,110332.0,True
Lalor,Lalor_raw_z_1500ms_norp_geom_v3.hdf5,139,301293,303978,2685,994,1691,0.3702048417132216,21.0,431.0,193.1106639839034,182.0,43276.0,114487.0,False
Lalor,Lalor_raw_z_1500ms_norp_geom_v3.hdf5,140,303978,306663,2685,1665,1020,0.6201117318435754,20.0,436.0,258.2282282282282,265.0,33135.0,103113.0,True
Lalor,Lalor_raw_z_1500ms_norp_geom_v3.hdf5,141,306663,309348,2685,1000,1685,0.37243947858473,19.0,444.0,258.139,261.0,37442.0,136848.0,False
Lalor,Lalor_raw_z_1500ms_norp_geom_v3.hdf5,142,309348,312033,2685,1701,984,0.6335195530726258,10.0,437.0,258.1281599059377,267.0,32903.0,103572.0,True
Lalor,Lalor_raw_z_1500ms_norp_geom_v3.hdf5,144,312033,314718,2685,970,1715,0.3612662942271881,15.0,447.0,193.70618556701032,182.5,43710.0,114212.0,False
Lalor,Lalor_raw_z_1500ms_norp_geom_v3.hdf5,145,314718,317403,2685,1891,794,0.7042830540037244,19.0,444.0,244.52723426758328,250.0,32375.0,110708.0,True
Lalor,Lalor_raw_z_1500ms_norp_geom_v3.hdf5,146,317403,320088,2685,742,1943,0.27635009310986963,24.0,438.0,232.911051212938,224.0,38012.0,136706.0,False
Lalor,Lalor_raw_z_1500ms_norp_geom_v3.hdf5,147,320088,322773,2685,1332,1353,0.4960893854748603,9.0,452.0,240.0,230.5,43961.0,113781.0,False
Lalor,Lalor_raw_z_1500ms_norp_geom_v3.hdf5,148,322773,325458,2685,843,1842,0.3139664804469274,12.0,388.0,179.20759193357057,176.0,44254.0,113340.0,False
Lalor,Lalor_raw_z_1500ms_norp_geom_v3.hdf5,149,325458,328143,2685,2216,469,0.8253258845437617,24.0,473.0,259.9210288808664,269.0,32212.0,111229.0,True
Lalor,Lalor_raw_z_1500ms_norp_geom_v3.hdf5,150,328143,330828,2685,730,1955,0.2718808193668529,15.0,427.0,229.2,224.0,38316.0,136303.0,False
Lalor,Lalor_raw_z_1500ms_norp_geom_v3.hdf5,152,330828,333513,2685,1309,1376,0.48752327746741153,18.0,445.0,245.98854087089381,243.0,44596.0,112974.0,False
Lalor,Lalor_raw_z_1500ms_norp_geom_v3.hdf5,153,333513,336198,2685,2149,536,0.8003724394785847,16.0,470.0,256.63331782224293,264.0,31965.0,111698.0,True
Lalor,Lalor_raw_z_1500ms_norp_geom_v3.hdf5,154,336198,338883,2685,1179,1506,0.43910614525139663,9.0,456.0,275.2069550466497,285.0,38644.0,135887.0,False
Lalor,Lalor_raw_z_1500ms_norp_geom_v3.hdf5,155,338883,341568,2685,1411,1274,0.525512104283054,28.0,447.0,256.66973777462795,259.0,44816.0,112507.0,True
Lalor,Lalor_raw_z_1500ms_norp_geom_v3.hdf5,156,341568,344253,2685,1694,991,0.6309124767225326,23.0,437.0,253.53778040141677,261.0,32599.0,103984.0,True
Lalor,Lalor_raw_z_1500ms_norp_geom_v3.hdf5,157,344253,346938,2685,1093,1592,0.4070763500931099,15.0,463.0,271.38609332113447,279.0,38885.0,135456.0,False
Lalor,Lalor_raw_z_1500ms_norp_geom_v3.hdf5,158,346938,349623,2685,2109,576,0.7854748603351955,9.0,465.0,253.04551920341393,261.0,31705.0,112121.0,True
Lalor,Lalor_raw_z_1500ms_norp_geom_v3.hdf5,159,349623,352308,2685,1883,802,0.7013035381750465,35.0,453.0,266.17843866171006,272.0,32355.0,104445.0,True
Lalor,Lalor_raw_z_1500ms_norp_geom_v3.hdf5,160,352308,354993,2685,1051,1634,0.3914338919925512,30.0,451.0,276.8582302568982,279.0,39256.0,135112.0,False
Lalor,Lalor_raw_z_1500ms_norp_geom_v3.hdf5,161,354993,357678,2685,1884,801,0.7016759776536313,27.0,478.0,260.36624203821657,268.0,32180.0,104976.0,True
Lalor,Lalor_raw_z_1500ms_norp_geom_v3.hdf5,162,357678,360363,2685,1231,1454,0.4584729981378026,43.0,479.0,289.38424045491473,301.0,39575.0,134732.0,False
Lalor,Lalor_raw_z_1500ms_norp_geom_v3.hdf5,163,360363,363048,2685,1884,801,0.7016759776536313,26.0,474.0,259.421974522293,267.0,31957.0,105431.0,True
Lalor,Lalor_raw_z_1500ms_norp_geom_v3.hdf5,165,363048,365733,2685,1295,1390,0.4823091247672253,39.0,484.0,294.4833976833977,305.0,39862.0,134323.0,False
Lalor,Lalor_raw_z_1500ms_norp_geom_v3.hdf5,166,365733,368418,2685,1971,714,0.7340782122905027,10.0,474.0,269.0933536276002,278.0,31719.0,105874.0,True
Lalor,Lalor_raw_z_1500ms_norp_geom_v3.hdf5,167,368418,371103,2685,1341,1344,0.4994413407821229,29.0,453.0,257.8642803877703,262.0,45180.0,112157.0,False
Lalor,Lalor_raw_z_1500ms_norp_geom_v3.hdf5,168,371103,373788,2685,1160,1525,0.43202979515828677,10.0,486.0,281.7586206896552,289.0,40116.0,133868.0,False
Lalor,Lalor_raw_z_1500ms_norp_geom_v3.hdf5,169,373788,376473,2685,2410,275,0.8975791433891993,13.0,464.0,268.7356846473029,276.0,30742.0,111935.0,True
Lalor,Lalor_raw_z_1500ms_norp_geom_v3.hdf5,170,376473,379158,2685,1403,1282,0.5225325884543761,18.0,451.0,264.39415538132573,272.0,45501.0,111784.0,True
Lalor,Lalor_raw_z_1500ms_norp_geom_v3.hdf5,171,379158,381843,2685,1986,699,0.7396648044692737,25.0,462.0,266.80010070493455,273.0,31372.0,106168.0,True
Lalor,Lalor_raw_z_1500ms_norp_geom_v3.hdf5,172,381843,384528,2685,1275,1410,0.4748603351955307,16.0,473.0,279.8250980392157,291.0,40495.0,133540.0,False
Lalor,Lalor_raw_z_1500ms_norp_geom_v3.hdf5,173,384528,387213,2685,1347,1338,0.5016759776536313,15.0,443.0,260.6800296956199,271.0,45823.0,111387.0,True
Lalor,Lalor_raw_z_1500ms_norp_geom_v3.hdf5,174,387213,389898,2685,2355,330,0.8770949720670391,19.0,458.0,263.3528662420382,270.0,30615.0,112473.0,True
Lalor,Lalor_raw_z_1500ms_norp_geom_v3.hdf5,175,389898,392583,2685,1942,743,0.7232774674115456,29.0,481.0,255.81616889804326,260.0,30848.0,106404.0,True
Lalor,Lalor_raw_z_1500ms_norp_geom_v3.hdf5,176,392583,395268,2685,1322,1363,0.492364990689013,32.0,472.0,278.23524962178516,291.5,40877.0,133203.0,False
Lalor,Lalor_raw_z_1500ms_norp_geom_v3.hdf5,177,395268,397953,2685,484,2201,0.18026070763500932,20.0,316.0,151.84504132231405,151.5,46296.0,111149.0,False
Lalor,Lalor_raw_z_1500ms_norp_geom_v3.hdf5,178,397953,400638,2685,2398,287,0.8931098696461824,24.0,453.0,264.918682235196,272.0,30364.0,112934.0,True
Lalor,Lalor_raw_z_1500ms_norp_geom_v3.hdf5,179,400638,403323,2685,835,1850,0.31098696461824954,32.0,436.0,228.53652694610778,232.0,40916.0,132578.0,False
Lalor,Lalor_raw_z_1500ms_norp_geom_v3.hdf5,180,403323,406008,2685,275,2410,0.10242085661080075,29.0,242.0,117.97090909090909,115.0,46550.0,110712.0,False
Lalor,Lalor_raw_z_1500ms_norp_geom_v3.hdf5,181,406008,408693,2685,2270,415,0.845437616387337,14.0,450.0,256.6770925110132,264.0,29870.0,113160.0,True
Lalor,Lalor_raw_z_1500ms_norp_geom_v3.hdf5,182,408693,411378,2685,1946,739,0.7247672253258846,22.0,475.0,252.58890030832478,255.0,30611.0,106845.0,True
Lalor,Lalor_raw_z_1500ms_norp_geom_v3.hdf5,183,411378,414063,2685,1364,1321,0.5080074487895717,24.0,473.0,278.8035190615836,291.0,41216.0,132170.0,True
Lalor,Lalor_raw_z_1500ms_norp_geom_v3.hdf5,184,414063,416748,2685,1240,1445,0.4618249534450652,19.0,449.0,260.93225806451613,264.5,46869.0,110318.0,False
Lalor,Lalor_raw_z_1500ms_norp_geom_v3.hdf5,185,416748,419433,2685,1277,1408,0.4756052141527002,12.0,463.0,268.9592795614722,277.0,47166.0,109919.0,False
Lalor,Lalor_raw_z_1500ms_norp_geom_v3.hdf5,186,419433,422118,2685,1280,1405,0.4767225325884544,16.0,473.0,269.4328125,280.0,41517.0,131764.0,False
Lalor,Lalor_raw_z_1500ms_norp_geom_v3.hdf5,187,422118,424803,2685,1944,741,0.7240223463687151,9.0,433.0,244.28189300411523,249.0,29497.0,113500.0,True
Lalor,Lalor_raw_z_1500ms_norp_geom_v3.hdf5,188,424803,427488,2685,1353,1332,0.5039106145251396,18.0,486.0,280.46932742054696,292.0,41935.0,131468.0,True
Lalor,Lalor_raw_z_1500ms_norp_geom_v3.hdf5,189,427488,430173,2685,1389,1296,0.5173184357541899,33.0,489.0,284.65730741540676,299.0,42226.0,131064.0,True
Lalor,Lalor_raw_z_1500ms_norp_geom_v3.hdf5,190,430173,432858,2685,2454,231,0.9139664804469274,12.0,470.0,265.7534637326813,275.0,29105.0,113809.0,True
Lalor,Lalor_raw_z_1500ms_norp_geom_v3.hdf5,191,432858,435543,2685,1965,720,0.7318435754189944,24.0,480.0,254.13740458015266,257.0,30963.0,106979.0,True
Lalor,Lalor_raw_z_1500ms_norp_geom_v3.hdf5,192,435543,438228,2685,1358,1327,0.5057728119180633,28.0,444.0,276.4234167893962,291.5,42496.0,130626.0,True
Lalor,Lalor_raw_z_1500ms_norp_geom_v3.hdf5,193,438228,440913,2685,2295,390,0.8547486033519553,24.0,460.0,261.677559912854,269.0,28558.0,114002.0,True
Lalor,Lalor_raw_z_1500ms_norp_geom_v3.hdf5,194,440913,443598,2685,1305,1380,0.4860335195530726,18.0,447.0,268.74176245210725,281.0,42702.0,130139.0,False
Lalor,Lalor_raw_z_1500ms_norp_geom_v3.hdf5,195,443598,446283,2685,2300,385,0.8566108007448789,18.0,447.0,258.4478260869565,267.0,27855.0,114026.0,True
Lalor,Lalor_raw_z_1500ms_norp_geom_v3.hdf5,196,446283,448968,2685,309,2376,0.11508379888268157,11.0,322.0,141.0453074433657,135.0,42767.0,129529.0,False
Lalor,Lalor_raw_z_1500ms_norp_geom_v3.hdf5,197,448968,451653,2685,2298,387,0.8558659217877095,10.0,440.0,258.3716275021758,266.0,27534.0,114404.0,True
Lalor,Lalor_raw_z_1500ms_norp_geom_v3.hdf5,198,451653,454338,2685,443,2242,0.16499068901303537,16.0,394.0,159.8510158013544,160.0,44259.0,107753.0,False
Lalor,Lalor_raw_z_1500ms_norp_geom_v3.hdf5,199,454338,457023,2685,2256,429,0.8402234636871508,10.0,439.0,256.4432624113475,265.5,27461.0,115021.0,True
Lalor,Lalor_raw_z_1500ms_norp_geom_v3.hdf5,200,457023,459708,2685,255,2430,0.09497206703910614,24.0,249.0,116.2078431372549,116.0,43838.0,108027.0,False
Lalor,Lalor_raw_z_1500ms_norp_geom_v3.hdf5,201,459708,462393,2685,864,1821,0.3217877094972067,17.0,432.0,210.03472222222223,200.5,43599.0,108496.0,False
Lalor,Lalor_raw_z_1500ms_norp_geom_v3.hdf5,202,462393,465078,2685,2399,286,0.8934823091247672,10.0,434.0,259.64985410587747,269.0,27354.0,115600.0,True
Lalor,Lalor_raw_z_1500ms_norp_geom_v3.hdf5,203,465078,467763,2685,809,1876,0.30130353817504657,9.0,420.0,195.221260815822,193.0,43134.0,108752.0,False
Lalor,Lalor_raw_z_1500ms_norp_geom_v3.hdf5,204,467763,470448,2685,1369,1316,0.5098696461824953,9.0,447.0,247.40321402483565,249.0,42604.0,108974.0,True
Lalor,Lalor_raw_z_1500ms_norp_geom_v3.hdf5,205,470448,473133,2685,1305,1380,0.4860335195530726,11.0,442.0,241.1593869731801,239.0,42165.0,109220.0,False
Lalor,Lalor_raw_z_1500ms_norp_geom_v3.hdf5,206,473133,475818,2685,273,2412,0.10167597765363129,20.0,290.0,109.18315018315019,105.0,27128.0,116079.0,False
Lalor,Lalor_raw_z_1500ms_norp_geom_v3.hdf5,207,475818,478503,2685,250,2435,0.0931098696461825,20.0,196.0,99.368,99.0,41765.0,109543.0,False
Lalor,Lalor_raw_z_1500ms_norp_geom_v3.hdf5,208,478503,481188,2685,1181,1504,0.4398510242085661,11.0,459.0,266.9762912785775,275.0,44134.0,130075.0,False
Lalor,Lalor_raw_z_1500ms_norp_geom_v3.hdf5,209,481188,483873,2685,1193,1492,0.44432029795158284,20.0,443.0,227.6932103939648,225.0,41500.0,109972.0,False
Lalor,Lalor_raw_z_1500ms_norp_geom_v3.hdf5,210,483873,486558,2685,1079,1606,0.40186219739292367,20.0,437.0,256.404077849861,261.0,44142.0,129405.0,False
Lalor,Lalor_raw_z_1500ms_norp_geom_v3.hdf5,211,486558,489243,2685,1393,1292,0.5188081936685288,10.0,444.0,239.0710696338837,238.0,41387.0,110543.0,True
Lalor,Lalor_raw_z_1500ms_norp_geom_v3.hdf5,212,489243,491928,2685,1152,1533,0.42905027932960893,22.0,442.0,262.0703125,266.5,44313.0,128891.0,False
Lalor,Lalor_raw_z_1500ms_norp_geom_v3.hdf5,213,491928,494613,2685,2120,565,0.7895716945996276,28.0,436.0,252.14575471698114,257.0,26156.0,115866.0,True
Lalor,Lalor_raw_z_1500ms_norp_geom_v3.hdf5,214,494613,497298,2685,1263,1422,0.47039106145251397,15.0,446.0,267.7822644497229,278.0,44649.0,128523.0,False
Lalor,Lalor_raw_z_1500ms_norp_geom_v3.hdf5,215,497298,499983,2685,2199,486,0.8189944134078212,17.0,437.0,255.58071850841293,263.0,26054.0,116456.0,True
Lalor,Lalor_raw_z_1500ms_norp_geom_v3.hdf5,216,499983,502668,2685,1148,1537,0.42756052141527,9.0,449.0,260.20557491289196,272.0,45117.0,128278.0,False
Lalor,Lalor_raw_z_1500ms_norp_geom_v3.hdf5,217,502668,505353,2685,2238,447,0.8335195530726257,9.0,442.0,257.3270777479893,266.0,25675.0,116780.0,True
Lalor,Lalor_raw_z_1500ms_norp_geom_v3.hdf5,218,505353,508038,2685,801,1884,0.29832402234636873,13.0,451.0,229.08114856429464,233.0,45715.0,128137.0,False
Lalor,Lalor_raw_z_1500ms_norp_geom_v3.hdf5,219,508038,510723,2685,1923,762,0.7162011173184357,11.0,431.0,243.4009360374415,250.0,25266.0,117088.0,True
Lalor,Lalor_raw_z_1500ms_norp_geom_v3.hdf5,220,510723,513408,2685,1797,888,0.6692737430167598,14.0,430.0,239.49137451307735,244.0,24948.0,117467.0,True
Lalor,Lalor_raw_z_1500ms_norp_geom_v3.hdf5,221,513408,516093,2685,880,1805,0.32774674115456237,29.0,456.0,247.0056818181818,248.0,46448.0,127464.0,False
Lalor,Lalor_raw_z_1500ms_norp_geom_v3.hdf5,222,516093,518778,2685,1745,940,0.6499068901303539,22.0,437.0,236.47908309455588,241.0,24416.0,117655.0,True
Lalor,Lalor_raw_z_1500ms_norp_geom_v3.hdf5,223,518778,521463,2685,1142,1543,0.42532588454376163,27.0,452.0,265.3345008756567,273.0,46496.0,126832.0,False
Lalor,Lalor_raw_z_1500ms_norp_geom_v3.hdf5,224,521463,524148,2685,1338,1347,0.4983240223463687,17.0,464.0,276.61733931240656,284.0,46401.0,126090.0,False
Lalor,Lalor_raw_z_1500ms_norp_geom_v3.hdf5,225,524148,526833,2685,2058,627,0.7664804469273743,22.0,446.0,252.8245869776482,261.0,24235.0,118168.0,True
Lalor,Lalor_raw_z_1500ms_norp_geom_v3.hdf5,226,526833,529518,2685,1311,1374,0.488268156424581,11.0,466.0,270.2631578947368,277.0,46471.0,125474.0,False
Lalor,Lalor_raw_z_1500ms_norp_geom_v3.hdf5,227,529518,532203,2685,2235,450,0.8324022346368715,15.0,448.0,258.11006711409397,266.0,24067.0,118689.0,True
Lalor,Lalor_raw_z_1500ms_norp_geom_v3.hdf5,228,532203,534888,2685,1310,1375,0.48789571694599626,23.0,474.0,272.16335877862593,281.5,46631.0,124916.0,False
Lalor,Lalor_raw_z_1500ms_norp_geom_v3.hdf5,229,534888,537573,2685,2149,536,0.8003724394785847,8.0,452.0,258.7482550023267,267.0,23930.0,119239.0,True
Lalor,Lalor_raw_z_1500ms_norp_geom_v3.hdf5,230,537573,540258,2685,1290,1395,0.48044692737430167,24.0,475.0,260.88837209302324,266.0,46446.0,124080.0,False
Lalor,Lalor_raw_z_1500ms_norp_geom_v3.hdf5,231,540258,542943,2685,1329,1356,0.4949720670391061,25.0,479.0,266.4145974416855,272.0,46526.0,123477.0,False
Lalor,Lalor_raw_z_1500ms_norp_geom_v3.hdf5,232,542943,545628,2685,2008,677,0.7478584729981378,21.0,463.0,253.75,258.0,23637.0,119656.0,True
Lalor,Lalor_raw_z_1500ms_norp_geom_v3.hdf5,233,545628,548313,2685,1333,1352,0.49646182495344504,26.0,475.0,271.90097524381093,279.0,46766.0,123034.0,False
Lalor,Lalor_raw_z_1500ms_norp_geom_v3.hdf5,234,548313,550998,2685,1869,816,0.6960893854748603,26.0,452.0,242.10540395933654,245.0,23346.0,120077.0,True
Lalor,Lalor_raw_z_1500ms_norp_geom_v3.hdf5,235,550998,553683,2685,1279,1406,0.47635009310986964,19.0,480.0,267.05863956215796,277.0,47164.0,122710.0,False
Lalor,Lalor_raw_z_1500ms_norp_geom_v3.hdf5,236,553683,556368,2685,1615,1070,0.6014897579143389,18.0,439.0,230.46687306501548,231.0,23001.0,120435.0,True
Lalor,Lalor_raw_z_1500ms_norp_geom_v3.hdf5,237,556368,559053,2685,1277,1408,0.4756052141527002,30.0,461.0,272.07126076742367,284.0,47674.0,122477.0,False
Lalor,Lalor_raw_z_1500ms_norp_geom_v3.hdf5,238,559053,561738,2685,1878,807,0.6994413407821229,19.0,449.0,246.2768903088392,249.0,28701.0,107478.0,True
Lalor,Lalor_raw_z_1500ms_norp_geom_v3.hdf5,239,561738,564423,2685,1204,1481,0.4484171322160149,36.0,452.0,269.52906976744185,277.5,48246.0,122352.0,False
Lalor,Lalor_raw_z_1500ms_norp_geom_v3.hdf5,240,564423,567108,2685,2012,673,0.7493482309124767,12.0,448.0,253.18886679920476,257.0,22644.0,120782.0,True
Lalor,Lalor_raw_z_1500ms_norp_geom_v3.hdf5,241,567108,569793,2685,1760,925,0.6554934823091247,24.0,444.0,236.53579545454545,236.5,28610.0,107761.0,True
Lalor,Lalor_raw_z_1500ms_norp_geom_v3.hdf5,242,569793,572478,2685,2041,644,0.7601489757914339,9.0,454.0,252.90543851053405,256.0,22326.0,121162.0,True
Lalor,Lalor_raw_z_1500ms_norp_geom_v3.hdf5,243,572478,575163,2685,1693,992,0.6305400372439478,16.0,469.0,264.39161252215,268.0,41638.0,111424.0,True
Lalor,Lalor_raw_z_1500ms_norp_geom_v3.hdf5,244,575163,577848,2685,2047,638,0.7623836126629423,22.0,449.0,251.70884220810942,254.0,28553.0,108367.0,True
Lalor,Lalor_raw_z_1500ms_norp_geom_v3.hdf5,245,577848,580533,2685,1833,852,0.6826815642458101,18.0,447.0,241.1456628477905,243.0,21975.0,121534.0,True
Lalor,Lalor_raw_z_1500ms_norp_geom_v3.hdf5,246,580533,583218,2685,1704,981,0.6346368715083799,21.0,474.0,259.2922535211268,260.0,40822.0,111372.0,True
Lalor,Lalor_raw_z_1500ms_norp_geom_v3.hdf5,247,583218,585903,2685,164,2521,0.061080074487895715,26.0,220.0,114.1280487804878,116.5,49626.0,122651.0,False
Lalor,Lalor_raw_z_1500ms_norp_geom_v3.hdf5,248,585903,588588,2685,1464,1221,0.5452513966480447,25.0,441.0,221.40368852459017,220.0,21657.0,121902.0,True
Lalor,Lalor_raw_z_1500ms_norp_geom_v3.hdf5,249,588588,591273,2685,1856,829,0.6912476722532589,13.0,432.0,239.75053879310346,241.0,28248.0,108774.0,True
Lalor,Lalor_raw_z_1500ms_norp_geom_v3.hdf5,250,591273,593958,2685,1701,984,0.6335195530726258,25.0,463.0,255.56496178718402,254.0,40381.0,111660.0,True
Lalor,Lalor_raw_z_1500ms_norp_geom_v3.hdf5,251,593958,596643,2685,405,2280,0.15083798882681565,13.0,307.0,160.18024691358025,161.0,49905.0,122522.0,False
Lalor,Lalor_raw_z_1500ms_norp_geom_v3.hdf5,252,596643,599328,2685,1906,779,0.7098696461824954,13.0,441.0,241.58919202518362,244.0,27919.0,109149.0,True
Lalor,Lalor_raw_z_1500ms_norp_geom_v3.hdf5,253,599328,602013,2685,1592,1093,0.5929236499068902,19.0,446.0,244.69723618090453,242.0,40178.0,112117.0,True
Lalor,Lalor_raw_z_1500ms_norp_geom_v3.hdf5,254,602013,604698,2685,1888,797,0.7031657355679702,16.0,446.0,246.29608050847457,251.0,21284.0,122253.0,True
Lalor,Lalor_raw_z_1500ms_norp_geom_v3.hdf5,255,604698,607383,2685,1927,758,0.7176908752327746,13.0,478.0,242.34353918007264,246.0,27611.0,109582.0,True
Lalor,Lalor_raw_z_1500ms_norp_geom_v3.hdf5,256,607383,610068,2685,1234,1451,0.4595903165735568,13.0,441.0,212.60777957860617,205.0,40039.0,112685.0,False
Lalor,Lalor_raw_z_1500ms_norp_geom_v3.hdf5,257,610068,612753,2685,406,2279,0.15121042830540038,13.0,421.0,172.15270935960592,163.0,50451.0,122308.0,False
Lalor,Lalor_raw_z_1500ms_norp_geom_v3.hdf5,258,612753,615438,2685,1943,742,0.7236499068901303,12.0,453.0,251.03654143077713,256.0,20987.0,122654.0,True
Lalor,Lalor_raw_z_1500ms_norp_geom_v3.hdf5,259,615438,618123,2685,1926,759,0.71731843575419,20.0,440.0,245.0643821391485,250.0,27578.0,110192.0,True
Lalor,Lalor_raw_z_1500ms_norp_geom_v3.hdf5,260,618123,620808,2685,850,1835,0.3165735567970205,15.0,445.0,250.21764705882353,251.0,50785.0,121952.0,False
Lalor,Lalor_raw_z_1500ms_norp_geom_v3.hdf5,261,620808,623493,2685,1815,870,0.6759776536312849,12.0,448.0,245.3382920110193,249.0,20680.0,123050.0,True
Lalor,Lalor_raw_z_1500ms_norp_geom_v3.hdf5,263,623493,626178,2685,424,2261,0.1579143389199255,25.0,428.0,179.39150943396226,172.5,51134.0,121575.0,False
Lalor,Lalor_raw_z_1500ms_norp_geom_v3.hdf5,264,626178,628863,2685,1371,1314,0.5106145251396648,13.0,439.0,225.4733770970095,221.0,39485.0,112859.0,True
Lalor,Lalor_raw_z_1500ms_norp_geom_v3.hdf5,265,628863,631548,2685,669,2016,0.24916201117318434,19.0,432.0,228.10612855007474,227.0,51412.0,121181.0,False
Lalor,Lalor_raw_z_1500ms_norp_geom_v3.hdf5,266,631548,634233,2685,1211,1474,0.45102420856610803,18.0,437.0,213.3137902559868,211.0,27274.0,110572.0,False
Lalor,Lalor_raw_z_1500ms_norp_geom_v3.hdf5,267,634233,636918,2685,1827,858,0.6804469273743017,14.0,467.0,256.04378762999454,254.0,39224.0,113334.0,True
Lalor,Lalor_raw_z_1500ms_norp_geom_v3.hdf5,268,636918,639603,2685,846,1839,0.31508379888268156,11.0,453.0,261.1891252955083,266.0,51900.0,120916.0,False
Lalor,Lalor_raw_z_1500ms_norp_geom_v3.hdf5,269,639603,642288,2685,2137,548,0.795903165735568,9.0,447.0,252.89096864763687,258.0,26912.0,110919.0,True
Lalor,Lalor_raw_z_1500ms_norp_geom_v3.hdf5,270,642288,644973,2685,1218,1467,0.45363128491620114,24.0,451.0,216.2200328407225,207.5,38936.0,113698.0,False
Lalor,Lalor_raw_z_1500ms_norp_geom_v3.hdf5,271,644973,647658,2685,764,1921,0.2845437616387337,11.0,442.0,253.3455497382199,255.5,52421.0,120733.0,False
Lalor,Lalor_raw_z_1500ms_norp_geom_v3.hdf5,273,647658,650343,2685,1881,804,0.7005586592178771,25.0,450.0,255.48538011695908,253.0,38525.0,114025.0,True
Lalor,Lalor_raw_z_1500ms_norp_geom_v3.hdf5,274,650343,653028,2685,602,2083,0.22420856610800746,21.0,449.0,233.4252491694352,233.0,52983.0,120546.0,False
Lalor,Lalor_raw_z_1500ms_norp_geom_v3.hdf5,275,653028,655713,2685,1723,962,0.6417132216014898,11.0,442.0,237.13871154962274,240.0,26638.0,111137.0,True
Lalor,Lalor_raw_z_1500ms_norp_geom_v3.hdf5,276,655713,658398,2685,1940,745,0.7225325884543762,18.0,453.0,258.0680412371134,256.0,38223.0,114428.0,True
Lalor,Lalor_raw_z_1500ms_norp_geom_v3.hdf5,277,658398,661083,2685,847,1838,0.3154562383612663,24.0,448.0,268.047225501771,277.0,53127.0,120136.0,False
Lalor,Lalor_raw_z_1500ms_norp_geom_v3.hdf5,279,661083,663768,2685,809,1876,0.30130353817504657,15.0,445.0,265.7305315203956,277.0,53664.0,119820.0,False
Lalor,Lalor_raw_z_1500ms_norp_geom_v3.hdf5,280,663768,666453,2685,1971,714,0.7340782122905027,8.0,471.0,259.47590055809235,259.0,37840.0,114739.0,True
Lalor,Lalor_raw_z_1500ms_norp_geom_v3.hdf5,281,666453,669138,2685,2310,375,0.8603351955307262,25.0,457.0,262.6857142857143,271.0,27249.0,112593.0,True
Lalor,Lalor_raw_z_1500ms_norp_geom_v3.hdf5,282,669138,671823,2685,556,2129,0.20707635009310987,9.0,431.0,234.44244604316546,233.0,53978.0,119439.0,False
Lalor,Lalor_raw_z_1500ms_norp_geom_v3.hdf5,283,671823,674508,2685,1975,710,0.7355679702048417,25.0,441.0,247.98886075949366,254.0,27237.0,113247.0,True
Lalor,Lalor_raw_z_1500ms_norp_geom_v3.hdf5,284,674508,677193,2685,1860,825,0.6927374301675978,17.0,445.0,254.56827956989247,253.0,37504.0,115117.0,True
Lalor,Lalor_raw_z_1500ms_norp_geom_v3.hdf5,285,677193,679878,2685,632,2053,0.23538175046554935,16.0,397.0,155.87025316455697,155.0,27163.0,113853.0,False
Lalor,Lalor_raw_z_1500ms_norp_geom_v3.hdf5,286,679878,682563,2685,699,1986,0.26033519553072626,10.0,452.0,257.45350500715307,264.0,54312.0,119059.0,False
Lalor,Lalor_raw_z_1500ms_norp_geom_v3.hdf5,288,682563,685248,2685,458,2227,0.17057728119180632,9.0,302.0,135.76637554585153,129.0,26829.0,114217.0,False
Lalor,Lalor_raw_z_1500ms_norp_geom_v3.hdf5,289,685248,687933,2685,784,1901,0.29199255121042833,17.0,448.0,271.65433673469386,283.5,54586.0,118645.0,False
Lalor,Lalor_raw_z_1500ms_norp_geom_v3.hdf5,290,687933,690618,2685,2172,513,0.8089385474860336,2.0,434.0,254.9097605893186,263.0,26447.0,114555.0,True
Lalor,Lalor_raw_z_1500ms_norp_geom_v3.hdf5,291,690618,693303,2685,1981,704,0.7378026070763501,26.0,478.0,257.18626956082784,257.0,37289.0,115585.0,True
Lalor,Lalor_raw_z_1500ms_norp_geom_v3.hdf5,292,693303,695988,2685,778,1907,0.28975791433891995,26.0,449.0,275.7365038560411,287.5,54865.0,118238.0,False
Lalor,Lalor_raw_z_1500ms_norp_geom_v3.hdf5,293,695988,698673,2685,1657,1028,0.6171322160148975,15.0,433.0,233.7736873868437,240.0,26030.0,114855.0,True
Lalor,Lalor_raw_z_1500ms_norp_geom_v3.hdf5,294,698673,701358,2685,1915,770,0.7132216014897579,20.0,473.0,252.5201044386423,250.0,36912.0,115946.0,True
Lalor,Lalor_raw_z_1500ms_norp_geom_v3.hdf5,295,701358,704043,2685,572,2113,0.21303538175046555,20.0,434.0,250.93706293706293,255.0,55267.0,117908.0,False
Lalor,Lalor_raw_z_1500ms_norp_geom_v3.hdf5,296,704043,706728,2685,522,2163,0.19441340782122904,24.0,398.0,148.74329501915707,148.0,19982.0,123766.0,False
Lalor,Lalor_raw_z_1500ms_norp_geom_v3.hdf5,297,706728,709413,2685,1222,1463,0.45512104283054006,24.0,431.0,210.73731587561375,208.0,25587.0,115133.0,False
Lalor,Lalor_raw_z_1500ms_norp_geom_v3.hdf5,298,709413,712098,2685,1939,746,0.7221601489757914,12.0,446.0,249.91593604951007,248.0,36506.0,116230.0,True
Lalor,Lalor_raw_z_1500ms_norp_geom_v3.hdf5,299,712098,714783,2685,732,1953,0.27262569832402234,12.0,449.0,278.65710382513663,287.5,55589.0,117530.0,False
Lalor,Lalor_raw_z_1500ms_norp_geom_v3.hdf5,300,714783,717468,2685,1380,1305,0.5139664804469274,22.0,452.0,220.14492753623188,219.0,25037.0,115299.0,True
Lalor,Lalor_raw_z_1500ms_norp_geom_v3.hdf5,301,717468,720153,2685,1165,1520,0.4338919925512104,8.0,480.0,201.56137339055795,195.0,36234.0,116661.0,False
Lalor,Lalor_raw_z_1500ms_norp_geom_v3.hdf5,302,720153,722838,2685,896,1789,0.33370577281191804,20.0,451.0,187.82700892857142,176.0,19531.0,124036.0,False
Lalor,Lalor_raw_z_1500ms_norp_geom_v3.hdf5,303,722838,725523,2685,1592,1093,0.5929236499068902,13.0,442.0,232.42211055276383,231.0,24450.0,115449.0,True
Lalor,Lalor_raw_z_1500ms_norp_geom_v3.hdf5,304,725523,728208,2685,1960,725,0.7299813780260708,15.0,519.0,256.72091836734694,252.0,35983.0,117120.0,True
Lalor,Lalor_raw_z_1500ms_norp_geom_v3.hdf5,305,728208,730893,2685,705,1980,0.26256983240223464,4.0,386.0,166.03262411347518,165.0,23950.0,115669.0,False
Lalor,Lalor_raw_z_1500ms_norp_geom_v3.hdf5,306,730893,733578,2685,1795,890,0.6685288640595903,24.0,572.0,253.21949860724234,247.0,35690.0,117494.0,True
Lalor,Lalor_raw_z_1500ms_norp_geom_v3.hdf5,307,733578,736263,2685,1999,686,0.7445065176908753,9.0,542.0,256.7103551775888,260.0,23514.0,115953.0,True
Lalor,Lalor_raw_z_1500ms_norp_geom_v3.hdf5,308,736263,738948,2685,529,2156,0.19702048417132215,20.0,263.0,135.1568998109641,136.0,35138.0,117759.0,False
Lalor,Lalor_raw_z_1500ms_norp_geom_v3.hdf5,309,738948,741633,2685,1821,864,0.6782122905027933,20.0,542.0,256.02306425041184,255.0,23511.0,116623.0,True
Lalor,Lalor_raw_z_1500ms_norp_geom_v3.hdf5,310,741633,744318,2685,822,1863,0.30614525139664805,9.0,553.0,181.11922141119223,173.5,19278.0,124484.0,False
Lalor,Lalor_raw_z_1500ms_norp_geom_v3.hdf5,311,744318,747003,2685,2173,512,0.8093109869646182,13.0,571.0,271.1118269673263,267.0,34850.0,118114.0,True
Lalor,Lalor_raw_z_1500ms_norp_geom_v3.hdf5,312,747003,749688,2685,2225,460,0.8286778398510242,23.0,456.0,257.67550561797754,265.0,23187.0,116998.0,True
Lalor,Lalor_raw_z_1500ms_norp_geom_v3.hdf5,313,749688,752373,2685,2013,672,0.7497206703910615,9.0,470.0,253.08693492300048,258.0,34538.0,118492.0,True
Lalor,Lalor_raw_z_1500ms_norp_geom_v3.hdf5,314,752373,753523,1150,268,882,0.23304347826086957,86.0,394.0,204.37686567164178,186.5,18842.0,124758.0,False
Lalor,Lalor_raw_z_1500ms_norp_geom_v3.hdf5,315,753523,756208,2685,1866,819,0.6949720670391062,13.0,438.0,243.82315112540192,249.0,22415.0,116994.0,True
Lalor,Lalor_raw_z_1500ms_norp_geom_v3.hdf5,316,756208,758893,2685,2040,645,0.7597765363128491,17.0,475.0,255.83039215686276,260.5,34232.0,118879.0,True
Lalor,Lalor_raw_z_1500ms_norp_geom_v3.hdf5,317,758893,761578,2685,1926,759,0.71731843575419,5.0,438.0,246.05919003115264,249.0,21711.0,117013.0,True
Lalor,Lalor_raw_z_1500ms_norp_geom_v3.hdf5,318,761578,764263,2685,2023,662,0.7534450651769088,26.0,472.0,253.50173010380624,256.0,33898.0,119260.0,True
Lalor,Lalor_raw_z_1500ms_norp_geom_v3.hdf5,319,764263,766948,2685,1590,1095,0.5921787709497207,13.0,439.0,229.40188679245284,231.0,20957.0,117004.0,True
Lalor,Lalor_raw_z_1500ms_norp_geom_v3.hdf5,320,766948,769633,2685,1356,1329,0.5050279329608939,8.0,418.0,221.18584070796462,228.0,18550.0,125172.0,True
Lalor,Lalor_raw_z_1500ms_norp_geom_v3.hdf5,321,769633,772318,2685,1964,721,0.7314711359404097,26.0,471.0,255.7642566191446,260.0,33496.0,119570.0,True
Lalor,Lalor_raw_z_1500ms_norp_geom_v3.hdf5,322,772318,775003,2685,938,1747,0.34934823091247674,20.0,335.0,181.42537313432837,185.5,20741.0,117486.0,False
Lalor,Lalor_raw_z_1500ms_norp_geom_v3.hdf5,323,775003,777688,2685,1961,724,0.7303538175046554,10.0,473.0,249.69352371239162,256.0,33209.0,119992.0,True
Lalor,Lalor_raw_z_1500ms_norp_geom_v3.hdf5,324,777688,780373,2685,1639,1046,0.6104283054003724,24.0,437.0,233.03355704697987,234.0,20650.0,117783.0,True
Lalor,Lalor_raw_z_1500ms_norp_geom_v3.hdf5,325,780373,783058,2685,1555,1130,0.5791433891992551,7.0,446.0,238.68360128617363,245.0,17938.0,125274.0,True
Lalor,Lalor_raw_z_1500ms_norp_geom_v3.hdf5,326,783058,785743,2685,2243,442,0.8353817504655493,10.0,469.0,263.1769950958538,271.0,32798.0,120298.0,True
Lalor,Lalor_raw_z_1500ms_norp_geom_v3.hdf5,327,785743,788428,2685,2224,461,0.8283054003724395,22.0,471.0,263.8480215827338,272.0,32527.0,120722.0,True
Lalor,Lalor_raw_z_1500ms_norp_geom_v3.hdf5,328,788428,791113,2685,2145,540,0.7988826815642458,26.0,463.0,256.15058275058277,262.0,32206.0,121104.0,True
Lalor,Lalor_raw_z_1500ms_norp_geom_v3.hdf5,329,791113,793798,2685,535,2150,0.19925512104283055,5.0,392.0,154.18691588785046,140.0,17069.0,125174.0,False
Lalor,Lalor_raw_z_1500ms_norp_geom_v3.hdf5,330,793798,796483,2685,1955,730,0.7281191806331471,18.0,458.0,249.1002557544757,253.0,31836.0,121453.0,True
Lalor,Lalor_raw_z_1500ms_norp_geom_v3.hdf5,331,796483,799168,2685,1834,851,0.6830540037243947,13.0,458.0,245.52017448200655,244.5,21375.0,119409.0,True
Lalor,Lalor_raw_z_1500ms_norp_geom_v3.hdf5,332,799168,801853,2685,1678,1007,0.6249534450651769,8.0,445.0,237.53516090584029,236.0,21266.0,119973.0,True
Lalor,Lalor_raw_z_1500ms_norp_geom_v3.hdf5,333,801853,804538,2685,1240,1445,0.4618249534450652,11.0,434.0,207.78064516129032,206.0,31490.0,121822.0,False
Lalor,Lalor_raw_z_1500ms_norp_geom_v3.hdf5,334,804538,807223,2685,2068,617,0.7702048417132216,9.0,452.0,253.3384912959381,261.0,31211.0,122216.0,True
Lalor,Lalor_raw_z_1500ms_norp_geom_v3.hdf5,335,807223,809908,2685,709,1976,0.26405959031657356,11.0,407.0,174.77574047954866,171.0,16668.0,125489.0,False
Lalor,Lalor_raw_z_1500ms_norp_geom_v3.hdf5,336,809908,812593,2685,1911,774,0.711731843575419,15.0,463.0,247.4735740450026,250.0,30823.0,122555.0,True
Lalor,Lalor_raw_z_1500ms_norp_geom_v3.hdf5,337,812593,815278,2685,459,2226,0.17094972067039105,11.0,396.0,144.21786492374727,137.0,16094.0,125640.0,False
Lalor,Lalor_raw_z_1500ms_norp_geom_v3.hdf5,338,815278,817963,2685,777,1908,0.28938547486033517,23.0,417.0,174.06048906048906,166.0,30566.0,122987.0,False
Lalor,Lalor_raw_z_1500ms_norp_geom_v3.hdf5,339,817963,820648,2685,857,1828,0.3191806331471136,10.0,457.0,265.5215869311552,273.0,52659.0,114649.0,False
Lalor,Lalor_raw_z_1500ms_norp_geom_v3.hdf5,340,820648,823333,2685,641,2044,0.23873370577281192,16.0,435.0,228.0390015600624,225.0,52352.0,115064.0,False
Lalor,Lalor_raw_z_1500ms_norp_geom_v3.hdf5,341,823333,826018,2685,1714,971,0.6383612662942272,13.0,461.0,236.9696616102684,237.0,20935.0,120334.0,True
Lalor,Lalor_raw_z_1500ms_norp_geom_v3.hdf5,342,826018,828703,2685,560,2125,0.2085661080074488,25.0,423.0,208.51607142857142,207.0,52011.0,115447.0,False
Lalor,Lalor_raw_z_1500ms_norp_geom_v3.hdf5,343,828703,831388,2685,1642,1043,0.6115456238361267,21.0,446.0,231.64799025578563,231.5,20603.0,120726.0,True
Lalor,Lalor_raw_z_1500ms_norp_geom_v3.hdf5,344,831388,834073,2685,908,1777,0.3381750465549348,27.0,450.0,257.16409691629957,270.0,51682.0,115818.0,False
Lalor,Lalor_raw_z_1500ms_norp_geom_v3.hdf5,345,834073,836758,2685,925,1760,0.34450651769087526,18.0,404.0,183.16432432432433,184.0,20376.0,121199.0,False
Lalor,Lalor_raw_z_1500ms_norp_geom_v3.hdf5,346,836758,839443,2685,989,1696,0.36834264432029795,19.0,455.0,262.4630940343782,277.0,51341.0,116149.0,False
Lalor,Lalor_raw_z_1500ms_norp_geom_v3.hdf5,347,839443,842128,2685,526,2159,0.19590316573556796,11.0,376.0,148.34600760456274,142.0,20180.0,121689.0,False
Lalor,Lalor_raw_z_1500ms_norp_geom_v3.hdf5,348,842128,844813,2685,1600,1085,0.595903165735568,9.0,443.0,231.86,232.0,19913.0,122115.0,True
Lalor,Lalor_raw_z_1500ms_norp_geom_v3.hdf5,349,844813,847498,2685,1021,1664,0.3802607076350093,10.0,458.0,263.0401567091087,277.0,50984.0,116521.0,False
Lalor,Lalor_raw_z_1500ms_norp_geom_v3.hdf5,350,847498,850183,2685,1404,1281,0.5229050279329609,11.0,440.0,219.2008547008547,218.0,19365.0,122298.0,True
Lalor,Lalor_raw_z_1500ms_norp_geom_v3.hdf5,351,850183,852868,2685,1056,1629,0.39329608938547483,27.0,465.0,267.0246212121212,278.0,50643.0,116867.0,False
Lalor,Lalor_raw_z_1500ms_norp_geom_v3.hdf5,352,852868,855553,2685,502,2183,0.18696461824953445,20.0,353.0,140.29681274900398,137.0,18965.0,122634.0,False
Lalor,Lalor_raw_z_1500ms_norp_geom_v3.hdf5,353,855553,858238,2685,1074,1611,0.4,35.0,456.0,264.06145251396646,276.0,50305.0,117229.0,False
Lalor,Lalor_raw_z_1500ms_norp_geom_v3.hdf5,354,858238,860923,2685,575,2110,0.21415270018621974,25.0,437.0,169.24869565217392,156.0,18239.0,122635.0,False
Lalor,Lalor_raw_z_1500ms_norp_geom_v3.hdf5,355,860923,863608,2685,1381,1304,0.5143389199255121,20.0,454.0,236.08110065170166,236.0,28448.0,120166.0,True
Lalor,Lalor_raw_z_1500ms_norp_geom_v3.hdf5,356,863608,866293,2685,1120,1565,0.4171322160148976,29.0,453.0,264.14285714285717,277.5,49889.0,117542.0,False
Lalor,Lalor_raw_z_1500ms_norp_geom_v3.hdf5,357,866293,868978,2685,1810,875,0.6741154562383612,9.0,455.0,249.3977900552486,254.0,17656.0,122796.0,True
Lalor,Lalor_raw_z_1500ms_norp_geom_v3.hdf5,358,868978,871663,2685,1690,995,0.6294227188081937,12.0,458.0,240.07692307692307,240.5,28734.0,119765.0,True
Lalor,Lalor_raw_z_1500ms_norp_geom_v3.hdf5,359,871663,874348,2685,1740,945,0.6480446927374302,8.0,448.0,250.70459770114942,254.0,17213.0,122850.0,True
Lalor,Lalor_raw_z_1500ms_norp_geom_v3.hdf5,360,874348,877033,2685,2248,437,0.837243947858473,17.0,461.0,258.77980427046265,269.0,29032.0,119354.0,True
Lalor,Lalor_raw_z_1500ms_norp_geom_v3.hdf5,361,877033,879718,2685,1115,1570,0.41527001862197394,19.0,461.0,261.71479820627803,276.0,49671.0,117995.0,False
Lalor,Lalor_raw_z_1500ms_norp_geom_v3.hdf5,362,879718,882403,2685,2088,597,0.7776536312849162,26.0,466.0,253.02634099616859,260.0,29355.0,118970.0,True
Lalor,Lalor_raw_z_1500ms_norp_geom_v3.hdf5,363,882403,885088,2685,1103,1582,0.4108007448789572,7.0,459.0,262.0562103354488,272.0,49374.0,118430.0,False
Lalor,Lalor_raw_z_1500ms_norp_geom_v3.hdf5,364,885088,887773,2685,1835,850,0.6834264432029795,23.0,449.0,243.01689373297003,249.0,29386.0,118345.0,True
Lalor,Lalor_raw_z_1500ms_norp_geom_v3.hdf5,365,887773,890458,2685,1198,1487,0.4461824953445065,27.0,458.0,265.0918196994992,274.0,48924.0,118681.0,False
Lalor,Lalor_raw_z_1500ms_norp_geom_v3.hdf5,366,890458,893143,2685,2331,354,0.8681564245810056,10.0,463.0,262.0656370656371,273.0,29239.0,117544.0,True
Lalor,Lalor_raw_z_1500ms_norp_geom_v3.hdf5,367,893143,895828,2685,1281,1404,0.4770949720670391,11.0,444.0,218.3864168618267,219.0,15620.0,121643.0,False
Lalor,Lalor_raw_z_1500ms_norp_geom_v3.hdf5,368,895828,898513,2685,2405,280,0.8957169459962756,11.0,465.0,264.1463617463617,272.0,29583.0,117170.0,True
Lalor,Lalor_raw_z_1500ms_norp_geom_v3.hdf5,369,898513,901198,2685,1145,1540,0.4264432029795158,29.0,446.0,251.56855895196506,258.0,48555.0,119026.0,False
Lalor,Lalor_raw_z_1500ms_norp_geom_v3.hdf5,370,901198,903883,2685,1701,984,0.6335195530726258,10.0,446.0,249.41916519694297,252.0,15337.0,120716.0,True
Lalor,Lalor_raw_z_1500ms_norp_geom_v3.hdf5,371,903883,906568,2685,1193,1492,0.44432029795158284,23.0,450.0,255.31181894383906,262.0,48244.0,119427.0,False
Lalor,Lalor_raw_z_1500ms_norp_geom_v3.hdf5,372,906568,909253,2685,2321,364,0.8644320297951583,16.0,462.0,262.494614390349,270.0,30017.0,116901.0,True
Lalor,Lalor_raw_z_1500ms_norp_geom_v3.hdf5,373,909253,911938,2685,2345,340,0.8733705772811918,24.0,468.0,260.71215351812367,271.0,30331.0,116485.0,True
Lalor,Lalor_raw_z_1500ms_norp_geom_v3.hdf5,374,911938,914623,2685,1747,938,0.6506517690875233,16.0,443.0,250.208929593589,250.0,15353.0,120067.0,True
Lalor,Lalor_raw_z_1500ms_norp_geom_v3.hdf5,375,914623,917308,2685,2188,497,0.8148975791433892,20.0,464.0,257.24954296160877,266.0,30647.0,116110.0,True
Lalor,Lalor_raw_z_1500ms_norp_geom_v3.hdf5,376,917308,919993,2685,1259,1426,0.46890130353817505,15.0,444.0,255.14455917394758,264.0,47641.0,119563.0,False
Lalor,Lalor_raw_z_1500ms_norp_geom_v3.hdf5,377,919993,922678,2685,1759,926,0.6551210428305401,20.0,445.0,250.78624218305856,251.0,15481.0,119504.0,True
Lalor,Lalor_raw_z_1500ms_norp_geom_v3.hdf5,379,922678,925363,2685,1718,967,0.6398510242085661,12.0,444.0,246.45925494761352,245.0,15741.0,119052.0,True
Lalor,Lalor_raw_z_1500ms_norp_geom_v3.hdf5,380,925363,928048,2685,1509,1176,0.5620111731843576,9.0,441.0,231.3790589794566,227.0,15854.0,118489.0,True
Lalor,Lalor_raw_z_1500ms_norp_geom_v3.hdf5,381,928048,930733,2685,698,1987,0.25996275605214153,9.0,420.0,190.83954154727795,182.0,47644.0,120247.0,False
Lalor,Lalor_raw_z_1500ms_norp_geom_v3.hdf5,382,930733,933418,2685,1504,1181,0.5601489757914339,10.0,441.0,231.5465425531915,228.0,16203.0,118119.0,True
Lalor,Lalor_raw_z_1500ms_norp_geom_v3.hdf5,383,933418,936103,2685,596,2089,0.22197392923649906,12.0,414.0,172.33557046979865,162.0,47433.0,120704.0,False
Lalor,Lalor_raw_z_1500ms_norp_geom_v3.hdf5,384,936103,938788,2685,1869,816,0.6960893854748603,18.0,447.0,252.17710005350455,251.0,16622.0,117813.0,True
Lalor,Lalor_raw_z_1500ms_norp_geom_v3.hdf5,385,938788,941473,2685,1325,1360,0.4934823091247672,26.0,454.0,262.58792452830187,270.0,47019.0,121011.0,False
Lalor,Lalor_raw_z_1500ms_norp_geom_v3.hdf5,386,941473,944158,2685,2015,670,0.750465549348231,12.0,442.0,251.92109181141439,262.0,30913.0,115686.0,True
Lalor,Lalor_raw_z_1500ms_norp_geom_v3.hdf5,387,944158,946843,2685,1710,975,0.6368715083798883,15.0,437.0,243.81052631578947,241.0,15854.0,117198.0,True
Lalor,Lalor_raw_z_1500ms_norp_geom_v3.hdf5,388,946843,949528,2685,2397,288,0.8927374301675978,9.0,460.0,265.34960367125575,274.0,31169.0,115221.0,True
Lalor,Lalor_raw_z_1500ms_norp_geom_v3.hdf5,389,949528,952213,2685,1761,924,0.6558659217877095,12.0,443.0,249.16354344122658,248.0,15690.0,117431.0,True
Lalor,Lalor_raw_z_1500ms_norp_geom_v3.hdf5,390,952213,954898,2685,1816,869,0.6763500931098696,11.0,441.0,246.5759911894273,253.0,31473.0,114841.0,True
Lalor,Lalor_raw_z_1500ms_norp_geom_v3.hdf5,391,954898,957583,2685,1192,1493,0.4439478584729981,9.0,438.0,209.69295302013424,200.0,15495.0,117911.0,False
Lalor,Lalor_raw_z_1500ms_norp_geom_v3.hdf5,392,957583,960268,2685,1816,869,0.6763500931098696,18.0,437.0,243.70594713656388,248.0,32056.0,114687.0,True
Lalor,Lalor_raw_z_1500ms_norp_geom_v3.hdf5,393,960268,962953,2685,1688,997,0.6286778398510242,11.0,441.0,245.65936018957345,245.0,15098.0,118240.0,True
Lalor,Lalor_raw_z_1500ms_norp_geom_v3.hdf5,394,962953,965638,2685,1325,1360,0.4934823091247672,26.0,477.0,261.0943396226415,266.0,46646.0,121355.0,False
Lalor,Lalor_raw_z_1500ms_norp_geom_v3.hdf5,395,965638,968323,2685,567,2118,0.2111731843575419,19.0,426.0,152.7583774250441,148.0,14906.0,118723.0,False
Lalor,Lalor_raw_z_1500ms_norp_geom_v3.hdf5,396,968323,971008,2685,2108,577,0.7851024208566107,18.0,468.0,255.92504743833018,261.0,32639.0,114522.0,True
Lalor,Lalor_raw_z_1500ms_norp_geom_v3.hdf5,397,971008,973693,2685,1208,1477,0.44990689013035384,13.0,450.0,247.033940397351,248.0,46369.0,121777.0,False
Lalor,Lalor_raw_z_1500ms_norp_geom_v3.hdf5,398,973693,976378,2685,1505,1180,0.5605214152700186,21.0,439.0,236.72956810631229,233.0,14864.0,119358.0,True
Lalor,Lalor_raw_z_1500ms_norp_geom_v3.hdf5,399,976378,979063,2685,2209,476,0.8227188081936685,10.0,475.0,259.24717066545946,264.0,33256.0,114426.0,True
Lalor,Lalor_raw_z_1500ms_norp_geom_v3.hdf5,400,979063,981748,2685,1377,1308,0.5128491620111731,9.0,477.0,261.58678286129265,270.0,46087.0,122203.0,True
Lalor,Lalor_raw_z_1500ms_norp_geom_v3.hdf5,401,981748,984433,2685,1432,1253,0.5333333333333333,13.0,534.0,233.04888268156424,228.5,14670.0,119835.0,True
Lalor,Lalor_raw_z_1500ms_norp_geom_v3.hdf5,402,984433,987118,2685,1898,787,0.7068901303538175,9.0,455.0,246.20653319283457,247.0,33738.0,114176.0,True
Lalor,Lalor_raw_z_1500ms_norp_geom_v3.hdf5,403,987118,989803,2685,907,1778,0.33780260707635007,9.0,409.0,188.22160970231533,179.0,14588.0,120426.0,False
Lalor,Lalor_raw_z_1500ms_norp_geom_v3.hdf5,404,989803,992488,2685,1326,1359,0.49385474860335193,13.0,446.0,216.9683257918552,214.5,34155.0,113876.0,False
Lalor,Lalor_raw_z_1500ms_norp_geom_v3.hdf5,405,992488,995173,2685,1599,1086,0.5955307262569832,9.0,535.0,245.77173233270796,247.0,14555.0,121078.0,True
Lalor,Lalor_raw_z_1500ms_norp_geom_v3.hdf5,406,995173,997858,2685,1416,1269,0.5273743016759777,16.0,467.0,259.10593220338984,264.0,45214.0,122082.0,True
Lalor,Lalor_raw_z_1500ms_norp_geom_v3.hdf5,407,997858,1000543,2685,1570,1115,0.5847299813780261,21.0,462.0,228.8063694267516,227.0,34158.0,113789.0,True
Lalor,Lalor_raw_z_1500ms_norp_geom_v3.hdf5,408,1000543,1003228,2685,1457,1228,0.5426443202979516,20.0,436.0,244.53603294440632,248.0,15208.0,125678.0,True
Lalor,Lalor_raw_z_1500ms_norp_geom_v3.hdf5,409,1003228,1005913,2685,1911,774,0.711731843575419,20.0,474.0,246.85243328100472,250.0,34797.0,113110.0,True
Lalor,Lalor_raw_z_1500ms_norp_geom_v3.hdf5,410,1005913,1008598,2685,1562,1123,0.5817504655493483,22.0,442.0,254.69718309859155,259.0,15120.0,126121.0,True
Lalor,Lalor_raw_z_1500ms_norp_geom_v3.hdf5,411,1008598,1011283,2685,1996,689,0.743389199255121,12.0,478.0,253.01052104208418,258.0,35098.0,112713.0,True
Lalor,Lalor_raw_z_1500ms_norp_geom_v3.hdf5,412,1011283,1013968,2685,885,1800,0.329608938547486,13.0,468.0,207.61920903954802,212.0,14862.0,126557.0,False
Lalor,Lalor_raw_z_1500ms_norp_geom_v3.hdf5,413,1013968,1016653,2685,1901,784,0.7080074487895717,9.0,445.0,249.0,253.0,35314.0,112246.0,True
Lalor,Lalor_raw_z_1500ms_norp_geom_v3.hdf5,414,1016653,1019338,2685,1887,798,0.7027932960893855,13.0,441.0,248.03656597774244,251.0,35571.0,111812.0,True
Lalor,Lalor_raw_z_1500ms_norp_geom_v3.hdf5,415,1019338,1022023,2685,1405,1280,0.5232774674115456,28.0,482.0,262.17580071174376,263.0,44840.0,122420.0,True
Lalor,Lalor_raw_z_1500ms_norp_geom_v3.hdf5,416,1022023,1024708,2685,787,1898,0.2931098696461825,9.0,425.0,203.68487928843712,208.0,14682.0,127072.0,False
Lalor,Lalor_raw_z_1500ms_norp_geom_v3.hdf5,417,1024708,1027393,2685,2018,667,0.7515828677839851,21.0,445.0,257.0911793855302,262.0,35980.0,111482.0,True
Lalor,Lalor_raw_z_1500ms_norp_geom_v3.hdf5,418,1027393,1030078,2685,1527,1158,0.5687150837988827,10.0,444.0,263.1388343156516,269.0,14123.0,127231.0,True
Lalor,Lalor_raw_z_1500ms_norp_geom_v3.hdf5,419,1030078,1032763,2685,1888,797,0.7031657355679702,24.0,452.0,253.38771186440678,257.0,36514.0,111299.0,True
Lalor,Lalor_raw_z_1500ms_norp_geom_v3.hdf5,420,1032763,1035448,2685,821,1864,0.3057728119180633,17.0,429.0,211.52496954933008,221.0,13668.0,127512.0,False
Lalor,Lalor_raw_z_1500ms_norp_geom_v3.hdf5,421,1035448,1038133,2685,522,2163,0.19441340782122904,20.0,440.0,176.74329501915707,174.0,13748.0,128251.0,False
Lalor,Lalor_raw_z_1500ms_norp_geom_v3.hdf5,422,1038133,1040818,2685,1995,690,0.7430167597765364,21.0,453.0,263.3187969924812,270.0,36845.0,110928.0,True
Lalor,Lalor_raw_z_1500ms_norp_geom_v3.hdf5,423,1040818,1043503,2685,1439,1246,0.5359404096834265,31.0,464.0,265.23905489923555,268.0,44752.0,123015.0,True
Lalor,Lalor_raw_z_1500ms_norp_geom_v3.hdf5,424,1043503,1046188,2685,1388,1297,0.5169459962756052,22.0,452.0,260.45533141210376,263.0,44575.0,123512.0,True
Lalor,Lalor_raw_z_1500ms_norp_geom_v3.hdf5,425,1046188,1048873,2685,1329,1356,0.4949720670391061,12.0,446.0,260.0865312264861,268.0,13902.0,129048.0,False
Lalor,Lalor_raw_z_1500ms_norp_geom_v3.hdf5,426,1048873,1051558,2685,1901,784,0.7080074487895717,12.0,444.0,257.5049973698054,266.0,37133.0,110516.0,True
Lalor,Lalor_raw_z_1500ms_norp_geom_v3.hdf5,427,1051558,1054243,2685,1429,1256,0.5322160148975792,22.0,454.0,259.74597620713786,265.0,43854.0,124225.0,True
Lalor,Lalor_raw_z_1500ms_norp_geom_v3.hdf5,428,1054243,1056928,2685,1942,743,0.7232774674115456,29.0,451.0,269.83316168898045,280.0,37384.0,110061.0,True
Lalor,Lalor_raw_z_1500ms_norp_geom_v3.hdf5,429,1056928,1059613,2685,1365,1320,0.5083798882681564,8.0,439.0,265.38461538461536,274.0,13744.0,129577.0,True
Lalor,Lalor_raw_z_1500ms_norp_geom_v3.hdf5,430,1059613,1062298,2685,1409,1276,0.5247672253258845,28.0,472.0,257.05606813342797,259.0,43540.0,124611.0,True
Lalor,Lalor_raw_z_1500ms_norp_geom_v3.hdf5,431,1062298,1064983,2685,1898,787,0.7068901303538175,30.0,460.0,263.1380400421496,273.0,37571.0,109559.0,True
Lalor,Lalor_raw_z_1500ms_norp_geom_v3.hdf5,432,1064983,1067668,2685,1893,792,0.7050279329608938,24.0,459.0,264.3454833597464,274.0,37608.0,108919.0,True
Lalor,Lalor_raw_z_1500ms_norp_geom_v3.hdf5,433,1067668,1070353,2685,945,1740,0.35195530726256985,19.0,438.0,216.27830687830686,213.0,43278.0,125062.0,False
Lalor,Lalor_raw_z_1500ms_norp_geom_v3.hdf5,434,1070353,1073038,2685,1785,900,0.664804469273743,17.0,446.0,259.5406162464986,267.0,37727.0,108359.0,True
Lalor,Lalor_raw_z_1500ms_norp_geom_v3.hdf5,435,1073038,1075723,2685,1219,1466,0.45400372439478587,12.0,442.0,238.7653814602133,244.0,42905.0,125379.0,False
Lalor,Lalor_raw_z_1500ms_norp_geom_v3.hdf5,436,1075723,1078408,2685,569,2116,0.21191806331471136,12.0,420.0,190.6449912126538,191.0,12342.0,128067.0,False
Lalor,Lalor_raw_z_1500ms_norp_geom_v3.hdf5,437,1078408,1081093,2685,1770,915,0.659217877094972,11.0,447.0,261.72655367231636,272.0,37738.0,107693.0,True
Lalor,Lalor_raw_z_1500ms_norp_geom_v3.hdf5,438,1081093,1083778,2685,1262,1423,0.47001862197392924,9.0,452.0,240.67749603803486,245.0,42512.0,125713.0,False
Lalor,Lalor_raw_z_1500ms_norp_geom_v3.hdf5,439,1083778,1086463,2685,808,1877,0.30093109869646184,16.0,442.0,201.43316831683168,201.0,42240.0,126127.0,False
Lalor,Lalor_raw_z_1500ms_norp_geom_v3.hdf5,440,1086463,1089148,2685,1626,1059,0.605586592178771,12.0,443.0,254.95141451414514,264.0,38634.0,107823.0,True
Lalor,Lalor_raw_z_1500ms_norp_geom_v3.hdf5,441,1089148,1091833,2685,950,1735,0.3538175046554935,19.0,426.0,232.70736842105262,237.0,12656.0,127679.0,False
Lalor,Lalor_raw_z_1500ms_norp_geom_v3.hdf5,442,1091833,1094518,2685,1350,1335,0.5027932960893855,26.0,497.0,249.94222222222223,257.0,41913.0,126535.0,True
Lalor,Lalor_raw_z_1500ms_norp_geom_v3.hdf5,443,1094518,1097203,2685,1072,1613,0.39925512104283056,19.0,430.0,238.3097014925373,239.5,12790.0,127133.0,False
Lalor,Lalor_raw_z_1500ms_norp_geom_v3.hdf5,444,1097203,1099888,2685,539,2146,0.20074487895716947,18.0,423.0,169.19109461966605,161.0,41588.0,126878.0,False
Lalor,Lalor_raw_z_1500ms_norp_geom_v3.hdf5,445,1099888,1102573,2685,916,1769,0.34115456238361264,14.0,432.0,219.00436681222706,223.5,12773.0,126745.0,False
Lalor,Lalor_raw_z_1500ms_norp_geom_v3.hdf5,446,1102573,1105258,2685,585,2100,0.21787709497206703,9.0,404.0,175.7025641025641,172.0,41308.0,127305.0,False
Lalor,Lalor_raw_z_1500ms_norp_geom_v3.hdf5,447,1105258,1107943,2685,1178,1507,0.4387337057728119,11.0,473.0,235.98217317487266,239.5,40896.0,127596.0,False
Lalor,Lalor_raw_z_1500ms_norp_geom_v3.hdf5,448,1107943,1110628,2685,1428,1257,0.5318435754189944,11.0,473.0,255.43207282913164,265.0,40678.0,127996.0,True
Lalor,Lalor_raw_z_1500ms_norp_geom_v3.hdf5,449,1110628,1113313,2685,690,1995,0.2569832402234637,9.0,416.0,165.12898550724637,155.0,15481.0,122191.0,False
Lalor,Lalor_raw_z_1500ms_norp_geom_v3.hdf5,450,1113313,1113314,1,0,1,0.0,,,,,39487.0,107927.0,False
Lalor,Lalor_raw_z_1500ms_norp_geom_v3.hdf5,451,1113314,1115999,2685,697,1988,0.2595903165735568,17.0,422.0,167.03299856527977,159.0,15284.0,122683.0,False
Lalor,Lalor_raw_z_1500ms_norp_geom_v3.hdf5,452,1115999,1118684,2685,1345,1340,0.5009310986964618,22.0,469.0,250.3182156133829,256.0,40286.0,128406.0,True
Lalor,Lalor_raw_z_1500ms_norp_geom_v3.hdf5,453,1118684,1121369,2685,1719,966,0.6402234636871509,17.0,448.0,267.5986038394415,278.0,39463.0,106924.0,True
Lalor,Lalor_raw_z_1500ms_norp_geom_v3.hdf5,454,1121369,1124054,2685,761,1924,0.2834264432029795,17.0,402.0,177.37582128777925,172.0,15143.0,123215.0,False
Lalor,Lalor_raw_z_1500ms_norp_geom_v3.hdf5,455,1124054,1126739,2685,1381,1304,0.5143389199255121,19.0,461.0,253.21795800144824,261.0,39966.0,128803.0,True
Lalor,Lalor_raw_z_1500ms_norp_geom_v3.hdf5,456,1126739,1129424,2685,729,1956,0.27150837988826815,10.0,448.0,190.21810699588477,179.0,39890.0,106937.0,False
Lalor,Lalor_raw_z_1500ms_norp_geom_v3.hdf5,457,1129424,1132109,2685,1492,1193,0.5556797020484171,10.0,457.0,260.3036193029491,271.0,39650.0,129193.0,True
Lalor,Lalor_raw_z_1500ms_norp_geom_v3.hdf5,458,1132109,1134794,2685,571,2114,0.21266294227188082,8.0,426.0,170.12784588441332,160.0,40380.0,106777.0,False
Lalor,Lalor_raw_z_1500ms_norp_geom_v3.hdf5,459,1134794,1137479,2685,1388,1297,0.5169459962756052,14.0,449.0,256.30403458213254,267.0,39295.0,129530.0,True
Lalor,Lalor_raw_z_1500ms_norp_geom_v3.hdf5,460,1137479,1140164,2685,1203,1482,0.4480446927374302,13.0,437.0,239.21113881961762,247.0,39032.0,129964.0,False
Lalor,Lalor_raw_z_1500ms_norp_geom_v3.hdf5,461,1140164,1142849,2685,1134,1551,0.4223463687150838,10.0,435.0,262.29100529100526,273.0,9320.0,125797.0,False
Lalor,Lalor_raw_z_1500ms_norp_geom_v3.hdf5,462,1142849,1145534,2685,1316,1369,0.49013035381750464,13.0,440.0,248.63145896656536,254.0,40579.0,106199.0,False
Lalor,Lalor_raw_z_1500ms_norp_geom_v3.hdf5,463,1145534,1148219,2685,1319,1366,0.4912476722532588,18.0,438.0,272.2570128885519,287.0,9884.0,125653.0,False
Lalor,Lalor_raw_z_1500ms_norp_geom_v3.hdf5,464,1148219,1150904,2685,1451,1234,0.5404096834264432,23.0,455.0,259.40454858718124,265.0,38578.0,130258.0,True
Lalor,Lalor_raw_z_1500ms_norp_geom_v3.hdf5,465,1150904,1153589,2685,1355,1330,0.5046554934823091,24.0,439.0,269.8140221402214,284.0,10114.0,125181.0,True
Lalor,Lalor_raw_z_1500ms_norp_geom_v3.hdf5,466,1153589,1156274,2685,1575,1110,0.5865921787709497,24.0,450.0,270.5098412698413,283.0,40997.0,105924.0,True
Lalor,Lalor_raw_z_1500ms_norp_geom_v3.hdf5,467,1156274,1158959,2685,686,1999,0.2554934823091248,20.0,439.0,200.6865889212828,196.5,10220.0,124603.0,False
Lalor,Lalor_raw_z_1500ms_norp_geom_v3.hdf5,468,1158959,1161644,2685,975,1710,0.36312849162011174,16.0,439.0,221.07897435897436,222.0,38237.0,130616.0,False
Lalor,Lalor_raw_z_1500ms_norp_geom_v3.hdf5,469,1161644,1164329,2685,595,2090,0.22160148975791433,11.0,443.0,186.94117647058823,181.0,10527.0,124198.0,False
Lalor,Lalor_raw_z_1500ms_norp_geom_v3.hdf5,470,1164329,1167014,2685,1411,1274,0.525512104283054,9.0,438.0,255.6094968107725,263.0,12110.0,124909.0,True
Lalor,Lalor_raw_z_1500ms_norp_geom_v3.hdf5,471,1167014,1169699,2685,1011,1674,0.376536312849162,11.0,436.0,221.7091988130564,217.0,12464.0,124571.0,False
Lalor,Lalor_raw_z_1500ms_norp_geom_v3.hdf5,472,1169699,1172384,2685,1663,1022,0.6193668528864059,19.0,443.0,258.73541791942273,267.0,13548.0,120615.0,True
Lalor,Lalor_raw_z_1500ms_norp_geom_v3.hdf5,473,1172384,1175069,2685,1548,1137,0.576536312849162,19.0,445.0,273.14728682170545,286.0,41356.0,105552.0,True
Lalor,Lalor_raw_z_1500ms_norp_geom_v3.hdf5,474,1175069,1177754,2685,1404,1281,0.5229050279329609,10.0,447.0,267.2991452991453,277.0,41652.0,105154.0,True
Lalor,Lalor_raw_z_1500ms_norp_geom_v3.hdf5,475,1177754,1180439,2685,732,1953,0.27262569832402234,19.0,430.0,184.44535519125682,182.5,12794.0,124220.0,False
Lalor,Lalor_raw_z_1500ms_norp_geom_v3.hdf5,476,1180439,1183124,2685,1638,1047,0.6100558659217877,27.0,447.0,259.0659340659341,267.0,13523.0,120853.0,True
Lalor,Lalor_raw_z_1500ms_norp_geom_v3.hdf5,477,1183124,1185809,2685,919,1766,0.3422718808193669,21.0,432.0,207.01414581066376,201.0,13068.0,123808.0,False
Lalor,Lalor_raw_z_1500ms_norp_geom_v3.hdf5,478,1185809,1188494,2685,1708,977,0.6361266294227188,32.0,446.0,263.019906323185,268.5,13896.0,121830.0,True
Lalor,Lalor_raw_z_1500ms_norp_geom_v3.hdf5,479,1188494,1191179,2685,1713,972,0.6379888268156425,24.0,454.0,265.07005253940457,271.0,13884.0,122498.0,True
Lalor,Lalor_raw_z_1500ms_norp_geom_v3.hdf5,480,1191179,1193864,2685,1682,1003,0.6264432029795158,11.0,457.0,263.57372175980976,271.0,13833.0,123109.0,True
Lalor,Lalor_raw_z_1500ms_norp_geom_v3.hdf5,481,1193864,1196549,2685,1364,1321,0.5080074487895717,12.0,444.0,241.04912023460412,244.0,13397.0,123404.0,True
Lalor,Lalor_raw_z_1500ms_norp_geom_v3.hdf5,491,1196549,1199234,2685,1578,1107,0.587709497206704,9.0,443.0,266.6210392902408,274.5,13822.0,126701.0,True
Lalor,Lalor_raw_z_1500ms_norp_geom_v3.hdf5,492,1199234,1201919,2685,1610,1075,0.5996275605214153,14.0,443.0,266.33788819875775,276.0,13650.0,125887.0,True
Lalor,Lalor_raw_z_1500ms_norp_geom_v3.hdf5,493,1201919,1204604,2685,1607,1078,0.5985102420856611,22.0,441.0,264.80522713130057,276.0,13593.0,125173.0,True
Lalor,Lalor_raw_z_1500ms_norp_geom_v3.hdf5,494,1204604,1207289,2685,586,2099,0.21824953445065176,8.0,427.0,195.02389078498294,185.5,11767.0,104442.0,False
Lalor,Lalor_raw_z_1500ms_norp_geom_v3.hdf5,495,1207289,1209974,2685,674,2011,0.251024208566108,12.0,442.0,204.2166172106825,194.0,12159.0,104125.0,False
Lalor,Lalor_raw_z_1500ms_norp_geom_v3.hdf5,496,1209974,1212659,2685,623,2062,0.23202979515828678,21.0,408.0,183.48796147672553,171.0,13124.0,104328.0,False
Lalor,Lalor_raw_z_1500ms_norp_geom_v3.hdf5,497,1212659,1215344,2685,806,1879,0.3001862197392924,26.0,423.0,208.12779156327542,202.0,13404.0,103904.0,False
Lalor,Lalor_raw_z_1500ms_norp_geom_v3.hdf5,498,1215344,1218029,2685,1130,1555,0.4208566108007449,17.0,429.0,238.9132743362832,245.5,13648.0,103434.0,False
Lalor,Lalor_raw_z_1500ms_norp_geom_v3.hdf5,499,1218029,1220714,2685,1322,1363,0.492364990689013,10.0,427.0,251.571104387292,263.0,13927.0,103002.0,False
Lalor,Lalor_raw_z_1500ms_norp_geom_v3.hdf5,500,1220714,1223399,2685,654,2031,0.2435754189944134,21.0,423.0,178.60550458715596,171.5,14175.0,125005.0,False
Lalor,Lalor_raw_z_1500ms_norp_geom_v3.hdf5,501,1223399,1226084,2685,1373,1312,0.5113594040968342,11.0,442.0,255.86380189366352,268.0,14284.0,102686.0,True
Lalor,Lalor_raw_z_1500ms_norp_geom_v3.hdf5,502,1226084,1228769,2685,1086,1599,0.4044692737430168,11.0,427.0,234.50920810313076,234.0,14791.0,102448.0,False
Lalor,Lalor_raw_z_1500ms_norp_geom_v3.hdf5,503,1228769,1231454,2685,734,1951,0.2733705772811918,12.0,428.0,181.87057220708448,180.0,14199.0,124367.0,False
Lalor,Lalor_raw_z_1500ms_norp_geom_v3.hdf5,504,1231454,1234139,2685,1346,1339,0.5013035381750466,21.0,434.0,252.43833580980683,260.0,14917.0,101892.0,True
Lalor,Lalor_raw_z_1500ms_norp_geom_v3.hdf5,505,1234139,1236824,2685,2444,241,0.9102420856610801,27.0,448.0,268.3805237315876,280.0,28128.0,120567.0,True
Lalor,Lalor_raw_z_1500ms_norp_geom_v3.hdf5,506,1236824,1239509,2685,1341,1344,0.4994413407821229,12.0,437.0,251.88590604026845,258.0,15283.0,101557.0,False
Lalor,Lalor_raw_z_1500ms_norp_geom_v3.hdf5,507,1239509,1242194,2685,1260,1425,0.4692737430167598,9.0,436.0,242.9484126984127,246.5,15695.0,101256.0,False
Lalor,Lalor_raw_z_1500ms_norp_geom_v3.hdf5,508,1242194,1244879,2685,1667,1018,0.6208566108007448,10.0,438.0,255.6502699460108,262.0,14559.0,124030.0,True
Lalor,Lalor_raw_z_1500ms_norp_geom_v3.hdf5,509,1244879,1247564,2685,1083,1602,0.4033519553072626,15.0,434.0,229.81809787626963,232.0,15943.0,100787.0,False
Lalor,Lalor_raw_z_1500ms_norp_geom_v3.hdf5,510,1247564,1250249,2685,2379,306,0.8860335195530726,27.0,445.0,264.6906263135771,274.0,27784.0,120924.0,True
Lalor,Lalor_raw_z_1500ms_norp_geom_v3.hdf5,511,1250249,1252934,2685,584,2101,0.2175046554934823,23.0,414.0,171.0513698630137,160.0,16105.0,100284.0,False
Lalor,Lalor_raw_z_1500ms_norp_geom_v3.hdf5,512,1252934,1255619,2685,1734,951,0.6458100558659218,9.0,441.0,258.4273356401384,264.0,14728.0,123678.0,True
Lalor,Lalor_raw_z_1500ms_norp_geom_v3.hdf5,513,1255619,1258304,2685,1175,1510,0.4376163873370577,18.0,440.0,236.2936170212766,238.0,16478.0,99927.0,False
Lalor,Lalor_raw_z_1500ms_norp_geom_v3.hdf5,514,1258304,1260989,2685,2093,592,0.7795158286778399,16.0,451.0,252.3258480649785,260.0,27383.0,121250.0,True
Lalor,Lalor_raw_z_1500ms_norp_geom_v3.hdf5,515,1260989,1263674,2685,765,1920,0.2849162011173184,10.0,427.0,197.0718954248366,185.0,17024.0,99756.0,False
Lalor,Lalor_raw_z_1500ms_norp_geom_v3.hdf5,516,1263674,1266359,2685,1038,1647,0.3865921787709497,10.0,427.0,224.72639691714835,220.0,17528.0,99529.0,False
Lalor,Lalor_raw_z_1500ms_norp_geom_v3.hdf5,517,1266359,1269044,2685,711,1974,0.264804469273743,12.0,420.0,187.8959212376934,181.0,17819.0,99087.0,False
Lalor,Lalor_raw_z_1500ms_norp_geom_v3.hdf5,518,1269044,1271729,2685,543,2142,0.2022346368715084,25.0,428.0,174.4659300184162,161.0,18055.0,98670.0,False
Lalor,Lalor_raw_z_1500ms_norp_geom_v3.hdf5,519,1271729,1274414,2685,1283,1402,0.47783985102420856,27.0,477.0,249.51519875292283,252.0,18307.0,98218.0,False
Lalor,Lalor_raw_z_1500ms_norp_geom_v3.hdf5,520,1274414,1277099,2685,1226,1459,0.456610800744879,23.0,449.0,246.14437194127242,252.0,18707.0,97919.0,False
Lalor,Lalor_raw_z_1500ms_norp_geom_v3.hdf5,521,1277099,1279784,2685,1300,1385,0.48417132216014896,16.0,454.0,253.47692307692307,262.5,19105.0,97582.0,False
Lalor,Lalor_raw_z_1500ms_norp_geom_v3.hdf5,522,1279784,1282469,2685,1205,1480,0.44878957169459965,25.0,450.0,248.52614107883818,253.0,19207.0,97002.0,False
Lalor,Lalor_raw_z_1500ms_norp_geom_v3.hdf5,523,1282469,1285154,2685,1266,1419,0.47150837988826816,30.0,469.0,252.92890995260663,258.0,19484.0,96580.0,False
Lalor,Lalor_raw_z_1500ms_norp_geom_v3.hdf5,524,1285154,1287839,2685,1085,1600,0.40409683426443205,19.0,458.0,236.91612903225806,239.0,19906.0,96295.0,False
Lalor,Lalor_raw_z_1500ms_norp_geom_v3.hdf5,525,1287839,1290524,2685,458,2227,0.17057728119180632,12.0,417.0,151.86899563318778,140.0,20266.0,95957.0,False
Lalor,Lalor_raw_z_1500ms_norp_geom_v3.hdf5,526,1290524,1293209,2685,1177,1508,0.43836126629422717,8.0,446.0,245.8802039082413,253.0,20632.0,95598.0,False
Lalor,Lalor_raw_z_1500ms_norp_geom_v3.hdf5,527,1293209,1295894,2685,1187,1498,0.44208566108007447,13.0,451.0,247.71356360572872,256.0,20984.0,95242.0,False
Lalor,Lalor_raw_z_1500ms_norp_geom_v3.hdf5,528,1295894,1298579,2685,1134,1551,0.4223463687150838,21.0,460.0,245.0485008818342,249.5,21293.0,94858.0,False
Lalor,Lalor_raw_z_1500ms_norp_geom_v3.hdf5,529,1298579,1301264,2685,1173,1512,0.43687150837988825,19.0,426.0,248.88064791133846,256.0,21776.0,94607.0,False
Lalor,Lalor_raw_z_1500ms_norp_geom_v3.hdf5,530,1301264,1303949,2685,1129,1556,0.42048417132216015,11.0,425.0,248.64481842338353,256.0,22036.0,94180.0,False
Lalor,Lalor_raw_z_1500ms_norp_geom_v3.hdf5,531,1303949,1306634,2685,1151,1534,0.4286778398510242,9.0,422.0,252.8627280625543,264.0,22447.0,93865.0,False
Lalor,Lalor_raw_z_1500ms_norp_geom_v3.hdf5,532,1306634,1309319,2685,1140,1545,0.4245810055865922,15.0,425.0,255.3280701754386,270.0,22801.0,93529.0,False
Lalor,Lalor_raw_z_1500ms_norp_geom_v3.hdf5,533,1309319,1312004,2685,1059,1626,0.394413407821229,24.0,425.0,251.96978281397546,262.0,23050.0,93072.0,False
Lalor,Lalor_raw_z_1500ms_norp_geom_v3.hdf5,534,1312004,1314689,2685,1016,1669,0.37839851024208565,18.0,435.0,249.11909448818898,257.0,23346.0,92665.0,False
Lalor,Lalor_raw_z_1500ms_norp_geom_v3.hdf5,535,1314689,1317374,2685,2294,391,0.8543761638733706,10.0,453.0,264.27986050566693,270.0,27067.0,121613.0,True
Lalor,Lalor_raw_z_1500ms_norp_geom_v3.hdf5,536,1317374,1320059,2685,764,1921,0.2845437616387337,12.0,422.0,226.21204188481676,225.5,23510.0,92130.0,False
Lalor,Lalor_raw_z_1500ms_norp_geom_v3.hdf5,537,1320059,1322744,2685,899,1786,0.33482309124767223,7.0,427.0,243.9098998887653,252.0,23805.0,91736.0,False
Lalor,Lalor_raw_z_1500ms_norp_geom_v3.hdf5,538,1322744,1325429,2685,955,1730,0.35567970204841715,11.0,425.0,250.78324607329844,261.0,24320.0,91525.0,False
Lalor,Lalor_raw_z_1500ms_norp_geom_v3.hdf5,539,1325429,1328114,2685,396,2289,0.14748603351955308,21.0,411.0,174.1969696969697,163.0,24865.0,91341.0,False
Lalor,Lalor_raw_z_1500ms_norp_geom_v3.hdf5,540,1328114,1330799,2685,342,2343,0.12737430167597766,16.0,370.0,162.76608187134502,159.0,25143.0,90931.0,False
Lalor,Lalor_raw_z_1500ms_norp_geom_v3.hdf5,541,1330799,1333484,2685,812,1873,0.30242085661080076,10.0,422.0,246.26108374384236,255.5,25484.0,90547.0,False
Lalor,Lalor_raw_z_1500ms_norp_geom_v3.hdf5,542,1333484,1336169,2685,1494,1191,0.5564245810055866,9.0,454.0,262.87550200803213,274.0,37866.0,130983.0,True
Lalor,Lalor_raw_z_1500ms_norp_geom_v3.hdf5,543,1336169,1338854,2685,637,2048,0.237243947858473,9.0,428.0,182.84615384615384,181.0,37472.0,131263.0,False
Lalor,Lalor_raw_z_1500ms_norp_geom_v3.hdf5,544,1338854,1341539,2685,1700,985,0.633147113594041,16.0,442.0,260.0905882352941,268.5,13411.0,119825.0,True
Lalor,Lalor_raw_z_1500ms_norp_geom_v3.hdf5,545,1341539,1344224,2685,1493,1192,0.5560521415270019,15.0,439.0,263.63094440723376,273.0,37102.0,131595.0,True
Lalor,Lalor_raw_z_1500ms_norp_geom_v3.hdf5,546,1344224,1346909,2685,1719,966,0.6402234636871509,15.0,439.0,257.9970913321699,263.0,13370.0,119118.0,True
Lalor,Lalor_raw_z_1500ms_norp_geom_v3.hdf5,547,1346909,1349594,2685,1487,1198,0.5538175046554935,21.0,445.0,265.65299260255546,274.0,36927.0,132101.0,True
Lalor,Lalor_raw_z_1500ms_norp_geom_v3.hdf5,548,1349594,1350922,1328,1047,281,0.7884036144578314,19.0,430.0,215.20916905444125,207.0,36697.0,132569.0,True
Lalor,Lalor_raw_z_1500ms_norp_geom_v3.hdf5,549,1350922,1353607,2685,1746,939,0.6502793296089385,23.0,447.0,259.94158075601376,265.0,13358.0,118433.0,True
Lalor,Lalor_raw_z_1500ms_norp_geom_v3.hdf5,550,1353607,1356292,2685,1399,1286,0.5210428305400372,11.0,450.0,261.5153681200858,269.0,36313.0,132913.0,True
Lalor,Lalor_raw_z_1500ms_norp_geom_v3.hdf5,551,1356292,1358977,2685,1384,1301,0.5154562383612663,12.0,447.0,259.2702312138728,266.0,35841.0,133143.0,True
Lalor,Lalor_raw_z_1500ms_norp_geom_v3.hdf5,552,1358977,1361662,2685,1473,1212,0.5486033519553073,13.0,449.0,266.70536320434485,279.0,35539.0,133555.0,True
Lalor,Lalor_raw_z_1500ms_norp_geom_v3.hdf5,553,1361662,1364347,2685,1736,949,0.6465549348230912,26.0,444.0,257.5823732718894,262.0,13401.0,117788.0,True
Lalor,Lalor_raw_z_1500ms_norp_geom_v3.hdf5,554,1364347,1367032,2685,1310,1375,0.48789571694599626,22.0,450.0,257.3847328244275,261.5,35420.0,134123.0,False
Lalor,Lalor_raw_z_1500ms_norp_geom_v3.hdf5,555,1367032,1369717,2685,771,1914,0.2871508379888268,20.0,424.0,208.70687418936447,198.0,35062.0,134468.0,False
Lalor,Lalor_raw_z_1500ms_norp_geom_v3.hdf5,556,1369717,1372402,2685,700,1985,0.260707635009311,26.0,428.0,275.64,286.0,22486.0,87621.0,False
Lalor,Lalor_raw_z_1500ms_norp_geom_v3.hdf5,557,1372402,1375087,2685,1082,1603,0.40297951582867786,15.0,428.0,211.58040665434382,198.5,13752.0,117431.0,False
Lalor,Lalor_raw_z_1500ms_norp_geom_v3.hdf5,558,1375087,1377772,2685,787,1898,0.2931098696461825,35.0,442.0,279.2566709021601,292.0,22258.0,88089.0,False
Lalor,Lalor_raw_z_1500ms_norp_geom_v3.hdf5,559,1377772,1380457,2685,788,1897,0.29348230912476725,39.0,432.0,273.4111675126904,288.0,22036.0,88565.0,False
Lalor,Lalor_raw_z_1500ms_norp_geom_v3.hdf5,560,1380457,1383142,2685,802,1883,0.29869646182495346,31.0,434.0,269.98254364089775,283.0,22021.0,89211.0,False
Lalor,Lalor_raw_z_1500ms_norp_geom_v3.hdf5,561,1383142,1385827,2685,651,2034,0.2424581005586592,16.0,429.0,238.27342549923196,243.0,22046.0,89917.0,False
Lalor,Lalor_raw_z_1500ms_norp_geom_v3.hdf5,562,1385827,1388512,2685,886,1799,0.32998137802607075,14.0,446.0,263.7799097065463,273.5,21719.0,90304.0,False
Lalor,Lalor_raw_z_1500ms_norp_geom_v3.hdf5,563,1388512,1391197,2685,756,1929,0.28156424581005585,24.0,447.0,249.07407407407408,255.0,21513.0,90779.0,False
Lalor,Lalor_raw_z_1500ms_norp_geom_v3.hdf5,564,1391197,1393882,2685,925,1760,0.34450651769087526,28.0,434.0,264.1545945945946,275.0,20985.0,91000.0,False
Lalor,Lalor_raw_z_1500ms_norp_geom_v3.hdf5,565,1393882,1396567,2685,927,1758,0.3452513966480447,22.0,434.0,269.75080906148867,286.0,20209.0,90947.0,False
Lalor,Lalor_raw_z_1500ms_norp_geom_v3.hdf5,566,1396567,1399252,2685,1250,1435,0.4655493482309125,8.0,459.0,252.3744,259.0,34084.0,134955.0,False
Lalor,Lalor_raw_z_1500ms_norp_geom_v3.hdf5,567,1399252,1401937,2685,903,1782,0.33631284916201115,19.0,438.0,268.0221483942414,278.0,19821.0,91281.0,False
Lalor,Lalor_raw_z_1500ms_norp_geom_v3.hdf5,568,1401937,1404622,2685,765,1920,0.2849162011173184,24.0,450.0,265.0954248366013,266.0,19401.0,91577.0,False
Lalor,Lalor_raw_z_1500ms_norp_geom_v3.hdf5,569,1404622,1407307,2685,717,1968,0.2670391061452514,37.0,438.0,248.96931659693166,246.0,19024.0,91908.0,False
Lalor,Lalor_raw_z_1500ms_norp_geom_v3.hdf5,570,1407307,1409992,2685,938,1747,0.34934823091247674,47.0,454.0,273.19936034115136,280.5,18742.0,92311.0,False
Lalor,Lalor_raw_z_1500ms_norp_geom_v3.hdf5,571,1409992,1412677,2685,686,1999,0.2554934823091248,33.0,450.0,233.5932944606414,230.5,18465.0,92745.0,False
Lalor,Lalor_raw_z_1500ms_norp_geom_v3.hdf5,572,1412677,1415362,2685,932,1753,0.34711359404096837,16.0,457.0,259.6341201716738,263.0,18294.0,93253.0,False
Lalor,Lalor_raw_z_1500ms_norp_geom_v3.hdf5,573,1415362,1418047,2685,914,1771,0.3404096834264432,9.0,427.0,193.42778993435448,183.0,13907.0,117145.0,False
Lalor,Lalor_raw_z_1500ms_norp_geom_v3.hdf5,574,1418047,1420732,2685,418,2267,0.15567970204841713,11.0,408.0,147.4306220095694,144.5,34357.0,134482.0,False
Lalor,Lalor_raw_z_1500ms_norp_geom_v3.hdf5,575,1420732,1423417,2685,1009,1676,0.37579143389199254,16.0,470.0,270.3211100099108,277.0,18091.0,93746.0,False
Lalor,Lalor_raw_z_1500ms_norp_geom_v3.hdf5,576,1423417,1426102,2685,970,1715,0.3612662942271881,7.0,426.0,194.55257731958764,184.0,14075.0,116638.0,False
Lalor,Lalor_raw_z_1500ms_norp_geom_v3.hdf5,577,1426102,1428787,2685,1034,1651,0.3851024208566108,39.0,470.0,268.24564796905224,276.0,17839.0,94198.0,False
Lalor,Lalor_raw_z_1500ms_norp_geom_v3.hdf5,578,1428787,1431472,2685,1283,1402,0.47783985102420856,12.0,451.0,256.7490257209665,265.0,33885.0,135430.0,False
Lalor,Lalor_raw_z_1500ms_norp_geom_v3.hdf5,579,1431472,1434157,2685,1051,1634,0.3914338919925512,28.0,477.0,261.6117982873454,266.0,17465.0,94536.0,False
Lalor,Lalor_raw_z_1500ms_norp_geom_v3.hdf5,580,1434157,1436842,2685,1260,1425,0.4692737430167598,21.0,469.0,256.49444444444447,262.0,33573.0,135800.0,False
Lalor,Lalor_raw_z_1500ms_norp_geom_v3.hdf5,581,1436842,1439527,2685,1048,1637,0.390316573556797,16.0,479.0,258.91125954198475,262.0,17137.0,94900.0,False
Lalor,Lalor_raw_z_1500ms_norp_geom_v3.hdf5,582,1439527,1442212,2685,880,1805,0.32774674115456237,12.0,422.0,185.25113636363636,176.0,14435.0,116282.0,False
Lalor,Lalor_raw_z_1500ms_norp_geom_v3.hdf5,583,1442212,1444897,2685,1029,1656,0.38324022346368714,20.0,453.0,238.87560738581146,237.0,33107.0,136063.0,False
Lalor,Lalor_raw_z_1500ms_norp_geom_v3.hdf5,584,1444897,1447582,2685,975,1710,0.36312849162011174,9.0,473.0,249.84,250.0,16820.0,95269.0,False
Lalor,Lalor_raw_z_1500ms_norp_geom_v3.hdf5,585,1447582,1450267,2685,1225,1460,0.45623836126629425,12.0,461.0,258.86204081632656,270.0,32939.0,136588.0,False
Lalor,Lalor_raw_z_1500ms_norp_geom_v3.hdf5,586,1450267,1452952,2685,1197,1488,0.44581005586592176,9.0,458.0,256.97577276524646,269.0,32647.0,137006.0,False
Lalor,Lalor_raw_z_1500ms_norp_geom_v3.hdf5,587,1452952,1455637,2685,1009,1676,0.37579143389199254,10.0,468.0,255.2378592666006,258.0,16268.0,95469.0,False
Lalor,Lalor_raw_z_1500ms_norp_geom_v3.hdf5,588,1455637,1458322,2685,1167,1518,0.4346368715083799,9.0,443.0,254.42844901456726,264.0,32336.0,137390.0,False
Lalor,Lalor_raw_z_1500ms_norp_geom_v3.hdf5,589,1458322,1461007,2685,914,1771,0.3404096834264432,17.0,470.0,244.58096280087528,242.0,16032.0,95922.0,False
Lalor,Lalor_raw_z_1500ms_norp_geom_v3.hdf5,590,1461007,1463692,2685,774,1911,0.288268156424581,17.0,430.0,211.2764857881137,210.5,31884.0,137651.0,False
Lalor,Lalor_raw_z_1500ms_norp_geom_v3.hdf5,591,1463692,1466377,2685,1081,1604,0.40260707635009313,24.0,483.0,256.8214616096207,257.0,16045.0,96585.0,False
Lalor,Lalor_raw_z_1500ms_norp_geom_v3.hdf5,592,1466377,1469062,2685,451,2234,0.1679702048417132,18.0,395.0,154.83370288248338,140.0,31649.0,138123.0,False
Lalor,Lalor_raw_z_1500ms_norp_geom_v3.hdf5,593,1469062,1471747,2685,752,1933,0.28007448789571693,18.0,454.0,222.9534574468085,214.5,15916.0,97139.0,False
Lalor,Lalor_raw_z_1500ms_norp_geom_v3.hdf5,594,1471747,1474432,2685,491,2194,0.18286778398510242,9.0,422.0,169.88391038696537,154.0,31311.0,138488.0,False
Lalor,Lalor_raw_z_1500ms_norp_geom_v3.hdf5,595,1474432,1477117,2685,405,2280,0.15083798882681565,9.0,375.0,172.74814814814815,167.0,14798.0,96834.0,False
Lalor,Lalor_raw_z_1500ms_norp_geom_v3.hdf5,596,1477117,1479802,2685,685,2000,0.25512104283054005,9.0,497.0,209.5985401459854,206.0,30966.0,138841.0,False
Lalor,Lalor_raw_z_1500ms_norp_geom_v3.hdf5,597,1479802,1482487,2685,1775,910,0.6610800744878957,21.0,442.0,250.79323943661973,247.0,15080.0,116172.0,True
Lalor,Lalor_raw_z_1500ms_norp_geom_v3.hdf5,598,1482487,1485172,2685,1000,1685,0.37243947858473,11.0,461.0,256.45,256.5,14291.0,97063.0,False
Lalor,Lalor_raw_z_1500ms_norp_geom_v3.hdf5,599,1485172,1487857,2685,1112,1573,0.41415270018621975,13.0,450.0,258.4091726618705,275.0,30504.0,139126.0,False
Lalor,Lalor_raw_z_1500ms_norp_geom_v3.hdf5,600,1487857,1490542,2685,993,1692,0.36983240223463687,17.0,453.0,255.5961732124874,255.0,14066.0,97531.0,False
Lalor,Lalor_raw_z_1500ms_norp_geom_v3.hdf5,601,1490542,1493227,2685,855,1830,0.31843575418994413,19.0,463.0,237.21169590643274,248.0,30254.0,139573.0,False
Lalor,Lalor_raw_z_1500ms_norp_geom_v3.hdf5,602,1493227,1495912,2685,1058,1627,0.3940409683426443,25.0,445.0,263.187145557656,263.0,13705.0,97883.0,False
Lalor,Lalor_raw_z_1500ms_norp_geom_v3.hdf5,603,1495912,1498597,2685,993,1692,0.36983240223463687,20.0,453.0,257.4833836858006,269.0,30025.0,140028.0,False
Lalor,Lalor_raw_z_1500ms_norp_geom_v3.hdf5,604,1498597,1501282,2685,1839,846,0.6849162011173184,22.0,443.0,254.90483958673192,254.0,15297.0,115716.0,True
Lalor,Lalor_raw_z_1500ms_norp_geom_v3.hdf5,605,1501282,1501283,1,0,1,0.0,,,,,29636.0,140347.0,False
Lalor,Lalor_raw_z_1500ms_norp_geom_v3.hdf5,606,1501283,1503968,2685,1039,1646,0.38696461824953443,22.0,440.0,261.90664100096245,263.0,13428.0,98302.0,False
Lalor,Lalor_raw_z_1500ms_norp_geom_v3.hdf5,607,1503968,1506653,2685,345,2340,0.12849162011173185,8.0,362.0,146.51884057971014,139.0,29228.0,140657.0,False
Lalor,Lalor_raw_z_1500ms_norp_geom_v3.hdf5,608,1506653,1509338,2685,1099,1586,0.40931098696461826,17.0,439.0,263.16014558689716,267.0,13096.0,98683.0,False
Lalor,Lalor_raw_z_1500ms_norp_geom_v3.hdf5,609,1509338,1512023,2685,724,1961,0.2696461824953445,14.0,440.0,229.01933701657458,236.0,28913.0,141051.0,False
Lalor,Lalor_raw_z_1500ms_norp_geom_v3.hdf5,610,1512023,1514708,2685,1700,985,0.633147113594041,11.0,447.0,244.39470588235295,239.0,15413.0,115142.0,True
Lalor,Lalor_raw_z_1500ms_norp_geom_v3.hdf5,611,1514708,1517393,2685,1216,1469,0.4528864059590317,15.0,446.0,274.22286184210526,282.0,12770.0,99054.0,False
Lalor,Lalor_raw_z_1500ms_norp_geom_v3.hdf5,612,1517393,1520078,2685,308,2377,0.11471135940409684,23.0,380.0,147.86688311688312,144.5,28702.0,141516.0,False
Lalor,Lalor_raw_z_1500ms_norp_geom_v3.hdf5,613,1520078,1522763,2685,1164,1521,0.4335195530726257,24.0,444.0,272.9029209621993,280.0,12436.0,99431.0,False
Lalor,Lalor_raw_z_1500ms_norp_geom_v3.hdf5,614,1522763,1525448,2685,587,2098,0.2186219739292365,21.0,449.0,222.65928449744465,221.0,28296.0,141811.0,False
Lalor,Lalor_raw_z_1500ms_norp_geom_v3.hdf5,615,1525448,1528133,2685,1731,954,0.6446927374301676,9.0,447.0,247.64067013287118,243.0,15412.0,114460.0,True
Lalor,Lalor_raw_z_1500ms_norp_geom_v3.hdf5,616,1528133,1530818,2685,1140,1545,0.4245810055865922,24.0,439.0,267.78684210526313,275.0,12195.0,99887.0,False
Lalor,Lalor_raw_z_1500ms_norp_geom_v3.hdf5,617,1530818,1533503,2685,241,2444,0.08975791433891993,10.0,369.0,143.85892116182572,131.0,27857.0,142122.0,False
Lalor,Lalor_raw_z_1500ms_norp_geom_v3.hdf5,618,1533503,1536188,2685,721,1964,0.2685288640595903,17.0,444.0,232.3481276005548,224.0,11916.0,100283.0,False
Lalor,Lalor_raw_z_1500ms_norp_geom_v3.hdf5,619,1536188,1538873,2685,1125,1560,0.41899441340782123,11.0,438.0,272.0062222222222,282.0,11340.0,100467.0,False
Lalor,Lalor_raw_z_1500ms_norp_geom_v3.hdf5,620,1538873,1541558,2685,2208,477,0.8223463687150838,9.0,449.0,258.13903985507244,263.5,26728.0,122002.0,True
Lalor,Lalor_raw_z_1500ms_norp_geom_v3.hdf5,621,1541558,1544243,2685,305,2380,0.11359404096834265,13.0,308.0,155.327868852459,155.0,10939.0,100780.0,False
Lalor,Lalor_raw_z_1500ms_norp_geom_v3.hdf5,622,1544243,1546928,2685,1046,1639,0.38957169459962754,16.0,429.0,265.7332695984704,277.0,10876.0,101375.0,False
Lalor,Lalor_raw_z_1500ms_norp_geom_v3.hdf5,623,1546928,1549613,2685,664,2021,0.2472998137802607,23.0,428.0,224.24096385542168,218.0,10640.0,101832.0,False
Lalor,Lalor_raw_z_1500ms_norp_geom_v3.hdf5,624,1549613,1552298,2685,1238,1447,0.46108007448789573,16.0,440.0,280.91922455573507,301.0,10246.0,102160.0,False
Lalor,Lalor_raw_z_1500ms_norp_geom_v3.hdf5,625,1552298,1554983,2685,1217,1468,0.4532588454376164,9.0,446.0,279.36894001643384,300.0,9904.0,102561.0,False
Lalor,Lalor_raw_z_1500ms_norp_geom_v3.hdf5,626,1554983,1557668,2685,1790,895,0.6666666666666666,12.0,438.0,250.78938547486032,248.0,15349.0,113747.0,True
Lalor,Lalor_raw_z_1500ms_norp_geom_v3.hdf5,627,1557668,1560353,2685,399,2286,0.14860335195530727,9.0,424.0,173.4436090225564,168.0,9744.0,103057.0,False
Lalor,Lalor_raw_z_1500ms_norp_geom_v3.hdf5,631,1560353,1563038,2685,449,2236,0.16722532588454375,17.0,511.0,197.65256124721603,186.0,9346.0,103387.0,False
Lalor,Lalor_raw_z_1500ms_norp_geom_v3.hdf5,632,1563038,1565723,2685,1063,1622,0.395903165735568,15.0,463.0,268.6190028222013,280.0,24987.0,139962.0,False
Lalor,Lalor_raw_z_1500ms_norp_geom_v3.hdf5,633,1565723,1568408,2685,1059,1626,0.394413407821229,23.0,438.0,265.36449480642113,276.0,9208.0,103891.0,False
Lalor,Lalor_raw_z_1500ms_norp_geom_v3.hdf5,634,1568408,1571093,2685,1881,804,0.7005586592178771,18.0,436.0,256.53429027113236,257.0,15441.0,113459.0,True
Lalor,Lalor_raw_z_1500ms_norp_geom_v3.hdf5,635,1571093,1573778,2685,1036,1649,0.38584729981378024,16.0,439.0,262.6023166023166,273.0,9028.0,104434.0,False
Lalor,Lalor_raw_z_1500ms_norp_geom_v3.hdf5,636,1573778,1576463,2685,1138,1547,0.4238361266294227,27.0,458.0,268.37961335676624,278.0,25288.0,139561.0,False
Lalor,Lalor_raw_z_1500ms_norp_geom_v3.hdf5,637,1576463,1579148,2685,422,2263,0.15716945996275605,9.0,406.0,182.53791469194312,175.0,8780.0,104876.0,False
Lalor,Lalor_raw_z_1500ms_norp_geom_v3.hdf5,638,1579148,1581833,2685,1062,1623,0.39553072625698327,29.0,452.0,254.25988700564972,260.0,25667.0,139244.0,False
Lalor,Lalor_raw_z_1500ms_norp_geom_v3.hdf5,639,1581833,1584518,2685,495,2190,0.18435754189944134,23.0,415.0,173.4989898989899,164.0,26031.0,138882.0,False
Lalor,Lalor_raw_z_1500ms_norp_geom_v3.hdf5,640,1584518,1587203,2685,1009,1676,0.37579143389199254,9.0,441.0,259.38255698711595,271.0,8673.0,105447.0,False
Lalor,Lalor_raw_z_1500ms_norp_geom_v3.hdf5,641,1587203,1589888,2685,1121,1564,0.4175046554934823,13.0,436.0,251.84924174843889,266.0,26358.0,138506.0,False
Lalor,Lalor_raw_z_1500ms_norp_geom_v3.hdf5,642,1589888,1592573,2685,1185,1500,0.441340782122905,16.0,440.0,273.4227848101266,286.0,8524.0,105987.0,False
Lalor,Lalor_raw_z_1500ms_norp_geom_v3.hdf5,643,1592573,1595258,2685,1214,1471,0.4521415270018622,9.0,456.0,256.1482701812191,270.0,26680.0,138133.0,False
Lalor,Lalor_raw_z_1500ms_norp_geom_v3.hdf5,644,1595258,1597943,2685,446,2239,0.16610800744878956,26.0,415.0,193.5493273542601,184.5,8360.0,106508.0,False
Lalor,Lalor_raw_z_1500ms_norp_geom_v3.hdf5,645,1597943,1600628,2685,1228,1457,0.45735567970204843,16.0,463.0,258.02198697068405,269.5,26927.0,137685.0,False
Lalor,Lalor_raw_z_1500ms_norp_geom_v3.hdf5,646,1600628,1603313,2685,851,1834,0.3169459962756052,19.0,439.0,242.14923619271445,252.0,8193.0,107027.0,False
Lalor,Lalor_raw_z_1500ms_norp_geom_v3.hdf5,647,1603313,1605998,2685,1005,1680,0.3743016759776536,9.0,442.0,256.41293532338307,263.0,7997.0,107549.0,False
Lalor,Lalor_raw_z_1500ms_norp_geom_v3.hdf5,648,1605998,1608683,2685,769,1916,0.28640595903165733,11.0,426.0,231.5474642392718,235.0,7819.0,108078.0,False
Lalor,Lalor_raw_z_1500ms_norp_geom_v3.hdf5,649,1608683,1611368,2685,1193,1492,0.44432029795158284,25.0,460.0,251.39061190276612,260.0,27294.0,137345.0,False
Lalor,Lalor_raw_z_1500ms_norp_geom_v3.hdf5,650,1611368,1614053,2685,989,1696,0.36834264432029795,15.0,445.0,252.87360970677452,254.0,7825.0,108731.0,False
Lalor,Lalor_raw_z_1500ms_norp_geom_v3.hdf5,651,1614053,1616738,2685,868,1817,0.3232774674115456,27.0,468.0,214.23271889400922,213.0,27563.0,136903.0,False
Lalor,Lalor_raw_z_1500ms_norp_geom_v3.hdf5,652,1616738,1619423,2685,1137,1548,0.423463687150838,24.0,441.0,266.2603342128408,272.0,7593.0,109186.0,False
Lalor,Lalor_raw_z_1500ms_norp_geom_v3.hdf5,653,1619423,1622108,2685,914,1771,0.3404096834264432,18.0,442.0,247.46936542669584,248.0,7412.0,109709.0,False
Lalor,Lalor_raw_z_1500ms_norp_geom_v3.hdf5,654,1622108,1624793,2685,669,2016,0.24916201117318434,8.0,432.0,217.34080717488789,216.0,7243.0,110243.0,False
Lalor,Lalor_raw_z_1500ms_norp_geom_v3.hdf5,655,1624793,1627478,2685,626,2059,0.23314711359404097,11.0,430.0,212.07348242811503,210.0,7308.0,110510.0,False
Lalor,Lalor_raw_z_1500ms_norp_geom_v3.hdf5,656,1627478,1630163,2685,934,1751,0.3478584729981378,12.0,422.0,210.2762312633833,210.0,28254.0,136847.0,False
Lalor,Lalor_raw_z_1500ms_norp_geom_v3.hdf5,657,1630163,1632848,2685,853,1832,0.31769087523277467,7.0,423.0,203.6858147713951,201.0,28594.0,136483.0,False
Lalor,Lalor_raw_z_1500ms_norp_geom_v3.hdf5,658,1632848,1635533,2685,872,1813,0.32476722532588453,10.0,430.0,233.36926605504587,234.0,7359.0,111227.0,False
Lalor,Lalor_raw_z_1500ms_norp_geom_v3.hdf5,659,1635533,1638218,2685,1347,1338,0.5016759776536313,15.0,465.0,255.48775055679286,267.0,28826.0,136012.0,True
Lalor,Lalor_raw_z_1500ms_norp_geom_v3.hdf5,660,1638218,1640903,2685,1351,1334,0.5031657355679702,22.0,463.0,251.3582531458179,259.0,29018.0,135529.0,True
Lalor,Lalor_raw_z_1500ms_norp_geom_v3.hdf5,661,1640903,1643588,2685,1387,1298,0.5165735567970204,24.0,463.0,251.22710886806055,257.0,29353.0,135153.0,True
Lalor,Lalor_raw_z_1500ms_norp_geom_v3.hdf5,662,1643588,1646273,2685,679,2006,0.25288640595903167,19.0,430.0,211.64506627393226,206.0,7356.0,111885.0,False
Lalor,Lalor_raw_z_1500ms_norp_geom_v3.hdf5,663,1646273,1648958,2685,1030,1655,0.38361266294227186,17.0,451.0,214.34077669902913,205.5,29673.0,134779.0,False
Lalor,Lalor_raw_z_1500ms_norp_geom_v3.hdf5,664,1648958,1651643,2685,1145,1540,0.4264432029795158,25.0,452.0,259.41397379912667,261.0,7432.0,112617.0,False
Lalor,Lalor_raw_z_1500ms_norp_geom_v3.hdf5,665,1651643,1654328,2685,1383,1302,0.5150837988826815,11.0,460.0,247.40130151843817,251.0,30064.0,134424.0,True
Lalor,Lalor_raw_z_1500ms_norp_geom_v3.hdf5,666,1654328,1657013,2685,865,1820,0.3221601489757914,17.0,440.0,195.50173410404625,184.0,30326.0,133999.0,False
Lalor,Lalor_raw_z_1500ms_norp_geom_v3.hdf5,667,1657013,1659698,2685,1006,1679,0.37467411545623835,13.0,434.0,239.12524850894633,238.0,7833.0,113658.0,False
Lalor,Lalor_raw_z_1500ms_norp_geom_v3.hdf5,668,1659698,1662383,2685,637,2048,0.237243947858473,25.0,364.0,159.57142857142858,154.0,30754.0,133719.0,False
Lalor,Lalor_raw_z_1500ms_norp_geom_v3.hdf5,669,1662383,1665068,2685,1209,1476,0.45027932960893857,14.0,439.0,252.95285359801488,256.0,8455.0,114089.0,False
Lalor,Lalor_raw_z_1500ms_norp_geom_v3.hdf5,670,1665068,1667753,2685,1409,1276,0.5247672253258845,20.0,451.0,246.04400283889282,248.0,31087.0,133348.0,True
Lalor,Lalor_raw_z_1500ms_norp_geom_v3.hdf5,671,1667753,1670438,2685,961,1724,0.3579143389199255,11.0,426.0,197.70967741935485,192.0,31365.0,132927.0,False
Lalor,Lalor_raw_z_1500ms_norp_geom_v3.hdf5,672,1670438,1673123,2685,1216,1469,0.4528864059590317,19.0,452.0,251.17269736842104,252.0,8901.0,114197.0,False
Lalor,Lalor_raw_z_1500ms_norp_geom_v3.hdf5,673,1673123,1675808,2685,1211,1474,0.45102420856610803,23.0,436.0,250.05780346820808,249.0,9214.0,113816.0,False
Lalor,Lalor_raw_z_1500ms_norp_geom_v3.hdf5,674,1675808,1678493,2685,231,2454,0.08603351955307263,9.0,282.0,98.16017316017316,99.0,31675.0,132540.0,False
Lalor,Lalor_raw_z_1500ms_norp_geom_v3.hdf5,675,1678493,1681178,2685,1254,1431,0.4670391061452514,14.0,434.0,247.1658692185008,244.0,9754.0,113610.0,False
Lalor,Lalor_raw_z_1500ms_norp_geom_v3.hdf5,676,1681178,1683863,2685,1012,1673,0.37690875232774673,9.0,435.0,205.6393280632411,190.0,13727.0,116058.0,False
Lalor,Lalor_raw_z_1500ms_norp_geom_v3.hdf5,677,1683863,1686548,2685,1258,1427,0.4685288640595903,15.0,431.0,246.95786963434023,242.0,9990.0,113152.0,False
Lalor,Lalor_raw_z_1500ms_norp_geom_v3.hdf5,678,1686548,1689233,2685,969,1716,0.36089385474860336,16.0,419.0,198.01444788441694,188.0,13945.0,115594.0,False
Lalor,Lalor_raw_z_1500ms_norp_geom_v3.hdf5,679,1689233,1691918,2685,924,1761,0.34413407821229053,9.0,431.0,216.36904761904762,212.0,10215.0,112687.0,False
Lalor,Lalor_raw_z_1500ms_norp_geom_v3.hdf5,680,1691918,1694603,2685,927,1758,0.3452513966480447,16.0,432.0,209.84466019417476,207.0,10586.0,112355.0,False
Lalor,Lalor_raw_z_1500ms_norp_geom_v3.hdf5,681,1694603,1697288,2685,949,1736,0.35344506517690877,25.0,425.0,195.29188619599577,181.0,13992.0,114970.0,False
Lalor,Lalor_raw_z_1500ms_norp_geom_v3.hdf5,682,1697288,1699973,2685,1165,1520,0.4338919925512104,21.0,434.0,233.3304721030043,229.0,10730.0,111830.0,False
Lalor,Lalor_raw_z_1500ms_norp_geom_v3.hdf5,683,1699973,1702658,2685,952,1733,0.35456238361266296,17.0,434.0,200.04936974789916,186.0,14149.0,114446.0,False
Lalor,Lalor_raw_z_1500ms_norp_geom_v3.hdf5,684,1702658,1705343,2685,1076,1609,0.4007448789571695,11.0,436.0,224.75371747211895,222.0,11138.0,111518.0,False
Lalor,Lalor_raw_z_1500ms_norp_geom_v3.hdf5,685,1705343,1708028,2685,1056,1629,0.39329608938547483,9.0,426.0,205.43939393939394,197.5,14238.0,113859.0,False
Lalor,Lalor_raw_z_1500ms_norp_geom_v3.hdf5,686,1708028,1710713,2685,397,2288,0.1478584729981378,10.0,371.0,146.3904282115869,141.0,11642.0,111289.0,False
Lalor,Lalor_raw_z_1500ms_norp_geom_v3.hdf5,687,1710713,1713398,2685,1476,1209,0.5497206703910614,18.0,453.0,244.97222222222223,243.0,32286.0,131740.0,True
Lalor,Lalor_raw_z_1500ms_norp_geom_v3.hdf5,688,1713398,1716083,2685,1336,1349,0.49757914338919923,9.0,438.0,243.45434131736528,241.0,11818.0,110773.0,False
Lalor,Lalor_raw_z_1500ms_norp_geom_v3.hdf5,689,1716083,1718768,2685,1675,1010,0.6238361266294227,15.0,447.0,235.48179104477612,240.0,20409.0,123477.0,True
Lalor,Lalor_raw_z_1500ms_norp_geom_v3.hdf5,690,1718768,1721453,2685,637,2048,0.237243947858473,21.0,416.0,159.14285714285714,157.0,32690.0,131428.0,False
Lalor,Lalor_raw_z_1500ms_norp_geom_v3.hdf5,691,1721453,1724138,2685,1331,1354,0.4957169459962756,18.0,436.0,244.08640120210367,247.0,12155.0,110403.0,False
Lalor,Lalor_raw_z_1500ms_norp_geom_v3.hdf5,692,1724138,1726823,2685,1687,998,0.6283054003724394,12.0,443.0,257.2513337285122,257.0,32972.0,131019.0,True
Lalor,Lalor_raw_z_1500ms_norp_geom_v3.hdf5,693,1726823,1729508,2685,1461,1224,0.5441340782122905,23.0,443.0,249.72553045859001,252.0,12548.0,110091.0,True
Lalor,Lalor_raw_z_1500ms_norp_geom_v3.hdf5,694,1729508,1732193,2685,1299,1386,0.48379888268156424,14.0,438.0,235.61739799846035,238.0,12738.0,109589.0,False
Lalor,Lalor_raw_z_1500ms_norp_geom_v3.hdf5,695,1732193,1734878,2685,1302,1383,0.4849162011173184,8.0,473.0,228.81182795698925,230.0,33373.0,130687.0,False
Lalor,Lalor_raw_z_1500ms_norp_geom_v3.hdf5,696,1734878,1737563,2685,1481,1204,0.5515828677839851,8.0,435.0,250.65496286293046,258.0,12895.0,109065.0,True
Lalor,Lalor_raw_z_1500ms_norp_geom_v3.hdf5,697,1737563,1740248,2685,1553,1132,0.5783985102420857,13.0,438.0,245.11268512556342,247.0,33722.0,130342.0,True
Lalor,Lalor_raw_z_1500ms_norp_geom_v3.hdf5,698,1740248,1742933,2685,947,1738,0.3527001862197393,10.0,431.0,205.0454065469905,203.0,13299.0,108740.0,False
Lalor,Lalor_raw_z_1500ms_norp_geom_v3.hdf5,699,1742933,1745618,2685,1418,1267,0.5281191806331471,23.0,438.0,234.55007052186178,236.5,33937.0,129868.0,True
Lalor,Lalor_raw_z_1500ms_norp_geom_v3.hdf5,700,1745618,1748303,2685,1438,1247,0.5355679702048417,16.0,435.0,245.34770514603616,252.0,13479.0,108256.0,True
Lalor,Lalor_raw_z_1500ms_norp_geom_v3.hdf5,701,1748303,1750988,2685,1749,936,0.6513966480446928,9.0,444.0,250.85420240137222,249.0,14850.0,113733.0,True
Lalor,Lalor_raw_z_1500ms_norp_geom_v3.hdf5,702,1750988,1753673,2685,839,1846,0.31247672253258846,25.0,435.0,186.6865315852205,179.0,34225.0,129458.0,False
Lalor,Lalor_raw_z_1500ms_norp_geom_v3.hdf5,703,1753673,1756358,2685,1712,973,0.6376163873370577,17.0,445.0,256.26518691588785,263.0,34642.0,129120.0,True
Lalor,Lalor_raw_z_1500ms_norp_geom_v3.hdf5,704,1756358,1759043,2685,1636,1049,0.6093109869646183,16.0,435.0,244.11185819070906,241.0,14856.0,113058.0,True
Lalor,Lalor_raw_z_1500ms_norp_geom_v3.hdf5,705,1759043,1761728,2685,1761,924,0.6558659217877095,9.0,440.0,260.1618398637138,270.0,35070.0,128853.0,True
Lalor,Lalor_raw_z_1500ms_norp_geom_v3.hdf5,706,1761728,1764413,2685,1469,1216,0.5471135940409684,25.0,433.0,230.4377127297481,227.0,15073.0,112601.0,True
Lalor,Lalor_raw_z_1500ms_norp_geom_v3.hdf5,707,1764413,1767098,2685,1771,914,0.6595903165735568,13.0,439.0,259.36533032185207,269.0,35355.0,128437.0,True
Lalor,Lalor_raw_z_1500ms_norp_geom_v3.hdf5,708,1767098,1769783,2685,1143,1542,0.42569832402234636,15.0,420.0,205.80752405949255,203.0,15172.0,112004.0,False
Lalor,Lalor_raw_z_1500ms_norp_geom_v3.hdf5,709,1769783,1772468,2685,1773,912,0.6603351955307263,22.0,437.0,259.1646926113931,266.0,35708.0,128095.0,True
Lalor,Lalor_raw_z_1500ms_norp_geom_v3.hdf5,710,1772468,1775153,2685,1622,1063,0.6040968342644321,9.0,438.0,241.88039457459925,240.0,15445.0,111581.0,True
Lalor,Lalor_raw_z_1500ms_norp_geom_v3.hdf5,711,1775153,1777838,2685,1735,950,0.6461824953445066,21.0,435.0,257.13602305475507,264.0,36067.0,127731.0,True
Lalor,Lalor_raw_z_1500ms_norp_geom_v3.hdf5,712,1777838,1780523,2685,1559,1126,0.580633147113594,10.0,433.0,237.4554201411161,238.0,15515.0,110957.0,True
Lalor,Lalor_raw_z_1500ms_norp_geom_v3.hdf5,713,1780523,1783208,2685,1695,990,0.6312849162011173,13.0,441.0,255.18053097345134,266.0,36551.0,127513.0,True
Lalor,Lalor_raw_z_1500ms_norp_geom_v3.hdf5,714,1783208,1785893,2685,948,1737,0.35307262569832404,16.0,459.0,191.5759493670886,182.0,15630.0,110388.0,False
Lalor,Lalor_raw_z_1500ms_norp_geom_v3.hdf5,715,1785893,1788578,2685,1625,1060,0.6052141527001862,8.0,438.0,249.18215384615385,258.0,36714.0,126974.0,True
Lalor,Lalor_raw_z_1500ms_norp_geom_v3.hdf5,716,1788578,1791263,2685,847,1838,0.3154562383612663,22.0,478.0,179.93506493506493,168.0,15805.0,109877.0,False
Lalor,Lalor_raw_z_1500ms_norp_geom_v3.hdf5,717,1791263,1793948,2685,1034,1651,0.3851024208566108,15.0,437.0,204.10058027079305,200.0,36877.0,126453.0,False
Lalor,Lalor_raw_z_1500ms_norp_geom_v3.hdf5,718,1793948,1796633,2685,787,1898,0.2931098696461825,16.0,416.0,177.70775095298603,164.0,15773.0,109174.0,False
Lalor,Lalor_raw_z_1500ms_norp_geom_v3.hdf5,719,1796633,1799318,2685,1516,1169,0.5646182495344506,23.0,441.0,241.9736147757256,248.5,37479.0,126315.0,True
Lalor,Lalor_raw_z_1500ms_norp_geom_v3.hdf5,720,1799318,1802003,2685,1258,1427,0.4685288640595903,20.0,437.0,222.15421303656598,222.0,37641.0,125795.0,False
Lalor,Lalor_raw_z_1500ms_norp_geom_v3.hdf5,721,1802003,1804688,2685,1523,1162,0.5672253258845438,12.0,443.0,240.39724228496388,245.0,38078.0,125522.0,True
Lalor,Lalor_raw_z_1500ms_norp_geom_v3.hdf5,722,1804688,1807373,2685,1658,1027,0.6175046554934823,8.0,440.0,249.47587454764778,258.0,38406.0,125122.0,True
Lalor,Lalor_raw_z_1500ms_norp_geom_v3.hdf5,723,1807373,1810058,2685,733,1952,0.27299813780260707,8.0,421.0,168.7394270122783,153.0,15787.0,108539.0,False
Lalor,Lalor_raw_z_1500ms_norp_geom_v3.hdf5,724,1810058,1812743,2685,829,1856,0.30875232774674116,14.0,435.0,185.63329312424608,182.0,38714.0,124743.0,False
Lalor,Lalor_raw_z_1500ms_norp_geom_v3.hdf5,725,1812743,1815428,2685,664,2021,0.2472998137802607,9.0,401.0,160.12048192771084,145.0,16112.0,107902.0,False
Lalor,Lalor_raw_z_1500ms_norp_geom_v3.hdf5,726,1815428,1818113,2685,719,1966,0.26778398510242085,24.0,354.0,168.37134909596662,167.0,39078.0,124400.0,False
Lalor,Lalor_raw_z_1500ms_norp_geom_v3.hdf5,727,1818113,1820798,2685,405,2280,0.15083798882681565,19.0,307.0,125.43703703703704,122.0,39459.0,124068.0,False
Lalor,Lalor_raw_z_1500ms_norp_geom_v3.hdf5,728,1820798,1823483,2685,1028,1657,0.3828677839851024,17.0,419.0,203.03210116731518,193.0,16409.0,107498.0,False
Lalor,Lalor_raw_z_1500ms_norp_geom_v3.hdf5,729,1823483,1826168,2685,1661,1024,0.6186219739292365,10.0,456.0,250.30764599638772,254.0,39671.0,123542.0,True
Lalor,Lalor_raw_z_1500ms_norp_geom_v3.hdf5,730,1826168,1828853,2685,1758,927,0.6547486033519553,22.0,444.0,251.66894197952217,265.0,16904.0,107246.0,True
Lalor,Lalor_raw_z_1500ms_norp_geom_v3.hdf5,731,1828853,1831538,2685,1688,997,0.6286778398510242,11.0,474.0,254.13862559241707,259.0,40120.0,123307.0,True
Lalor,Lalor_raw_z_1500ms_norp_geom_v3.hdf5,732,1831538,1834223,2685,1665,1020,0.6201117318435754,12.0,449.0,252.2846846846847,256.0,40386.0,122885.0,True
Lalor,Lalor_raw_z_1500ms_norp_geom_v3.hdf5,733,1834223,1836908,2685,1554,1131,0.5787709497206703,22.0,450.0,244.74774774774775,248.5,40733.0,122537.0,True
Lalor,Lalor_raw_z_1500ms_norp_geom_v3.hdf5,734,1836908,1839593,2685,1776,909,0.6614525139664804,17.0,436.0,252.50900900900902,267.5,17151.0,106806.0,True
Lalor,Lalor_raw_z_1500ms_norp_geom_v3.hdf5,735,1839593,1842278,2685,1919,766,0.7147113594040968,9.0,432.0,249.8754559666493,258.0,19532.0,107859.0,True
Lalor,Lalor_raw_z_1500ms_norp_geom_v3.hdf5,736,1842278,1844963,2685,1711,974,0.637243947858473,23.0,441.0,244.75336060783167,246.0,19902.0,107518.0,True
Lalor,Lalor_raw_z_1500ms_norp_geom_v3.hdf5,737,1844963,1847648,2685,1804,881,0.6718808193668528,34.0,449.0,250.57150776053214,253.0,20247.0,107160.0,True
Lalor,Lalor_raw_z_1500ms_norp_geom_v3.hdf5,739,1847648,1850333,2685,1301,1384,0.4845437616387337,31.0,449.0,230.12759415833975,220.0,20560.0,106765.0,False
Lalor,Lalor_raw_z_1500ms_norp_geom_v3.hdf5,740,1850333,1853018,2685,786,1899,0.2927374301675978,11.0,454.0,177.57251908396947,172.0,31999.0,132149.0,False
Lalor,Lalor_raw_z_1500ms_norp_geom_v3.hdf5,741,1853018,1855703,2685,1845,840,0.6871508379888268,24.0,444.0,254.17073170731706,256.0,20813.0,106330.0,True
Lalor,Lalor_raw_z_1500ms_norp_geom_v3.hdf5,742,1855703,1858388,2685,1651,1034,0.6148975791433892,15.0,447.0,242.07874015748033,236.0,21188.0,105992.0,True
Lalor,Lalor_raw_z_1500ms_norp_geom_v3.hdf5,743,1858388,1861073,2685,402,2283,0.14972067039106146,24.0,416.0,140.76616915422886,132.0,21562.0,105651.0,False
Lalor,Lalor_raw_z_1500ms_norp_geom_v3.hdf5,744,1861073,1863758,2685,498,2187,0.18547486033519553,13.0,435.0,195.24096385542168,188.0,7673.0,110171.0,False
Lalor,Lalor_raw_z_1500ms_norp_geom_v3.hdf5,745,1863758,1866443,2685,703,1982,0.2618249534450652,24.0,427.0,164.09246088193456,161.0,21851.0,105246.0,False
Lalor,Lalor_raw_z_1500ms_norp_geom_v3.hdf5,746,1866443,1869128,2685,814,1871,0.3031657355679702,16.0,479.0,179.53194103194105,174.0,22124.0,104812.0,False
Lalor,Lalor_raw_z_1500ms_norp_geom_v3.hdf5,747,1869128,1871813,2685,1121,1564,0.4175046554934823,22.0,443.0,260.54594112399644,262.0,7982.0,109770.0,False
Lalor,Lalor_raw_z_1500ms_norp_geom_v3.hdf5,748,1871813,1874498,2685,1124,1561,0.4186219739292365,10.0,427.0,199.62010676156584,195.5,22561.0,104524.0,False
Lalor,Lalor_raw_z_1500ms_norp_geom_v3.hdf5,749,1874498,1877183,2685,1197,1488,0.44581005586592176,17.0,453.0,262.34168755221384,269.0,8345.0,109439.0,False
Lalor,Lalor_raw_z_1500ms_norp_geom_v3.hdf5,750,1877183,1879868,2685,369,2316,0.13743016759776536,9.0,385.0,167.44444444444446,161.0,8653.0,109045.0,False
Lalor,Lalor_raw_z_1500ms_norp_geom_v3.hdf5,751,1879868,1882553,2685,295,2390,0.10986964618249534,10.0,258.0,116.33559322033898,107.0,22980.0,104234.0,False
Lalor,Lalor_raw_z_1500ms_norp_geom_v3.hdf5,752,1882553,1885238,2685,1087,1598,0.4048417132216015,12.0,446.0,251.30450781968722,257.0,9099.0,108766.0,False
Lalor,Lalor_raw_z_1500ms_norp_geom_v3.hdf5,753,1885238,1887923,2685,1455,1230,0.5418994413407822,18.0,457.0,228.63505154639176,218.0,23224.0,103791.0,True
Lalor,Lalor_raw_z_1500ms_norp_geom_v3.hdf5,754,1887923,1890608,2685,1308,1377,0.4871508379888268,13.0,449.0,263.92201834862385,269.0,9610.0,108552.0,False
Lalor,Lalor_raw_z_1500ms_norp_geom_v3.hdf5,755,1890608,1893293,2685,1681,1004,0.626070763500931,34.0,459.0,248.53182629387268,241.0,23433.0,103282.0,True
Lalor,Lalor_raw_z_1500ms_norp_geom_v3.hdf5,756,1893293,1895978,2685,632,2053,0.23538175046554935,22.0,432.0,194.78164556962025,196.0,9960.0,108195.0,False
Lalor,Lalor_raw_z_1500ms_norp_geom_v3.hdf5,757,1895978,1898663,2685,1726,959,0.6428305400372439,24.0,469.0,248.82560834298957,243.5,23714.0,102869.0,True
Lalor,Lalor_raw_z_1500ms_norp_geom_v3.hdf5,758,1898663,1901348,2685,1171,1514,0.4361266294227188,17.0,435.0,254.0862510674637,261.0,9957.0,107522.0,False
Lalor,Lalor_raw_z_1500ms_norp_geom_v3.hdf5,759,1901348,1904033,2685,1623,1062,0.6044692737430167,16.0,453.0,245.77079482439927,236.0,23918.0,102400.0,True
Lalor,Lalor_raw_z_1500ms_norp_geom_v3.hdf5,760,1904033,1906718,2685,626,2059,0.23314711359404097,9.0,411.0,194.4009584664537,195.0,10218.0,107086.0,False
Lalor,Lalor_raw_z_1500ms_norp_geom_v3.hdf5,761,1906718,1909403,2685,1637,1048,0.609683426443203,17.0,448.0,246.15516188149053,239.0,24430.0,102172.0,True
Lalor,Lalor_raw_z_1500ms_norp_geom_v3.hdf5,762,1909403,1912088,2685,845,1840,0.31471135940409684,11.0,421.0,222.72781065088756,225.0,10561.0,106727.0,False
Lalor,Lalor_raw_z_1500ms_norp_geom_v3.hdf5,763,1912088,1914773,2685,1573,1112,0.5858472998137803,26.0,459.0,240.30387794024156,233.0,24936.0,101962.0,True
Lalor,Lalor_raw_z_1500ms_norp_geom_v3.hdf5,764,1914773,1917458,2685,564,2121,0.2100558659217877,12.0,411.0,183.07978723404256,178.5,10671.0,106162.0,False
Lalor,Lalor_raw_z_1500ms_norp_geom_v3.hdf5,765,1917458,1920143,2685,1657,1028,0.6171322160148975,28.0,449.0,247.53409776704888,243.0,25393.0,101704.0,True
Lalor,Lalor_raw_z_1500ms_norp_geom_v3.hdf5,766,1920143,1922828,2685,415,2270,0.15456238361266295,20.0,375.0,149.73493975903614,151.0,10976.0,105746.0,False
Lalor,Lalor_raw_z_1500ms_norp_geom_v3.hdf5,767,1922828,1925513,2685,1633,1052,0.608193668528864,19.0,463.0,247.69014084507043,246.0,25733.0,101331.0,True
Lalor,Lalor_raw_z_1500ms_norp_geom_v3.hdf5,768,1925513,1928198,2685,1119,1566,0.41675977653631285,19.0,431.0,246.15281501340482,256.0,11381.0,105444.0,False
Lalor,Lalor_raw_z_1500ms_norp_geom_v3.hdf5,769,1928198,1930883,2685,1603,1082,0.5970204841713221,10.0,478.0,250.02932002495322,247.0,26048.0,100952.0,True
Lalor,Lalor_raw_z_1500ms_norp_geom_v3.hdf5,770,1930883,1933568,2685,1290,1395,0.48044692737430167,10.0,445.0,261.06201550387595,279.0,11524.0,104888.0,False
Lalor,Lalor_raw_z_1500ms_norp_geom_v3.hdf5,771,1933568,1936253,2685,1614,1071,0.6011173184357542,12.0,446.0,254.95662949194548,255.0,26302.0,100514.0,True
Lalor,Lalor_raw_z_1500ms_norp_geom_v3.hdf5,772,1936253,1938938,2685,1481,1204,0.5515828677839851,18.0,460.0,244.97164078325457,242.0,26628.0,100120.0,True
Lalor,Lalor_raw_z_1500ms_norp_geom_v3.hdf5,773,1938938,1941623,2685,1511,1174,0.562756052141527,28.0,459.0,249.15023163467902,250.0,26895.0,99690.0,True
Lalor,Lalor_raw_z_1500ms_norp_geom_v3.hdf5,774,1941623,1944308,2685,1533,1152,0.5709497206703911,25.0,459.0,251.48793215916504,254.0,27247.0,99325.0,True
Lalor,Lalor_raw_z_1500ms_norp_geom_v3.hdf5,775,1944308,1946993,2685,1480,1205,0.5512104283054003,16.0,471.0,254.15135135135134,258.0,27568.0,98935.0,True
Lalor,Lalor_raw_z_1500ms_norp_geom_v3.hdf5,776,1946993,1949678,2685,1485,1200,0.553072625698324,18.0,457.0,262.2397306397306,267.0,27921.0,98604.0,True
Lalor,Lalor_raw_z_1500ms_norp_geom_v3.hdf5,777,1949678,1952363,2685,1399,1286,0.5210428305400372,29.0,456.0,253.48534667619728,253.0,28393.0,98347.0,True
Lalor,Lalor_raw_z_1500ms_norp_geom_v3.hdf5,778,1952363,1955048,2685,1344,1341,0.5005586592178771,26.0,460.0,245.72470238095238,248.0,28938.0,98171.0,True
Lalor,Lalor_raw_z_1500ms_norp_geom_v3.hdf5,779,1955048,1957733,2685,1231,1454,0.4584729981378026,21.0,470.0,241.8229082047116,245.0,29423.0,97921.0,False
Lalor,Lalor_raw_z_1500ms_norp_geom_v3.hdf5,780,1957733,1960418,2685,1077,1608,0.4011173184357542,13.0,433.0,231.11606313834727,229.0,29574.0,97392.0,False
Lalor,Lalor_raw_z_1500ms_norp_geom_v3.hdf5,781,1960418,1963103,2685,1284,1401,0.4782122905027933,14.0,439.0,251.42757009345794,261.5,29636.0,96779.0,False
Lalor,Lalor_raw_z_1500ms_norp_geom_v3.hdf5,782,1963103,1965788,2685,1695,990,0.6312849162011173,16.0,656.0,261.89262536873156,261.0,41602.0,122416.0,True
Lalor,Lalor_raw_z_1500ms_norp_geom_v3.hdf5,783,1965788,1968473,2685,1684,1001,0.6271880819366853,12.0,466.0,259.5041567695962,262.0,41777.0,122110.0,True
Lalor,Lalor_raw_z_1500ms_norp_geom_v3.hdf5,784,1968473,1971158,2685,1257,1428,0.4681564245810056,25.0,447.0,258.4932378679395,264.0,29869.0,96314.0,False
Lalor,Lalor_raw_z_1500ms_norp_geom_v3.hdf5,785,1971158,1973843,2685,1659,1026,0.617877094972067,9.0,472.0,256.622061482821,257.0,42114.0,121752.0,True
Lalor,Lalor_raw_z_1500ms_norp_geom_v3.hdf5,786,1973843,1976528,2685,1742,943,0.6487895716945996,8.0,430.0,251.6308840413318,263.0,16972.0,105966.0,True
Lalor,Lalor_raw_z_1500ms_norp_geom_v3.hdf5,787,1976528,1979213,2685,1192,1493,0.4439478584729981,12.0,452.0,212.39429530201343,211.5,42088.0,121057.0,False
Lalor,Lalor_raw_z_1500ms_norp_geom_v3.hdf5,788,1979213,1981898,2685,1099,1586,0.40931098696461826,31.0,453.0,251.4085532302093,254.0,30379.0,96106.0,False
Lalor,Lalor_raw_z_1500ms_norp_geom_v3.hdf5,789,1981898,1984583,2685,1719,966,0.6402234636871509,13.0,432.0,252.00058173356604,263.0,17026.0,105357.0,True
Lalor,Lalor_raw_z_1500ms_norp_geom_v3.hdf5,790,1984583,1987268,2685,1341,1344,0.4994413407821229,21.0,443.0,229.365398956003,223.0,42339.0,120611.0,False
Lalor,Lalor_raw_z_1500ms_norp_geom_v3.hdf5,791,1987268,1989953,2685,1565,1120,0.5828677839851024,17.0,439.0,243.170607028754,248.0,17309.0,104956.0,True
Lalor,Lalor_raw_z_1500ms_norp_geom_v3.hdf5,792,1989953,1992638,2685,1653,1032,0.6156424581005586,24.0,464.0,258.81609195402297,262.0,42703.0,120208.0,True
Lalor,Lalor_raw_z_1500ms_norp_geom_v3.hdf5,793,1992638,1995323,2685,1659,1026,0.617877094972067,26.0,438.0,250.18444846292948,258.0,17562.0,104518.0,True
Lalor,Lalor_raw_z_1500ms_norp_geom_v3.hdf5,794,1995323,1998008,2685,2602,83,0.9690875232774674,16.0,712.0,362.3055342044581,372.0,43107.0,119938.0,True
Lalor,Lalor_raw_z_1500ms_norp_geom_v3.hdf5,795,1998008,2000693,2685,2504,181,0.9325884543761639,11.0,717.0,360.758785942492,369.0,43430.0,119569.0,True
Lalor,Lalor_raw_z_1500ms_norp_geom_v3.hdf5,796,2000693,2003378,2685,1105,1580,0.41154562383612664,19.0,446.0,216.92669683257918,204.0,43755.0,119196.0,False
Lalor,Lalor_raw_z_1500ms_norp_geom_v3.hdf5,798,2003378,2006063,2685,2517,168,0.9374301675977653,15.0,714.0,350.96384584823204,347.0,17584.0,103875.0,True
Lalor,Lalor_raw_z_1500ms_norp_geom_v3.hdf5,799,2006063,2008748,2685,1410,1275,0.5251396648044693,25.0,452.0,244.95886524822694,245.0,44167.0,118899.0,True
Lalor,Lalor_raw_z_1500ms_norp_geom_v3.hdf5,800,2008748,2011433,2685,1628,1057,0.6063314711359404,10.0,438.0,251.38390663390663,258.0,17808.0,103413.0,True
Lalor,Lalor_raw_z_1500ms_norp_geom_v3.hdf5,801,2011433,2014118,2685,538,2147,0.20037243947858474,21.0,415.0,146.25092936802974,138.0,44706.0,118688.0,False
Lalor,Lalor_raw_z_1500ms_norp_geom_v3.hdf5,802,2014118,2016803,2685,2533,152,0.943389199255121,11.0,723.0,351.997236478484,352.0,18242.0,103124.0,True
Lalor,Lalor_raw_z_1500ms_norp_geom_v3.hdf5,803,2016803,2019488,2685,547,2138,0.2037243947858473,13.0,387.0,143.80438756855577,141.0,44771.0,118070.0,False
Lalor,Lalor_raw_z_1500ms_norp_geom_v3.hdf5,804,2019488,2022173,2685,2359,326,0.878584729981378,8.0,742.0,367.21788893598983,377.0,45152.0,117745.0,True
Lalor,Lalor_raw_z_1500ms_norp_geom_v3.hdf5,805,2022173,2024858,2685,1633,1052,0.608193668528864,17.0,437.0,250.7078995713411,251.0,18689.0,102852.0,True
Lalor,Lalor_raw_z_1500ms_norp_geom_v3.hdf5,806,2024858,2027543,2685,2391,294,0.8905027932960894,15.0,753.0,372.48306148055207,384.0,45610.0,117474.0,True
Lalor,Lalor_raw_z_1500ms_norp_geom_v3.hdf5,807,2027543,2030228,2685,1670,1015,0.6219739292364991,28.0,442.0,257.1377245508982,256.0,19240.0,102658.0,True
Lalor,Lalor_raw_z_1500ms_norp_geom_v3.hdf5,808,2030228,2032913,2685,2451,234,0.9128491620111732,28.0,764.0,385.8090575275398,404.0,45969.0,117150.0,True
Lalor,Lalor_raw_z_1500ms_norp_geom_v3.hdf5,809,2032913,2035598,2685,1646,1039,0.6130353817504656,16.0,441.0,250.83961117861483,251.5,19636.0,102334.0,True
Lalor,Lalor_raw_z_1500ms_norp_geom_v3.hdf5,810,2035598,2038283,2685,1135,1550,0.4227188081936685,22.0,449.0,229.01409691629956,225.0,46307.0,116783.0,False
Lalor,Lalor_raw_z_1500ms_norp_geom_v3.hdf5,811,2038283,2040968,2685,1552,1133,0.5780260707635009,9.0,444.0,245.23002577319588,243.0,19985.0,101976.0,True
Lalor,Lalor_raw_z_1500ms_norp_geom_v3.hdf5,812,2040968,2043653,2685,956,1729,0.3560521415270019,15.0,457.0,216.69246861924685,212.0,46758.0,116490.0,False
Lalor,Lalor_raw_z_1500ms_norp_geom_v3.hdf5,813,2043653,2046338,2685,1470,1215,0.547486033519553,10.0,448.0,239.38163265306122,233.0,20338.0,101617.0,True
Lalor,Lalor_raw_z_1500ms_norp_geom_v3.hdf5,814,2046338,2049023,2685,2326,359,0.8662942271880819,17.0,762.0,380.56190885640586,399.0,46784.0,115873.0,True
Lalor,Lalor_raw_z_1500ms_norp_geom_v3.hdf5,815,2049023,2051708,2685,295,2390,0.10986964618249534,17.0,237.0,100.45762711864407,100.0,20646.0,101212.0,False
Lalor,Lalor_raw_z_1500ms_norp_geom_v3.hdf5,816,2051708,2054393,2685,2499,186,0.9307262569832402,18.0,767.0,391.02000800320127,413.0,46790.0,115199.0,True
Lalor,Lalor_raw_z_1500ms_norp_geom_v3.hdf5,817,2054393,2057078,2685,1457,1228,0.5426443202979516,22.0,460.0,240.3232669869595,239.0,20841.0,100748.0,True
Lalor,Lalor_raw_z_1500ms_norp_geom_v3.hdf5,818,2057078,2059763,2685,896,1789,0.33370577281191804,14.0,424.0,191.328125,179.0,21153.0,100344.0,False
Lalor,Lalor_raw_z_1500ms_norp_geom_v3.hdf5,819,2059763,2062448,2685,1224,1461,0.4558659217877095,31.0,458.0,251.49346405228758,256.0,47533.0,115188.0,False
Lalor,Lalor_raw_z_1500ms_norp_geom_v3.hdf5,820,2062448,2065133,2685,657,2028,0.2446927374301676,9.0,424.0,171.66362252663623,153.0,21531.0,100018.0,False
Lalor,Lalor_raw_z_1500ms_norp_geom_v3.hdf5,821,2065133,2067818,2685,2599,86,0.9679702048417133,32.0,790.0,414.2835706040785,437.0,47796.0,114755.0,True
Lalor,Lalor_raw_z_1500ms_norp_geom_v3.hdf5,822,2067818,2070503,2685,2605,80,0.9702048417132216,25.0,798.0,422.8222648752399,446.0,48083.0,114338.0,True
Lalor,Lalor_raw_z_1500ms_norp_geom_v3.hdf5,823,2070503,2073188,2685,2369,316,0.8823091247672253,9.0,806.0,414.5690164626425,425.0,48442.0,113994.0,True
Lalor,Lalor_raw_z_1500ms_norp_geom_v3.hdf5,824,2073188,2075873,2685,1840,845,0.6852886405959032,17.0,796.0,367.74347826086955,368.0,48770.0,113607.0,True
Lalor,Lalor_raw_z_1500ms_norp_geom_v3.hdf5,825,2075873,2078558,2685,2197,488,0.8182495344506517,29.0,815.0,413.23213472917615,418.0,49155.0,113297.0,True
Lalor,Lalor_raw_z_1500ms_norp_geom_v3.hdf5,826,2078558,2081243,2685,1256,1429,0.46778398510242086,18.0,455.0,261.59315286624206,270.0,30654.0,95679.0,False
Lalor,Lalor_raw_z_1500ms_norp_geom_v3.hdf5,827,2081243,2083928,2685,1133,1552,0.42197392923649907,26.0,452.0,268.30891438658426,278.0,49495.0,112901.0,False
Lalor,Lalor_raw_z_1500ms_norp_geom_v3.hdf5,828,2083928,2086613,2685,880,1805,0.32774674115456237,12.0,447.0,240.3318181818182,245.5,49809.0,112514.0,False
Lalor,Lalor_raw_z_1500ms_norp_geom_v3.hdf5,829,2086613,2089298,2685,986,1699,0.36722532588454376,12.0,422.0,202.91987829614604,184.0,21997.0,99749.0,False
Lalor,Lalor_raw_z_1500ms_norp_geom_v3.hdf5,830,2089298,2091983,2685,1207,1478,0.4495344506517691,9.0,443.0,258.9212924606462,268.0,30983.0,95282.0,False
Lalor,Lalor_raw_z_1500ms_norp_geom_v3.hdf5,831,2091983,2094668,2685,1288,1397,0.4797020484171322,21.0,443.0,261.3144409937888,267.5,33540.0,97839.0,False
Lalor,Lalor_raw_z_1500ms_norp_geom_v3.hdf5,832,2094668,2097353,2685,1364,1321,0.5080074487895717,28.0,440.0,262.7448680351906,270.5,32873.0,97936.0,True
Lalor,Lalor_raw_z_1500ms_norp_geom_v3.hdf5,833,2097353,2100038,2685,1413,1272,0.5262569832402234,23.0,447.0,259.5923566878981,268.0,32770.0,98487.0,True
Lalor,Lalor_raw_z_1500ms_norp_geom_v3.hdf5,834,2100038,2102723,2685,1139,1546,0.42420856610800745,16.0,440.0,236.67778753292362,236.0,32351.0,98795.0,False
Lalor,Lalor_raw_z_1500ms_norp_geom_v3.hdf5,835,2102723,2105408,2685,1450,1235,0.5400372439478585,10.0,436.0,254.74275862068964,261.0,32002.0,99165.0,True
Lalor,Lalor_raw_z_1500ms_norp_geom_v3.hdf5,836,2105408,2108093,2685,1484,1201,0.5527001862197393,13.0,474.0,254.39016172506737,260.0,31685.0,99538.0,True
Lalor,Lalor_raw_z_1500ms_norp_geom_v3.hdf5,837,2108093,2110778,2685,1436,1249,0.5348230912476722,20.0,454.0,249.266713091922,254.0,31465.0,100006.0,True
Lalor,Lalor_raw_z_1500ms_norp_geom_v3.hdf5,838,2110778,2113463,2685,1494,1191,0.5564245810055866,24.0,434.0,250.70883534136547,253.0,31206.0,100436.0,True
Lalor,Lalor_raw_z_1500ms_norp_geom_v3.hdf5,839,2113463,2116148,2685,1531,1154,0.5702048417132216,14.0,443.0,248.6420640104507,250.0,30805.0,100759.0,True
Lalor,Lalor_raw_z_1500ms_norp_geom_v3.hdf5,840,2116148,2118833,2685,1586,1099,0.5906890130353818,11.0,440.0,253.07440100882724,255.5,30467.0,101129.0,True
Lalor,Lalor_raw_z_1500ms_norp_geom_v3.hdf5,841,2118833,2121518,2685,1593,1092,0.5932960893854748,17.0,475.0,251.44758317639673,252.0,30197.0,101547.0,True
Lalor,Lalor_raw_z_1500ms_norp_geom_v3.hdf5,842,2121518,2124203,2685,1414,1271,0.5266294227188082,25.0,432.0,237.74681753889675,234.0,29848.0,101899.0,True
Lalor,Lalor_raw_z_1500ms_norp_geom_v3.hdf5,843,2124203,2126888,2685,1496,1189,0.557169459962756,28.0,464.0,242.6383689839572,238.0,29476.0,102249.0,True
Lalor,Lalor_raw_z_1500ms_norp_geom_v3.hdf5,844,2126888,2129573,2685,1244,1441,0.4633147113594041,25.0,450.0,227.65192926045017,220.0,29042.0,102551.0,False
Lalor,Lalor_raw_z_1500ms_norp_geom_v3.hdf5,845,2129573,2132258,2685,1298,1387,0.4834264432029795,9.0,450.0,229.3543913713405,221.5,28532.0,102813.0,False
Lalor,Lalor_raw_z_1500ms_norp_geom_v3.hdf5,846,2132258,2134943,2685,1578,1107,0.587709497206704,14.0,475.0,240.20659062103928,233.0,27832.0,102923.0,True
Lalor,Lalor_raw_z_1500ms_norp_geom_v3.hdf5,847,2134943,2137628,2685,539,2146,0.20074487895716947,22.0,406.0,147.9239332096475,145.0,27051.0,102979.0,False
Lalor,Lalor_raw_z_1500ms_norp_geom_v3.hdf5,848,2137628,2140313,2685,1608,1077,0.5988826815642458,21.0,452.0,237.2325870646766,232.0,26787.0,103263.0,True
Lalor,Lalor_raw_z_1500ms_norp_geom_v3.hdf5,849,2140313,2142998,2685,479,2206,0.17839851024208567,12.0,364.0,140.7891440501044,142.0,26251.0,103564.0,False
Lalor,Lalor_raw_z_1500ms_norp_geom_v3.hdf5,850,2142998,2145683,2685,498,2187,0.18547486033519553,9.0,400.0,142.51807228915663,141.0,25784.0,103830.0,False
Lalor,Lalor_raw_z_1500ms_norp_geom_v3.hdf5,851,2145683,2148368,2685,897,1788,0.3340782122905028,11.0,433.0,186.9788182831661,177.0,25499.0,104207.0,False
Lalor,Lalor_raw_z_1500ms_norp_geom_v3.hdf5,852,2148368,2151053,2685,786,1899,0.2927374301675978,27.0,439.0,196.90966921119593,173.0,22331.0,99384.0,False
Lalor,Lalor_raw_z_1500ms_norp_geom_v3.hdf5,853,2151053,2153738,2685,727,1958,0.2707635009310987,19.0,416.0,172.8445667125172,167.0,25335.0,104706.0,False
Lalor,Lalor_raw_z_1500ms_norp_geom_v3.hdf5,854,2153738,2156423,2685,1445,1240,0.5381750465549349,34.0,459.0,248.1771626297578,249.0,22623.0,98971.0,True
Lalor,Lalor_raw_z_1500ms_norp_geom_v3.hdf5,855,2156423,2159108,2685,1444,1241,0.5378026070763501,32.0,468.0,252.3663434903047,254.0,22993.0,98628.0,True
Lalor,Lalor_raw_z_1500ms_norp_geom_v3.hdf5,856,2159108,2161793,2685,1395,1290,0.5195530726256983,11.0,472.0,253.18351254480288,258.0,23240.0,98177.0,True
Lalor,Lalor_raw_z_1500ms_norp_geom_v3.hdf5,857,2161793,2164478,2685,1316,1369,0.49013035381750464,23.0,444.0,246.37537993920972,247.0,23661.0,97879.0,False
Lalor,Lalor_raw_z_1500ms_norp_geom_v3.hdf5,858,2164478,2167163,2685,1329,1356,0.4949720670391061,33.0,451.0,249.58841234010535,254.0,23975.0,97490.0,False
Lalor,Lalor_raw_z_1500ms_norp_geom_v3.hdf5,859,2167163,2169848,2685,1467,1218,0.5463687150837989,19.0,433.0,223.47034764826176,216.0,25044.0,105158.0,True
Lalor,Lalor_raw_z_1500ms_norp_geom_v3.hdf5,860,2169848,2172533,2685,1320,1365,0.49162011173184356,41.0,461.0,253.1651515151515,259.0,24314.0,97137.0,False
Lalor,Lalor_raw_z_1500ms_norp_geom_v3.hdf5,861,2172533,2175218,2685,1295,1390,0.4823091247672253,31.0,473.0,256.8247104247104,263.0,24704.0,96795.0,False
Lalor,Lalor_raw_z_1500ms_norp_geom_v3.hdf5,862,2175218,2177903,2685,1208,1477,0.44990689013035384,13.0,465.0,249.8998344370861,255.0,25067.0,96456.0,False
Lalor,Lalor_raw_z_1500ms_norp_geom_v3.hdf5,863,2177903,2180588,2685,1727,958,0.6432029795158287,11.0,440.0,237.1557614360162,232.0,24628.0,105476.0,True
Lalor,Lalor_raw_z_1500ms_norp_geom_v3.hdf5,864,2180588,2183273,2685,1205,1480,0.44878957169459965,36.0,474.0,249.87385892116183,252.0,25637.0,96281.0,False
Lalor,Lalor_raw_z_1500ms_norp_geom_v3.hdf5,865,2183273,2185958,2685,1232,1453,0.45884543761638735,35.0,437.0,248.2702922077922,254.0,26046.0,95974.0,False
Lalor,Lalor_raw_z_1500ms_norp_geom_v3.hdf5,866,2185958,2188643,2685,2214,471,0.8245810055865922,17.0,446.0,258.69376693766935,262.0,26398.0,122378.0,True
Lalor,Lalor_raw_z_1500ms_norp_geom_v3.hdf5,867,2188643,2191328,2685,1823,862,0.6789571694599628,9.0,450.0,243.33845309928688,238.0,24316.0,105834.0,True
Lalor,Lalor_raw_z_1500ms_norp_geom_v3.hdf5,868,2191328,2194013,2685,1230,1455,0.4581005586592179,21.0,424.0,247.83414634146342,257.0,26005.0,95289.0,False
Lalor,Lalor_raw_z_1500ms_norp_geom_v3.hdf5,869,2194013,2196698,2685,2039,646,0.7594040968342645,23.0,452.0,250.8989700833742,253.0,25910.0,122605.0,True
Lalor,Lalor_raw_z_1500ms_norp_geom_v3.hdf5,871,2196698,2199383,2685,1960,725,0.7299813780260708,14.0,452.0,249.56326530612245,251.0,25593.0,122995.0,True
Lalor,Lalor_raw_z_1500ms_norp_geom_v3.hdf5,873,2199383,2202068,2685,1598,1087,0.5951582867783985,12.0,434.0,231.04192740926158,226.0,24035.0,106240.0,True
Lalor,Lalor_raw_z_1500ms_norp_geom_v3.hdf5,874,2202068,2204753,2685,1055,1630,0.3929236499068901,12.0,427.0,237.02748815165876,239.0,26271.0,94865.0,False
Lalor,Lalor_raw_z_1500ms_norp_geom_v3.hdf5,875,2204753,2207438,2685,562,2123,0.20931098696461825,9.0,398.0,151.65480427046262,143.0,25277.0,123354.0,False
Lalor,Lalor_raw_z_1500ms_norp_geom_v3.hdf5,876,2207438,2210123,2685,1086,1599,0.4044692737430168,7.0,434.0,245.27532228360957,251.5,26559.0,94448.0,False
Lalor,Lalor_raw_z_1500ms_norp_geom_v3.hdf5,877,2210123,2212808,2685,1109,1576,0.41303538175046556,11.0,423.0,248.4165915238954,259.0,26842.0,94023.0,False
Lalor,Lalor_raw_z_1500ms_norp_geom_v3.hdf5,878,2212808,2215493,2685,877,1808,0.3266294227188082,9.0,433.0,183.26339794754847,182.0,24895.0,123721.0,False
Lalor,Lalor_raw_z_1500ms_norp_geom_v3.hdf5,879,2215493,2218178,2685,1088,1597,0.40521415270018624,20.0,422.0,251.30698529411765,260.5,27095.0,93582.0,False
Lalor,Lalor_raw_z_1500ms_norp_geom_v3.hdf5,880,2218178,2220863,2685,1764,921,0.6569832402234637,18.0,459.0,242.96315192743765,244.0,24475.0,124010.0,True
Lalor,Lalor_raw_z_1500ms_norp_geom_v3.hdf5,881,2220863,2223548,2685,1010,1675,0.3761638733705773,22.0,431.0,251.1891089108911,261.5,27371.0,93160.0,False
Lalor,Lalor_raw_z_1500ms_norp_geom_v3.hdf5,882,2223548,2226233,2685,988,1697,0.3679702048417132,13.0,431.0,251.90991902834008,260.5,27631.0,92719.0,False
Lalor,Lalor_raw_z_1500ms_norp_geom_v3.hdf5,883,2226233,2228918,2685,1212,1473,0.45139664804469276,9.0,460.0,253.23762376237624,257.0,19758.0,134788.0,False
Lalor,Lalor_raw_z_1500ms_norp_geom_v3.hdf5,884,2228918,2231603,2685,970,1715,0.3612662942271881,9.0,429.0,254.42371134020618,264.0,27784.0,92394.0,False
Lalor,Lalor_raw_z_1500ms_norp_geom_v3.hdf5,885,2231603,2234288,2685,1388,1297,0.5169459962756052,19.0,453.0,266.6974063400576,270.0,20127.0,134455.0,True
Lalor,Lalor_raw_z_1500ms_norp_geom_v3.hdf5,886,2234288,2236973,2685,1365,1320,0.5083798882681564,27.0,454.0,260.84322344322345,262.0,20453.0,134077.0,True
Lalor,Lalor_raw_z_1500ms_norp_geom_v3.hdf5,887,2236973,2239658,2685,1999,686,0.7445065176908753,20.0,449.0,250.4952476238119,246.0,24234.0,107011.0,True
Lalor,Lalor_raw_z_1500ms_norp_geom_v3.hdf5,888,2239658,2242343,2685,1699,986,0.6327746741154563,19.0,459.0,240.83343143025309,242.0,24096.0,124345.0,True
Lalor,Lalor_raw_z_1500ms_norp_geom_v3.hdf5,889,2242343,2245028,2685,964,1721,0.3590316573556797,30.0,446.0,227.76970954356847,225.0,20804.0,133714.0,False
Lalor,Lalor_raw_z_1500ms_norp_geom_v3.hdf5,890,2245028,2247713,2685,1165,1520,0.4338919925512104,14.0,434.0,235.16824034334763,237.0,21123.0,133313.0,False
Lalor,Lalor_raw_z_1500ms_norp_geom_v3.hdf5,891,2247713,2250398,2685,1170,1515,0.43575418994413406,24.0,467.0,245.2051282051282,242.5,21453.0,132946.0,False
Lalor,Lalor_raw_z_1500ms_norp_geom_v3.hdf5,892,2250398,2253083,2685,1175,1510,0.4376163873370577,38.0,467.0,240.91489361702128,234.0,21797.0,132581.0,False
Lalor,Lalor_raw_z_1500ms_norp_geom_v3.hdf5,893,2253083,2255768,2685,1519,1166,0.5657355679702049,12.0,451.0,229.57537853851218,226.0,23738.0,124677.0,True
Lalor,Lalor_raw_z_1500ms_norp_geom_v3.hdf5,894,2255768,2258453,2685,998,1687,0.3716945996275605,46.0,459.0,226.85771543086173,223.0,22144.0,132227.0,False
Lalor,Lalor_raw_z_1500ms_norp_geom_v3.hdf5,895,2258453,2261138,2685,1456,1229,0.5422718808193668,41.0,473.0,262.9635989010989,262.0,22431.0,131809.0,True
Lalor,Lalor_raw_z_1500ms_norp_geom_v3.hdf5,896,2261138,2263823,2685,1497,1188,0.5575418994413408,9.0,453.0,225.62725450901803,225.0,23560.0,125203.0,True
Lalor,Lalor_raw_z_1500ms_norp_geom_v3.hdf5,897,2263823,2266508,2685,1371,1314,0.5106145251396648,16.0,468.0,257.18380743982493,255.0,22810.0,131479.0,True
Lalor,Lalor_raw_z_1500ms_norp_geom_v3.hdf5,898,2266508,2269193,2685,1807,878,0.6729981378026071,9.0,444.0,244.59214167127837,246.0,23285.0,125634.0,True
Lalor,Lalor_raw_z_1500ms_norp_geom_v3.hdf5,899,2269193,2271878,2685,1277,1408,0.4756052141527002,20.0,464.0,244.47924823805795,240.0,23114.0,131081.0,False
Lalor,Lalor_raw_z_1500ms_norp_geom_v3.hdf5,900,2271878,2274563,2685,1943,742,0.7236499068901303,23.0,455.0,257.5146680391148,262.0,22966.0,126008.0,True
Lalor,Lalor_raw_z_1500ms_norp_geom_v3.hdf5,901,2274563,2277248,2685,1560,1125,0.5810055865921788,34.0,465.0,256.2576923076923,257.0,23486.0,130743.0,True
Lalor,Lalor_raw_z_1500ms_norp_geom_v3.hdf5,902,2277248,2279933,2685,1715,970,0.638733705772812,26.0,460.0,262.3655976676385,261.0,23810.0,130375.0,True
Lalor,Lalor_raw_z_1500ms_norp_geom_v3.hdf5,903,2279933,2282618,2685,1843,842,0.6864059590316574,30.0,459.0,252.91318502441672,258.0,22610.0,126354.0,True
Lalor,Lalor_raw_z_1500ms_norp_geom_v3.hdf5,904,2282618,2285303,2685,1820,865,0.6778398510242085,26.0,457.0,255.06263736263736,261.0,22239.0,126692.0,True
Lalor,Lalor_raw_z_1500ms_norp_geom_v3.hdf5,905,2285303,2287988,2685,1783,902,0.6640595903165736,11.0,459.0,255.46326416152553,261.0,21917.0,127081.0,True
Lalor,Lalor_raw_z_1500ms_norp_geom_v3.hdf5,906,2287988,2290673,2685,1694,991,0.6309124767225326,11.0,450.0,253.12042502951593,251.0,24159.0,130002.0,True
Lalor,Lalor_raw_z_1500ms_norp_geom_v3.hdf5,907,2290673,2293358,2685,1754,931,0.6532588454376164,13.0,452.0,249.1163055872292,255.0,21577.0,127462.0,True
Lalor,Lalor_raw_z_1500ms_norp_geom_v3.hdf5,908,2293358,2296043,2685,1712,973,0.6376163873370577,10.0,446.0,251.1571261682243,248.0,24437.0,129649.0,True
Lalor,Lalor_raw_z_1500ms_norp_geom_v3.hdf5,909,2296043,2298728,2685,1755,930,0.6536312849162011,27.0,455.0,255.45185185185184,261.0,21228.0,127814.0,True
Lalor,Lalor_raw_z_1500ms_norp_geom_v3.hdf5,910,2298728,2301413,2685,1594,1091,0.5936685288640596,21.0,448.0,241.9962358845671,248.0,20853.0,128140.0,True
Lalor,Lalor_raw_z_1500ms_norp_geom_v3.hdf5,911,2301413,2304098,2685,1517,1168,0.5649906890130354,12.0,449.0,238.2663150955834,241.0,20530.0,128531.0,True
Lalor,Lalor_raw_z_1500ms_norp_geom_v3.hdf5,912,2304098,2306783,2685,1236,1449,0.46033519553072627,12.0,462.0,216.20145631067962,213.0,24825.0,129260.0,False
Lalor,Lalor_raw_z_1500ms_norp_geom_v3.hdf5,913,2306783,2309468,2685,1258,1427,0.4685288640595903,9.0,453.0,221.08505564387917,223.0,20189.0,128899.0,False
Lalor,Lalor_raw_z_1500ms_norp_geom_v3.hdf5,914,2309468,2312153,2685,1788,897,0.6659217877094972,21.0,457.0,252.3920581655481,249.0,25172.0,128907.0,True
Lalor,Lalor_raw_z_1500ms_norp_geom_v3.hdf5,915,2312153,2314838,2685,1705,980,0.6350093109869647,30.0,454.0,244.19706744868034,240.0,25479.0,128497.0,True
Lalor,Lalor_raw_z_1500ms_norp_geom_v3.hdf5,916,2314838,2317523,2685,1559,1126,0.580633147113594,10.0,456.0,248.1494547787043,253.0,19945.0,129343.0,True
Lalor,Lalor_raw_z_1500ms_norp_geom_v3.hdf5,917,2317523,2320208,2685,1510,1175,0.5623836126629422,17.0,456.0,245.45761589403975,249.0,19597.0,129717.0,True
Lalor,Lalor_raw_z_1500ms_norp_geom_v3.hdf5,918,2320208,2322893,2685,1539,1146,0.5731843575418994,20.0,457.0,255.33528265107213,260.0,19236.0,130058.0,True
Lalor,Lalor_raw_z_1500ms_norp_geom_v3.hdf5,919,2322893,2325578,2685,1804,881,0.6718808193668528,21.0,455.0,248.6951219512195,243.0,25815.0,128137.0,True
Lalor,Lalor_raw_z_1500ms_norp_geom_v3.hdf5,920,2325578,2328263,2685,1367,1318,0.5091247672253258,10.0,446.0,240.96269202633505,248.0,18932.0,130444.0,True
Lalor,Lalor_raw_z_1500ms_norp_geom_v3.hdf5,921,2328263,2330948,2685,1892,793,0.7046554934823092,13.0,456.0,255.21934460887948,250.0,26153.0,127759.0,True
Lalor,Lalor_raw_z_1500ms_norp_geom_v3.hdf5,922,2330948,2333633,2685,1903,782,0.7087523277467411,16.0,451.0,253.55964266946927,247.0,26437.0,127353.0,True
Lalor,Lalor_raw_z_1500ms_norp_geom_v3.hdf5,923,2333633,2336318,2685,1434,1251,0.5340782122905028,10.0,448.0,248.94979079497907,259.0,18482.0,130721.0,True
Lalor,Lalor_raw_z_1500ms_norp_geom_v3.hdf5,924,2336318,2339003,2685,1944,741,0.7240223463687151,25.0,470.0,255.21913580246914,251.0,26762.0,126966.0,True
Lalor,Lalor_raw_z_1500ms_norp_geom_v3.hdf5,925,2339003,2341688,2685,1401,1284,0.5217877094972067,13.0,450.0,251.49250535331905,260.0,18357.0,131287.0,True
Lalor,Lalor_raw_z_1500ms_norp_geom_v3.hdf5,926,2341688,2344373,2685,1963,722,0.7310986964618249,34.0,460.0,259.37646459500763,254.0,27151.0,126640.0,True
Lalor,Lalor_raw_z_1500ms_norp_geom_v3.hdf5,927,2344373,2347058,2685,2024,661,0.7538175046554935,26.0,461.0,260.9486166007905,256.0,27507.0,126303.0,True
Lalor,Lalor_raw_z_1500ms_norp_geom_v3.hdf5,928,2347058,2349743,2685,1441,1244,0.536685288640596,21.0,451.0,260.469812630118,269.0,18205.0,131825.0,True
Lalor,Lalor_raw_z_1500ms_norp_geom_v3.hdf5,930,2349743,2352428,2685,1466,1219,0.5459962756052141,22.0,447.0,264.8867667121419,276.0,17921.0,132229.0,True
Lalor,Lalor_raw_z_1500ms_norp_geom_v3.hdf5,931,2352428,2355113,2685,1618,1067,0.6026070763500931,10.0,466.0,243.30407911001237,241.0,27835.0,125919.0,True
Lalor,Lalor_raw_z_1500ms_norp_geom_v3.hdf5,932,2355113,2357798,2685,1447,1238,0.5389199255121043,17.0,452.0,270.44436765722185,282.0,17420.0,132463.0,True
Lalor,Lalor_raw_z_1500ms_norp_geom_v3.hdf5,933,2357798,2360483,2685,2011,674,0.748975791433892,18.0,461.0,257.289905519642,254.0,28143.0,125533.0,True
Lalor,Lalor_raw_z_1500ms_norp_geom_v3.hdf5,934,2360483,2363168,2685,2024,661,0.7538175046554935,27.0,466.0,258.32065217391306,257.0,28493.0,125171.0,True
Lalor,Lalor_raw_z_1500ms_norp_geom_v3.hdf5,935,2363168,2365853,2685,1407,1278,0.524022346368715,10.0,451.0,270.66595593461267,280.0,16927.0,132671.0,True
Lalor,Lalor_raw_z_1500ms_norp_geom_v3.hdf5,936,2365853,2368538,2685,1875,810,0.6983240223463687,29.0,469.0,252.4512,253.0,28818.0,124792.0,True
Lalor,Lalor_raw_z_1500ms_norp_geom_v3.hdf5,937,2368538,2371223,2685,2032,653,0.7567970204841713,26.0,445.0,249.46899606299212,250.0,25775.0,108844.0,True
Lalor,Lalor_raw_z_1500ms_norp_geom_v3.hdf5,938,2371223,2373908,2685,2157,528,0.8033519553072626,17.0,471.0,260.88827074640704,264.0,29229.0,124488.0,True
Lalor,Lalor_raw_z_1500ms_norp_geom_v3.hdf5,939,2373908,2376593,2685,1794,891,0.6681564245810055,9.0,473.0,243.7547380156076,245.0,29436.0,123992.0,True
Lalor,Lalor_raw_z_1500ms_norp_geom_v3.hdf5,940,2376593,2379278,2685,1505,1180,0.5605214152700186,10.0,447.0,225.74418604651163,223.0,29839.0,123680.0,True
Lalor,Lalor_raw_z_1500ms_norp_geom_v3.hdf5,941,2379278,2381963,2685,2058,627,0.7664804469273743,13.0,479.0,253.64577259475217,257.0,30218.0,123342.0,True
Lalor,Lalor_raw_z_1500ms_norp_geom_v3.hdf5,942,2381963,2384648,2685,1960,725,0.7299813780260708,18.0,438.0,247.9387755102041,250.0,25510.0,109265.0,True
Lalor,Lalor_raw_z_1500ms_norp_geom_v3.hdf5,943,2384648,2387333,2685,1793,892,0.6677839851024209,10.0,434.0,239.3898494143893,242.0,24818.0,109327.0,True
Lalor,Lalor_raw_z_1500ms_norp_geom_v3.hdf5,944,2387333,2390018,2685,1804,881,0.6718808193668528,11.0,434.0,239.49778270509978,242.0,23951.0,109302.0,True
Lalor,Lalor_raw_z_1500ms_norp_geom_v3.hdf5,945,2390018,2392703,2685,1124,1561,0.4186219739292365,20.0,429.0,199.9341637010676,200.0,23422.0,109591.0,False
Lalor,Lalor_raw_z_1500ms_norp_geom_v3.hdf5,946,2392703,2395388,2685,864,1821,0.3217877094972067,20.0,397.0,181.43402777777777,183.0,22779.0,109742.0,False
Lalor,Lalor_raw_z_1500ms_norp_geom_v3.hdf5,947,2395388,2398073,2685,1850,835,0.6890130353817505,11.0,437.0,240.92054054054054,242.5,22025.0,109804.0,True
Lalor,Lalor_raw_z_1500ms_norp_geom_v3.hdf5,948,2398073,2400758,2685,678,2007,0.25251396648044694,14.0,322.0,155.05752212389382,155.0,21321.0,109900.0,False
Lalor,Lalor_raw_z_1500ms_norp_geom_v3.hdf5,949,2400758,2403443,2685,1285,1400,0.478584729981378,9.0,431.0,209.26303501945526,208.0,20952.0,110043.0,False
Lalor,Lalor_raw_z_1500ms_norp_geom_v3.hdf5,950,2403443,2406128,2685,1578,1107,0.587709497206704,24.0,437.0,231.5297845373891,229.5,20260.0,110091.0,True
Lalor,Lalor_raw_z_1500ms_norp_geom_v3.hdf5,951,2406128,2408813,2685,2017,668,0.7512104283054004,23.0,441.0,251.49231531978185,256.0,19658.0,110221.0,True
Lalor,Lalor_raw_z_1500ms_norp_geom_v3.hdf5,952,2408813,2411498,2685,1467,1218,0.5463687150837989,13.0,432.0,220.06543967280163,220.0,19104.0,110398.0,True
Lalor,Lalor_raw_z_1500ms_norp_geom_v3.hdf5,954,2411498,2414183,2685,526,2159,0.19590316573556796,8.0,327.0,140.09505703422053,135.5,18798.0,110551.0,False
Lalor,Lalor_raw_z_1500ms_norp_geom_v3.hdf5,955,2414183,2416868,2685,1039,1646,0.38696461824953443,15.0,424.0,197.3089509143407,191.0,18841.0,109921.0,False
Lalor,Lalor_raw_z_1500ms_norp_geom_v3.hdf5,956,2416868,2419553,2685,1239,1446,0.46145251396648046,23.0,430.0,211.39870863599677,206.0,19153.0,109551.0,False
Lalor,Lalor_raw_z_1500ms_norp_geom_v3.hdf5,957,2419553,2422238,2685,1872,813,0.6972067039106146,17.0,437.0,246.09989316239316,253.0,19283.0,108317.0,True
Lalor,Lalor_raw_z_1500ms_norp_geom_v3.hdf5,958,2422238,2424923,2685,1796,889,0.668901303538175,10.0,432.0,243.07683741648106,249.0,19090.0,108819.0,True
Sudbury,preprocessed_Sudbury3D.hdf,2,0,1138,1138,0,1138,0.0,,,,,46087859.0,515144450.0,False
Sudbury,preprocessed_Sudbury3D.hdf,3,1138,2276,1138,0,1138,0.0,,,,,46086409.0,515146150.0,False
Sudbury,preprocessed_Sudbury3D.hdf,4,2276,3414,1138,0,1138,0.0,,,,,46043240.0,514904300.0,False
Sudbury,preprocessed_Sudbury3D.hdf,6,3414,4552,1138,0,1138,0.0,,,,,46040840.0,514899900.0,False
Sudbury,preprocessed_Sudbury3D.hdf,7,4552,5690,1138,0,1138,0.0,,,,,46037318.0,514895550.0,False
Sudbury,preprocessed_Sudbury3D.hdf,8,5690,6828,1138,0,1138,0.0,,,,,46035409.0,514890700.0,False
Sudbury,preprocessed_Sudbury3D.hdf,9,6828,7966,1138,0,1138,0.0,,,,,46033000.0,514886250.0,False
Sudbury,preprocessed_Sudbury3D.hdf,10,7966,9104,1138,0,1138,0.0,,,,,46047140.0,514896350.0,False
Sudbury,preprocessed_Sudbury3D.hdf,11,9104,10242,1138,0,1138,0.0,,,,,46051681.0,514871600.0,False
Sudbury,preprocessed_Sudbury3D.hdf,12,10242,11380,1138,0,1138,0.0,,,,,46051209.0,514879200.0,False
Sudbury,preprocessed_Sudbury3D.hdf,13,11380,12518,1138,0,1138,0.0,,,,,46054590.0,514883400.0,False
Sudbury,preprocessed_Sudbury3D.hdf,14,12518,13656,1138,0,1138,0.0,,,,,46055468.0,514886750.0,False
Sudbury,preprocessed_Sudbury3D.hdf,15,13656,14794,1138,0,1138,0.0,,,,,46055640.0,514892800.0,False
Sudbury,preprocessed_Sudbury3D.hdf,16,14794,15932,1138,0,1138,0.0,,,,,46057318.0,514897550.0,False
Sudbury,preprocessed_Sudbury3D.hdf,17,15932,17070,1138,0,1138,0.0,,,,,46060981.0,514903950.0,False
Sudbury,preprocessed_Sudbury3D.hdf,18,17070,18208,1138,0,1138,0.0,,,,,46059818.0,514908400.0,False
Sudbury,preprocessed_Sudbury3D.hdf,19,18208,19346,1138,0,1138,0.0,,,,,46060918.0,514913300.0,False
Sudbury,preprocessed_Sudbury3D.hdf,20,19346,20484,1138,0,1138,0.0,,,,,46075190.0,514882650.0,False
Sudbury,preprocessed_Sudbury3D.hdf,21,20484,21622,1138,0,1138,0.0,,,,,46076631.0,514878100.0,False
Sudbury,preprocessed_Sudbury3D.hdf,22,21622,22760,1138,0,1138,0.0,,,,,46081318.0,514873700.0,False
Sudbury,preprocessed_Sudbury3D.hdf,23,22760,23898,1138,0,1138,0.0,,,,,46081690.0,514867400.0,False
Sudbury,preprocessed_Sudbury3D.hdf,24,23898,25036,1138,0,1138,0.0,,,,,46083781.0,514863250.0,False
Sudbury,preprocessed_Sudbury3D.hdf,25,25036,26174,1138,0,1138,0.0,,,,,46087109.0,514859550.0,False
Sudbury,preprocessed_Sudbury3D.hdf,26,26174,27312,1138,0,1138,0.0,,,,,46086068.0,514855400.0,False
Sudbury,preprocessed_Sudbury3D.hdf,27,27312,28450,1138,0,1138,0.0,,,,,46099709.0,514851250.0,False
Sudbury,preprocessed_Sudbury3D.hdf,28,28450,29588,1138,0,1138,0.0,,,,,46098050.0,514856200.0,False
Sudbury,preprocessed_Sudbury3D.hdf,29,29588,30726,1138,0,1138,0.0,,,,,46098581.0,514860750.0,False
Sudbury,preprocessed_Sudbury3D.hdf,30,30726,31864,1138,0,1138,0.0,,,,,46100568.0,514865400.0,False
Sudbury,preprocessed_Sudbury3D.hdf,31,31864,33002,1138,0,1138,0.0,,,,,46095731.0,514862050.0,False
Sudbury,preprocessed_Sudbury3D.hdf,32,33002,34140,1138,0,1138,0.0,,,,,46090900.0,514858700.0,False
Sudbury,preprocessed_Sudbury3D.hdf,34,34140,35278,1138,0,1138,0.0,,,,,46112531.0,514878000.0,False
Sudbury,preprocessed_Sudbury3D.hdf,35,35278,36416,1138,0,1138,0.0,,,,,46111200.0,514873100.0,False
Sudbury,preprocessed_Sudbury3D.hdf,36,36416,37554,1138,0,1138,0.0,,,,,46110618.0,514866700.0,False
Sudbury,preprocessed_Sudbury3D.hdf,37,37554,38692,1138,0,1138,0.0,,,,,46110031.0,514860300.0,False
Sudbury,preprocessed_Sudbury3D.hdf,38,38692,39830,1138,0,1138,0.0,,,,,46109959.0,514854600.0,False
Sudbury,preprocessed_Sudbury3D.hdf,39,39830,40968,1138,0,1138,0.0,,,,,46111531.0,514850550.0,False
Sudbury,preprocessed_Sudbury3D.hdf,40,40968,42106,1138,0,1138,0.0,,,,,46105950.0,514848150.0,False
Sudbury,preprocessed_Sudbury3D.hdf,41,42106,43244,1138,0,1138,0.0,,,,,46101468.0,514844900.0,False
Sudbury,preprocessed_Sudbury3D.hdf,42,43244,44572,1328,299,1029,0.22515060240963855,94.0,324.0,216.51839464882943,219.0,46080868.0,514816900.0,False
Sudbury,preprocessed_Sudbury3D.hdf,43,44572,45900,1328,0,1328,0.0,,,,,46075400.0,514816400.0,False
Sudbury,preprocessed_Sudbury3D.hdf,44,45900,47228,1328,0,1328,0.0,,,,,46071559.0,514819850.0,False
Sudbury,preprocessed_Sudbury3D.hdf,45,47228,48556,1328,0,1328,0.0,,,,,46067740.0,514824100.0,False
Sudbury,preprocessed_Sudbury3D.hdf,46,48556,49884,1328,0,1328,0.0,,,,,46062159.0,514826950.0,False
Sudbury,preprocessed_Sudbury3D.hdf,47,49884,51212,1328,0,1328,0.0,,,,,46056418.0,514828600.0,False
Sudbury,preprocessed_Sudbury3D.hdf,48,51212,52540,1328,0,1328,0.0,,,,,46050781.0,514826100.0,False
Sudbury,preprocessed_Sudbury3D.hdf,49,52540,53868,1328,0,1328,0.0,,,,,46048190.0,514822650.0,False
Sudbury,preprocessed_Sudbury3D.hdf,50,53868,55196,1328,0,1328,0.0,,,,,46043900.0,514820100.0,False
Sudbury,preprocessed_Sudbury3D.hdf,51,55196,56524,1328,0,1328,0.0,,,,,46038709.0,514822600.0,False
Sudbury,preprocessed_Sudbury3D.hdf,52,56524,57852,1328,280,1048,0.21084337349397592,23.0,277.0,172.47857142857143,179.5,46035350.0,514827000.0,False
Sudbury,preprocessed_Sudbury3D.hdf,53,57852,59180,1328,299,1029,0.22515060240963855,33.0,272.0,172.30100334448161,186.0,46031459.0,514830900.0,False
Sudbury,preprocessed_Sudbury3D.hdf,54,59180,60508,1328,239,1089,0.17996987951807228,51.0,264.0,155.77405857740587,168.0,46019040.0,514831200.0,False
Sudbury,preprocessed_Sudbury3D.hdf,55,60508,61836,1328,300,1028,0.22590361445783133,44.0,269.0,170.62,182.5,46013440.0,514831250.0,False
Sudbury,preprocessed_Sudbury3D.hdf,57,61836,63164,1328,296,1032,0.22289156626506024,37.0,279.0,171.20945945945945,186.0,46007940.0,514829750.0,False
Sudbury,preprocessed_Sudbury3D.hdf,58,63164,64492,1328,299,1029,0.22515060240963855,35.0,296.0,174.48829431438128,189.0,46002631.0,514828450.0,False
Sudbury,preprocessed_Sudbury3D.hdf,59,64492,65820,1328,293,1035,0.22063253012048192,38.0,284.0,180.79180887372013,201.0,45997459.0,514828800.0,False
Sudbury,preprocessed_Sudbury3D.hdf,60,65820,67148,1328,292,1036,0.21987951807228914,36.0,291.0,177.98972602739727,200.0,45991900.0,514828700.0,False
Sudbury,preprocessed_Sudbury3D.hdf,61,67148,68476,1328,298,1030,0.22439759036144577,38.0,284.0,175.20469798657717,192.5,45986790.0,514829900.0,False
Sudbury,preprocessed_Sudbury3D.hdf,62,68476,69804,1328,300,1028,0.22590361445783133,43.0,282.0,178.95333333333335,192.0,45981809.0,514828450.0,False
Sudbury,preprocessed_Sudbury3D.hdf,63,69804,71132,1328,298,1030,0.22439759036144577,47.0,291.0,186.94295302013424,199.0,45978300.0,514824300.0,False
Sudbury,preprocessed_Sudbury3D.hdf,64,71132,72460,1328,299,1029,0.22515060240963855,33.0,350.0,219.16722408026754,245.0,46000918.0,514794250.0,False
Sudbury,preprocessed_Sudbury3D.hdf,65,72460,73788,1328,300,1028,0.22590361445783133,37.0,343.0,217.64666666666668,241.5,45996431.0,514795400.0,False
Sudbury,preprocessed_Sudbury3D.hdf,66,73788,75116,1328,300,1028,0.22590361445783133,45.0,340.0,217.42333333333335,239.5,45991509.0,514796250.0,False
Sudbury,preprocessed_Sudbury3D.hdf,67,75116,76444,1328,299,1029,0.22515060240963855,57.0,339.0,219.39464882943145,240.0,45987381.0,514797850.0,False
Sudbury,preprocessed_Sudbury3D.hdf,68,76444,77772,1328,297,1031,0.22364457831325302,61.0,332.0,214.25589225589226,234.0,45985368.0,514802000.0,False
Sudbury,preprocessed_Sudbury3D.hdf,69,77772,79100,1328,291,1037,0.2191265060240964,51.0,321.0,206.97938144329896,225.0,45983931.0,514806950.0,False
Sudbury,preprocessed_Sudbury3D.hdf,70,79100,80428,1328,300,1028,0.22590361445783133,42.0,311.0,198.49333333333334,214.5,45981518.0,514811450.0,False
Sudbury,preprocessed_Sudbury3D.hdf,71,80428,81756,1328,299,1029,0.22515060240963855,40.0,302.0,193.5953177257525,207.0,45979609.0,514816650.0,False
Sudbury,preprocessed_Sudbury3D.hdf,72,81756,83084,1328,289,1039,0.21762048192771086,48.0,301.0,193.72318339100346,206.0,45978209.0,514819350.0,False
Sudbury,preprocessed_Sudbury3D.hdf,73,83084,84412,1328,299,1029,0.22515060240963855,51.0,283.0,183.94314381270902,194.0,45975081.0,514825800.0,False
Sudbury,preprocessed_Sudbury3D.hdf,74,84412,85740,1328,298,1030,0.22439759036144577,47.0,281.0,186.21476510067114,193.0,45970300.0,514827650.0,False
Sudbury,preprocessed_Sudbury3D.hdf,75,85740,87068,1328,300,1028,0.22590361445783133,40.0,278.0,185.01333333333332,192.0,45965690.0,514829650.0,False
Sudbury,preprocessed_Sudbury3D.hdf,76,87068,88396,1328,250,1078,0.18825301204819278,28.0,275.0,175.312,181.0,45960618.0,514830000.0,False
Sudbury,preprocessed_Sudbury3D.hdf,77,88396,89724,1328,246,1082,0.1852409638554217,37.0,273.0,181.8008130081301,184.5,45955731.0,514828300.0,False
Sudbury,preprocessed_Sudbury3D.hdf,78,89724,91052,1328,216,1112,0.16265060240963855,55.0,287.0,185.49537037037038,183.0,45950740.0,514828700.0,False
Sudbury,preprocessed_Sudbury3D.hdf,79,91052,92380,1328,166,1162,0.125,68.0,293.0,189.23493975903614,188.5,45945340.0,514829350.0,False
Sudbury,preprocessed_Sudbury3D.hdf,80,92380,93708,1328,227,1101,0.17093373493975902,61.0,279.0,177.15859030837004,172.0,45940209.0,514829100.0,False
Sudbury,preprocessed_Sudbury3D.hdf,81,93708,95036,1328,270,1058,0.2033132530120482,67.0,288.0,191.24444444444444,193.5,45935440.0,514827350.0,False
Sudbury,preprocessed_Sudbury3D.hdf,82,95036,96364,1328,217,1111,0.16340361445783133,87.0,300.0,195.3548387096774,188.0,45930559.0,514827700.0,False
Sudbury,preprocessed_Sudbury3D.hdf,83,96364,97692,1328,150,1178,0.11295180722891567,98.0,288.0,186.7,187.0,45925381.0,514827600.0,False
Sudbury,preprocessed_Sudbury3D.hdf,84,97692,99020,1328,217,1111,0.16340361445783133,102.0,307.0,204.74654377880185,208.0,45920359.0,514827100.0,False
Sudbury,preprocessed_Sudbury3D.hdf,85,99020,100348,1328,288,1040,0.21686746987951808,97.0,298.0,202.89930555555554,203.0,45918218.0,514832050.0,False
Sudbury,preprocessed_Sudbury3D.hdf,86,100348,101676,1328,300,1028,0.22590361445783133,88.0,294.0,201.17,204.5,45915009.0,514835900.0,False
Sudbury,preprocessed_Sudbury3D.hdf,87,101676,103004,1328,291,1037,0.2191265060240964,82.0,301.0,200.59106529209623,204.0,45912231.0,514838000.0,False
Sudbury,preprocessed_Sudbury3D.hdf,88,103004,104332,1328,286,1042,0.21536144578313254,75.0,298.0,200.58391608391608,205.0,45908818.0,514841150.0,False
Sudbury,preprocessed_Sudbury3D.hdf,89,104332,105660,1328,275,1053,0.20707831325301204,74.0,299.0,203.25454545454545,209.0,45903490.0,514840600.0,False
Sudbury,preprocessed_Sudbury3D.hdf,90,105660,106988,1328,273,1055,0.2055722891566265,64.0,297.0,200.04761904761904,206.0,45899509.0,514843800.0,False
Sudbury,preprocessed_Sudbury3D.hdf,91,106988,108316,1328,293,1035,0.22063253012048192,63.0,309.0,209.23890784982936,218.0,45894540.0,514844700.0,False
Sudbury,preprocessed_Sudbury3D.hdf,92,108316,109644,1328,250,1078,0.18825301204819278,64.0,311.0,207.176,212.0,45889250.0,514845650.0,False
Sudbury,preprocessed_Sudbury3D.hdf,93,109644,110972,1328,300,1028,0.22590361445783133,78.0,299.0,206.81,213.5,45909118.0,514845850.0,False
Sudbury,preprocessed_Sudbury3D.hdf,94,110972,112482,1510,299,1211,0.19801324503311257,39.0,268.0,166.52508361204013,177.0,46026740.0,514831250.0,False
Sudbury,preprocessed_Sudbury3D.hdf,95,112482,113992,1510,293,1217,0.19403973509933775,45.0,261.0,162.87713310580205,172.0,46022681.0,514835300.0,False
Sudbury,preprocessed_Sudbury3D.hdf,96,113992,115502,1510,196,1314,0.12980132450331125,36.0,250.0,133.67857142857142,125.5,46019059.0,514839300.0,False
Sudbury,preprocessed_Sudbury3D.hdf,97,115502,117012,1510,299,1211,0.19801324503311257,23.0,264.0,153.97993311036788,162.0,46015681.0,514843050.0,False
Sudbury,preprocessed_Sudbury3D.hdf,98,117012,118522,1510,291,1219,0.19271523178807948,19.0,272.0,152.33676975945016,159.0,46013081.0,514847400.0,False
Sudbury,preprocessed_Sudbury3D.hdf,99,118522,120032,1510,300,1210,0.1986754966887417,25.0,265.0,150.29,152.5,46009159.0,514851200.0,False
Sudbury,preprocessed_Sudbury3D.hdf,100,120032,121542,1510,300,1210,0.1986754966887417,30.0,255.0,147.46333333333334,147.0,46009640.0,514855950.0,False
Sudbury,preprocessed_Sudbury3D.hdf,101,121542,123052,1510,299,1211,0.19801324503311257,30.0,257.0,145.57190635451505,146.0,46013081.0,514859750.0,False
Sudbury,preprocessed_Sudbury3D.hdf,102,123052,124562,1510,299,1211,0.19801324503311257,29.0,257.0,143.12040133779263,144.0,46016859.0,514863400.0,False
Sudbury,preprocessed_Sudbury3D.hdf,103,124562,126072,1510,296,1214,0.19602649006622516,33.0,254.0,140.34797297297297,140.5,46018981.0,514867500.0,False
Sudbury,preprocessed_Sudbury3D.hdf,106,126072,127582,1510,299,1211,0.19801324503311257,39.0,242.0,135.9598662207358,134.0,46016518.0,514871750.0,False
Sudbury,preprocessed_Sudbury3D.hdf,107,127582,129092,1510,297,1213,0.1966887417218543,43.0,222.0,138.43771043771045,141.0,46011231.0,514871800.0,False
Sudbury,preprocessed_Sudbury3D.hdf,108,129092,130602,1510,265,1245,0.17549668874172186,36.0,206.0,132.75471698113208,133.0,46005850.0,514871750.0,False
Sudbury,preprocessed_Sudbury3D.hdf,109,130602,132112,1510,298,1212,0.19735099337748344,23.0,224.0,136.3724832214765,141.0,46000868.0,514872650.0,False
Sudbury,preprocessed_Sudbury3D.hdf,110,132112,133622,1510,299,1211,0.19801324503311257,20.0,217.0,136.69230769230768,144.0,45996850.0,514875150.0,False
Sudbury,preprocessed_Sudbury3D.hdf,111,133622,135132,1510,299,1211,0.19801324503311257,33.0,214.0,140.03678929765886,147.0,45992540.0,514878450.0,False
Sudbury,preprocessed_Sudbury3D.hdf,112,135132,136642,1510,297,1213,0.1966887417218543,45.0,305.0,140.69023569023568,147.0,45990759.0,514883650.0,False
Sudbury,preprocessed_Sudbury3D.hdf,113,136642,138152,1510,300,1210,0.1986754966887417,51.0,199.0,137.53,143.0,45987831.0,514888100.0,False
Sudbury,preprocessed_Sudbury3D.hdf,114,138152,139662,1510,300,1210,0.1986754966887417,61.0,203.0,140.74,145.5,45983190.0,514890300.0,False
Sudbury,preprocessed_Sudbury3D.hdf,115,139662,141172,1510,293,1217,0.19403973509933775,54.0,199.0,140.1331058020478,145.0,45980990.0,514895450.0,False
Sudbury,preprocessed_Sudbury3D.hdf,117,141172,142682,1510,298,1212,0.19735099337748344,43.0,195.0,136.6711409395973,140.0,45980381.0,514900400.0,False
Sudbury,preprocessed_Sudbury3D.hdf,118,142682,144192,1510,291,1219,0.19271523178807948,40.0,195.0,136.18556701030928,140.0,45979468.0,514905200.0,False
Sudbury,preprocessed_Sudbury3D.hdf,119,144192,145702,1510,299,1211,0.19801324503311257,22.0,201.0,138.7123745819398,144.0,45976231.0,514908900.0,False
Sudbury,preprocessed_Sudbury3D.hdf,120,145702,147212,1510,300,1210,0.1986754966887417,38.0,198.0,134.95666666666668,145.0,45973868.0,514913700.0,False
Sudbury,preprocessed_Sudbury3D.hdf,121,147212,148722,1510,286,1224,0.18940397350993377,47.0,196.0,132.4090909090909,139.0,45972218.0,514918450.0,False
Sudbury,preprocessed_Sudbury3D.hdf,122,148722,150232,1510,292,1218,0.19337748344370861,54.0,199.0,135.30479452054794,142.0,45971831.0,514923850.0,False
Sudbury,preprocessed_Sudbury3D.hdf,123,150232,151742,1510,294,1216,0.1947019867549669,57.0,197.0,137.77551020408163,142.0,45966800.0,514926050.0,False
Sudbury,preprocessed_Sudbury3D.hdf,124,151742,153252,1510,298,1212,0.19735099337748344,47.0,188.0,132.95637583892616,138.0,45960631.0,514923650.0,False
Sudbury,preprocessed_Sudbury3D.hdf,125,153252,154762,1510,295,1215,0.19536423841059603,42.0,197.0,134.94915254237287,143.0,45957209.0,514927150.0,False
Sudbury,preprocessed_Sudbury3D.hdf,126,154762,156272,1510,299,1211,0.19801324503311257,37.0,198.0,134.79264214046822,144.0,45955031.0,514930100.0,False
Sudbury,preprocessed_Sudbury3D.hdf,127,156272,157782,1510,291,1219,0.19271523178807948,44.0,198.0,135.9828178694158,143.0,45959450.0,514930150.0,False
Sudbury,preprocessed_Sudbury3D.hdf,128,157782,159292,1510,295,1215,0.19536423841059603,50.0,200.0,137.9186440677966,142.0,45965959.0,514931800.0,False
Sudbury,preprocessed_Sudbury3D.hdf,129,159292,160802,1510,295,1215,0.19536423841059603,52.0,192.0,133.55254237288136,135.0,45972300.0,514933450.0,False
Sudbury,preprocessed_Sudbury3D.hdf,130,160802,162312,1510,292,1218,0.19337748344370861,52.0,184.0,129.68150684931507,134.0,45977668.0,514934850.0,False
Sudbury,preprocessed_Sudbury3D.hdf,131,162312,163822,1510,300,1210,0.1986754966887417,44.0,182.0,127.80666666666667,133.0,45982909.0,514936550.0,False
Sudbury,preprocessed_Sudbury3D.hdf,132,163822,165332,1510,296,1214,0.19602649006622516,41.0,185.0,131.97297297297297,139.0,45987940.0,514936400.0,False
Sudbury,preprocessed_Sudbury3D.hdf,133,165332,166842,1510,298,1212,0.19735099337748344,24.0,186.0,127.99664429530202,138.0,45993550.0,514933650.0,False
Sudbury,preprocessed_Sudbury3D.hdf,134,166842,168352,1510,299,1211,0.19801324503311257,17.0,182.0,128.46153846153845,136.0,45998631.0,514931400.0,False
Sudbury,preprocessed_Sudbury3D.hdf,135,168352,169862,1510,297,1213,0.1966887417218543,27.0,188.0,132.013468013468,138.0,46004181.0,514931750.0,False
Sudbury,preprocessed_Sudbury3D.hdf,136,169862,171372,1510,297,1213,0.1966887417218543,36.0,189.0,131.05387205387206,139.0,46008509.0,514929650.0,False
Sudbury,preprocessed_Sudbury3D.hdf,137,171372,172882,1510,295,1215,0.19536423841059603,47.0,193.0,131.40338983050847,139.0,46013200.0,514926850.0,False
Sudbury,preprocessed_Sudbury3D.hdf,138,172882,174392,1510,276,1234,0.1827814569536424,41.0,187.0,129.65579710144928,137.0,46018031.0,514925150.0,False
Sudbury,preprocessed_Sudbury3D.hdf,139,174392,175902,1510,295,1215,0.19536423841059603,31.0,210.0,129.56610169491526,136.0,46022809.0,514923800.0,False
Sudbury,preprocessed_Sudbury3D.hdf,140,175902,177412,1510,288,1222,0.19072847682119207,25.0,215.0,126.34722222222223,133.5,46028050.0,514925500.0,False
Sudbury,preprocessed_Sudbury3D.hdf,141,177412,178922,1510,294,1216,0.1947019867549669,18.0,193.0,126.53401360544218,136.0,46032218.0,514922450.0,False
Sudbury,preprocessed_Sudbury3D.hdf,142,178922,180432,1510,273,1237,0.18079470198675496,21.0,186.0,121.7985347985348,131.0,46034950.0,514918150.0,False
Sudbury,preprocessed_Sudbury3D.hdf,143,180432,181942,1510,300,1210,0.1986754966887417,20.0,199.0,126.92,132.0,46032600.0,514912800.0,False
Sudbury,preprocessed_Sudbury3D.hdf,144,181942,183452,1510,299,1211,0.19801324503311257,24.0,203.0,127.37458193979933,130.0,46031068.0,514907350.0,False
Sudbury,preprocessed_Sudbury3D.hdf,145,183452,184962,1510,296,1214,0.19602649006622516,27.0,190.0,126.91891891891892,129.0,46031740.0,514902600.0,False
Sudbury,preprocessed_Sudbury3D.hdf,146,184962,186472,1510,0,1510,0.0,,,,,46036731.0,514900350.0,False
Sudbury,preprocessed_Sudbury3D.hdf,147,186472,187982,1510,0,1510,0.0,,,,,46036731.0,514900350.0,False
Sudbury,preprocessed_Sudbury3D.hdf,148,187982,189492,1510,0,1510,0.0,,,,,46036731.0,514900350.0,False
Sudbury,preprocessed_Sudbury3D.hdf,149,189492,191002,1510,0,1510,0.0,,,,,46040668.0,514900600.0,False
Sudbury,preprocessed_Sudbury3D.hdf,150,191002,192512,1510,0,1510,0.0,,,,,45952240.0,514922200.0,False
Sudbury,preprocessed_Sudbury3D.hdf,151,192512,194022,1510,0,1510,0.0,,,,,45952240.0,514922200.0,False
Sudbury,preprocessed_Sudbury3D.hdf,152,194022,195532,1510,0,1510,0.0,,,,,45952240.0,514922200.0,False
Sudbury,preprocessed_Sudbury3D.hdf,153,195532,197042,1510,0,1510,0.0,,,,,45950590.0,514916950.0,False
Sudbury,preprocessed_Sudbury3D.hdf,154,197042,198552,1510,0,1510,0.0,,,,,45948909.0,514912200.0,False
Sudbury,preprocessed_Sudbury3D.hdf,155,198552,200062,1510,0,1510,0.0,,,,,45948790.0,514906050.0,False
Sudbury,preprocessed_Sudbury3D.hdf,156,200062,201572,1510,0,1510,0.0,,,,,45950931.0,514900600.0,False
Sudbury,preprocessed_Sudbury3D.hdf,157,201572,203082,1510,0,1510,0.0,,,,,45953940.0,514895550.0,False
Sudbury,preprocessed_Sudbury3D.hdf,158,203082,204592,1510,0,1510,0.0,,,,,45956018.0,514890850.0,False
Sudbury,preprocessed_Sudbury3D.hdf,159,204592,206102,1510,291,1219,0.19271523178807948,36.0,212.0,148.43298969072166,150.0,45958831.0,514884300.0,False
Sudbury,preprocessed_Sudbury3D.hdf,160,206102,207612,1510,300,1210,0.1986754966887417,42.0,213.0,147.77666666666667,149.0,45960009.0,514877600.0,False
Sudbury,preprocessed_Sudbury3D.hdf,161,207612,209122,1510,281,1229,0.18609271523178808,39.0,213.0,142.72597864768684,144.0,45960618.0,514873950.0,False
Sudbury,preprocessed_Sudbury3D.hdf,162,209122,210632,1510,257,1253,0.17019867549668874,55.0,216.0,145.83657587548637,156.0,45966509.0,514868700.0,False
Sudbury,preprocessed_Sudbury3D.hdf,163,210632,212142,1510,196,1314,0.12980132450331125,42.0,218.0,133.27551020408163,140.0,45969868.0,514864300.0,False
Sudbury,preprocessed_Sudbury3D.hdf,164,212142,213652,1510,295,1215,0.19536423841059603,34.0,225.0,150.43050847457627,154.0,45972750.0,514859650.0,False
Sudbury,preprocessed_Sudbury3D.hdf,165,213652,215162,1510,246,1264,0.1629139072847682,27.0,226.0,144.4878048780488,151.0,45976250.0,514855300.0,False
Sudbury,preprocessed_Sudbury3D.hdf,166,215162,216672,1510,241,1269,0.15960264900662252,24.0,232.0,144.63485477178423,149.0,45980081.0,514851500.0,False
Sudbury,preprocessed_Sudbury3D.hdf,167,216672,218182,1510,0,1510,0.0,,,,,45982131.0,514846000.0,False
Sudbury,preprocessed_Sudbury3D.hdf,168,218182,219692,1510,0,1510,0.0,,,,,45982131.0,514846000.0,False
Sudbury,preprocessed_Sudbury3D.hdf,169,219692,221202,1510,0,1510,0.0,,,,,45982131.0,514846000.0,False
Sudbury,preprocessed_Sudbury3D.hdf,170,221202,222712,1510,0,1510,0.0,,,,,45980481.0,514835300.0,False
Sudbury,preprocessed_Sudbury3D.hdf,171,222712,224222,1510,210,1300,0.1390728476821192,47.0,256.0,157.72857142857143,160.5,45977109.0,514830850.0,False
Sudbury,preprocessed_Sudbury3D.hdf,175,224222,226118,1896,0,1896,0.0,,,,,46091550.0,515145750.0,False
Sudbury,preprocessed_Sudbury3D.hdf,177,226118,228101,1983,300,1683,0.15128593040847202,45.0,195.0,130.4,136.0,46043931.0,514998650.0,False
Sudbury,preprocessed_Sudbury3D.hdf,178,228101,230084,1983,299,1684,0.1507816439737771,35.0,187.0,127.70568561872909,135.0,46046140.0,514993350.0,False
Sudbury,preprocessed_Sudbury3D.hdf,179,230084,232067,1983,300,1683,0.15128593040847202,28.0,193.0,130.20666666666668,138.0,46049800.0,514988550.0,False
Sudbury,preprocessed_Sudbury3D.hdf,180,232067,232943,876,241,635,0.2751141552511416,27.0,193.0,126.2240663900415,133.0,46053800.0,514982200.0,False
Sudbury,preprocessed_Sudbury3D.hdf,193,232943,234237,1294,27,1267,0.020865533230293665,181.0,206.0,189.0,187.0,46099631.0,514949000.0,False
Sudbury,preprocessed_Sudbury3D.hdf,194,234237,236220,1983,300,1683,0.15128593040847202,10.0,216.0,129.07333333333332,135.5,46105018.0,514946650.0,False
Sudbury,preprocessed_Sudbury3D.hdf,195,236220,238203,1983,298,1685,0.1502773575390822,25.0,221.0,131.4228187919463,139.0,46106850.0,514943800.0,False
Sudbury,preprocessed_Sudbury3D.hdf,196,238203,240186,1983,300,1683,0.15128593040847202,34.0,226.0,132.79,142.0,46106509.0,514937600.0,False
Sudbury,preprocessed_Sudbury3D.hdf,197,240186,242169,1983,300,1683,0.15128593040847202,43.0,216.0,135.10333333333332,145.0,46108731.0,514931550.0,False
Sudbury,preprocessed_Sudbury3D.hdf,199,242169,244152,1983,300,1683,0.15128593040847202,37.0,220.0,138.60333333333332,148.0,46110468.0,514926950.0,False
Sudbury,preprocessed_Sudbury3D.hdf,200,244152,246135,1983,300,1683,0.15128593040847202,29.0,223.0,141.47,152.0,46116190.0,514925400.0,False
Sudbury,preprocessed_Sudbury3D.hdf,201,246135,248118,1983,298,1685,0.1502773575390822,18.0,234.0,149.23154362416108,160.0,46120090.0,514921300.0,False
Sudbury,preprocessed_Sudbury3D.hdf,202,248118,250101,1983,300,1683,0.15128593040847202,33.0,241.0,155.74,164.0,46123640.0,514917050.0,False
Sudbury,preprocessed_Sudbury3D.hdf,203,250101,252084,1983,300,1683,0.15128593040847202,39.0,242.0,158.15333333333334,165.5,46128731.0,514913850.0,False
Sudbury,preprocessed_Sudbury3D.hdf,204,252084,254067,1983,297,1686,0.14977307110438728,46.0,245.0,164.40740740740742,170.0,46134209.0,514911650.0,False
Sudbury,preprocessed_Sudbury3D.hdf,207,254067,256050,1983,300,1683,0.15128593040847202,53.0,251.0,169.37333333333333,174.5,46138209.0,514908300.0,False
Sudbury,preprocessed_Sudbury3D.hdf,208,256050,258033,1983,297,1686,0.14977307110438728,65.0,257.0,176.74074074074073,180.0,46142718.0,514904350.0,False
Sudbury,preprocessed_Sudbury3D.hdf,209,258033,260015,1982,0,1982,0.0,,,,,46144990.0,514904000.0,False
Sudbury,preprocessed_Sudbury3D.hdf,210,260015,261998,1983,300,1683,0.15128593040847202,57.0,254.0,173.48,177.5,46143781.0,514908850.0,False
Sudbury,preprocessed_Sudbury3D.hdf,211,261998,263981,1983,296,1687,0.14926878466969237,52.0,251.0,169.07432432432432,170.5,46146009.0,514915750.0,False
Sudbury,preprocessed_Sudbury3D.hdf,212,263981,265964,1983,298,1685,0.1502773575390822,44.0,246.0,162.94630872483222,167.0,46143368.0,514922350.0,False
Sudbury,preprocessed_Sudbury3D.hdf,213,265964,267947,1983,0,1983,0.0,,,,,46137259.0,514925050.0,False
Sudbury,preprocessed_Sudbury3D.hdf,214,267947,269930,1983,0,1983,0.0,,,,,46137259.0,514925050.0,False
Sudbury,preprocessed_Sudbury3D.hdf,215,269930,271913,1983,299,1684,0.1507816439737771,20.0,254.0,153.04347826086956,164.0,46130790.0,514925950.0,False
Sudbury,preprocessed_Sudbury3D.hdf,216,271913,273896,1983,299,1684,0.1507816439737771,25.0,244.0,152.43478260869566,158.0,46137131.0,514931950.0,False
Sudbury,preprocessed_Sudbury3D.hdf,217,273896,275879,1983,299,1684,0.1507816439737771,26.0,238.0,151.2173913043478,157.0,46142268.0,514937150.0,False
Sudbury,preprocessed_Sudbury3D.hdf,218,275879,277862,1983,298,1685,0.1502773575390822,34.0,236.0,154.18120805369128,160.5,46146590.0,514940900.0,False
Sudbury,preprocessed_Sudbury3D.hdf,219,277862,279845,1983,300,1683,0.15128593040847202,22.0,232.0,148.03,154.0,46142600.0,514944800.0,False
Sudbury,preprocessed_Sudbury3D.hdf,220,279845,281828,1983,299,1684,0.1507816439737771,25.0,230.0,145.25083612040135,152.0,46138600.0,514949250.0,False
Sudbury,preprocessed_Sudbury3D.hdf,221,281828,283811,1983,299,1684,0.1507816439737771,31.0,223.0,139.83277591973246,146.0,46134940.0,514954500.0,False
Sudbury,preprocessed_Sudbury3D.hdf,222,283811,285794,1983,300,1683,0.15128593040847202,20.0,218.0,135.18666666666667,143.0,46128990.0,514956450.0,False
Sudbury,preprocessed_Sudbury3D.hdf,223,285794,287777,1983,295,1688,0.1487644982349975,19.0,217.0,133.65762711864406,139.0,46129931.0,514962450.0,False
Sudbury,preprocessed_Sudbury3D.hdf,224,287777,289760,1983,300,1683,0.15128593040847202,22.0,208.0,132.19666666666666,137.5,46126018.0,514967100.0,False
Sudbury,preprocessed_Sudbury3D.hdf,225,289760,291743,1983,299,1684,0.1507816439737771,20.0,206.0,130.41471571906354,133.0,46124540.0,514972800.0,False
Sudbury,preprocessed_Sudbury3D.hdf,226,291743,293726,1983,299,1684,0.1507816439737771,31.0,209.0,135.22742474916387,137.0,46124331.0,514978500.0,False
Sudbury,preprocessed_Sudbury3D.hdf,227,293726,295709,1983,293,1690,0.14775592536560767,34.0,202.0,129.9965870307167,131.0,46124100.0,514984450.0,False
Sudbury,preprocessed_Sudbury3D.hdf,228,295709,297692,1983,295,1688,0.1487644982349975,43.0,194.0,128.89830508474577,130.0,46121331.0,514989750.0,False
Sudbury,preprocessed_Sudbury3D.hdf,229,297692,299675,1983,300,1683,0.15128593040847202,40.0,195.0,129.01,131.0,46121381.0,514995250.0,False
Sudbury,preprocessed_Sudbury3D.hdf,231,299675,301658,1983,299,1684,0.1507816439737771,40.0,197.0,130.2541806020067,132.0,46125290.0,514999600.0,False
Sudbury,preprocessed_Sudbury3D.hdf,233,301658,303641,1983,299,1684,0.1507816439737771,54.0,271.0,186.1839464882943,195.0,45904318.0,514853050.0,False
Sudbury,preprocessed_Sudbury3D.hdf,234,303641,305624,1983,0,1983,0.0,,,,,46126818.0,515004900.0,False
Sudbury,preprocessed_Sudbury3D.hdf,235,305624,307607,1983,299,1684,0.1507816439737771,29.0,196.0,130.5284280936455,133.0,46128031.0,515009900.0,False
Sudbury,preprocessed_Sudbury3D.hdf,236,307607,309590,1983,0,1983,0.0,,,,,46125000.0,515014900.0,False
Sudbury,preprocessed_Sudbury3D.hdf,237,309590,311573,1983,0,1983,0.0,,,,,46125000.0,515014900.0,False
Sudbury,preprocessed_Sudbury3D.hdf,238,311573,313556,1983,294,1689,0.14826021180030258,22.0,192.0,130.99319727891157,134.0,46121818.0,515018000.0,False
Sudbury,preprocessed_Sudbury3D.hdf,239,313556,315539,1983,299,1684,0.1507816439737771,31.0,185.0,127.61204013377926,133.0,46116331.0,515020950.0,False
Sudbury,preprocessed_Sudbury3D.hdf,240,315539,317522,1983,297,1686,0.14977307110438728,44.0,206.0,132.76767676767676,139.0,46110509.0,515022000.0,False
Sudbury,preprocessed_Sudbury3D.hdf,241,317522,319505,1983,296,1687,0.14926878466969237,38.0,200.0,132.33445945945945,141.0,46105209.0,515024100.0,False
Sudbury,preprocessed_Sudbury3D.hdf,243,319505,321488,1983,299,1684,0.1507816439737771,29.0,189.0,131.1036789297659,138.0,46099718.0,515022900.0,False
Sudbury,preprocessed_Sudbury3D.hdf,244,321488,323471,1983,299,1684,0.1507816439737771,17.0,184.0,131.4046822742475,137.0,46094550.0,515024150.0,False
Sudbury,preprocessed_Sudbury3D.hdf,245,323471,325454,1983,300,1683,0.15128593040847202,20.0,185.0,131.23333333333332,138.0,46088440.0,515026050.0,False
Sudbury,preprocessed_Sudbury3D.hdf,246,325454,327437,1983,300,1683,0.15128593040847202,29.0,187.0,131.27,142.0,46083668.0,515026850.0,False
Sudbury,preprocessed_Sudbury3D.hdf,247,327437,329420,1983,299,1684,0.1507816439737771,36.0,189.0,131.56521739130434,144.0,46078650.0,515025700.0,False
Sudbury,preprocessed_Sudbury3D.hdf,248,329420,331403,1983,298,1685,0.1502773575390822,43.0,182.0,131.00671140939596,143.0,46074659.0,515029300.0,False
Sudbury,preprocessed_Sudbury3D.hdf,250,331403,333386,1983,300,1683,0.15128593040847202,45.0,262.0,180.10333333333332,189.5,45905318.0,514859650.0,False
Sudbury,preprocessed_Sudbury3D.hdf,251,333386,335369,1983,300,1683,0.15128593040847202,35.0,262.0,179.53,190.5,45900859.0,514862850.0,False
Sudbury,preprocessed_Sudbury3D.hdf,252,335369,337352,1983,300,1683,0.15128593040847202,25.0,258.0,177.29333333333332,191.5,45897781.0,514867100.0,False
Sudbury,preprocessed_Sudbury3D.hdf,253,337352,339335,1983,298,1685,0.1502773575390822,19.0,260.0,174.88590604026845,189.5,45894309.0,514871450.0,False
Sudbury,preprocessed_Sudbury3D.hdf,254,339335,341318,1983,300,1683,0.15128593040847202,24.0,266.0,173.81,186.0,45891409.0,514875600.0,False
Sudbury,preprocessed_Sudbury3D.hdf,256,341318,343301,1983,296,1687,0.14926878466969237,33.0,262.0,171.625,180.5,45889459.0,514880350.0,False
Sudbury,preprocessed_Sudbury3D.hdf,257,343301,345284,1983,299,1684,0.1507816439737771,25.0,255.0,171.69899665551839,182.0,45883531.0,514882700.0,False
Sudbury,preprocessed_Sudbury3D.hdf,258,345284,347267,1983,300,1683,0.15128593040847202,24.0,263.0,173.39333333333335,183.5,45879100.0,514885700.0,False
Sudbury,preprocessed_Sudbury3D.hdf,259,347267,349250,1983,300,1683,0.15128593040847202,45.0,218.0,145.78,155.0,45940059.0,515144450.0,False
Sudbury,preprocessed_Sudbury3D.hdf,260,349250,351233,1983,300,1683,0.15128593040847202,32.0,271.0,173.96,183.5,45874818.0,514888750.0,False
Sudbury,preprocessed_Sudbury3D.hdf,261,351233,353206,1973,296,1677,0.1500253421186011,40.0,213.0,145.11824324324326,152.5,45944850.0,515142600.0,False
Sudbury,preprocessed_Sudbury3D.hdf,262,353206,355189,1983,299,1684,0.1507816439737771,37.0,274.0,175.55518394648828,183.0,45870650.0,514891700.0,False
Sudbury,preprocessed_Sudbury3D.hdf,263,355189,357172,1983,296,1687,0.14926878466969237,30.0,207.0,140.34459459459458,146.5,45950118.0,515144200.0,False
Sudbury,preprocessed_Sudbury3D.hdf,265,357172,359155,1983,0,1983,0.0,,,,,45866490.0,514895500.0,False
Sudbury,preprocessed_Sudbury3D.hdf,266,359155,361138,1983,295,1688,0.1487644982349975,28.0,205.0,137.81694915254238,144.0,45955731.0,515146700.0,False
Sudbury,preprocessed_Sudbury3D.hdf,267,361138,363121,1983,0,1983,0.0,,,,,45960768.0,515149150.0,False
Sudbury,preprocessed_Sudbury3D.hdf,268,363121,365104,1983,0,1983,0.0,,,,,45960768.0,515149150.0,False
Sudbury,preprocessed_Sudbury3D.hdf,269,365104,367087,1983,299,1684,0.1507816439737771,23.0,286.0,184.49832775919734,188.0,45862140.0,514899550.0,False
Sudbury,preprocessed_Sudbury3D.hdf,270,367087,369070,1983,295,1688,0.1487644982349975,22.0,196.0,129.57966101694916,138.0,45963081.0,515144600.0,False
Sudbury,preprocessed_Sudbury3D.hdf,271,369070,371053,1983,299,1684,0.1507816439737771,17.0,281.0,178.03010033444815,182.0,45858790.0,514903550.0,False
Sudbury,preprocessed_Sudbury3D.hdf,272,371053,373036,1983,295,1688,0.1487644982349975,31.0,193.0,128.98305084745763,136.0,45966959.0,515140350.0,False
Sudbury,preprocessed_Sudbury3D.hdf,273,373036,375019,1983,299,1684,0.1507816439737771,24.0,278.0,176.314381270903,182.0,45860531.0,514908750.0,False
Sudbury,preprocessed_Sudbury3D.hdf,274,375019,377002,1983,294,1689,0.14826021180030258,49.0,198.0,134.45578231292518,140.0,45970340.0,515135500.0,False
Sudbury,preprocessed_Sudbury3D.hdf,275,377002,378985,1983,296,1687,0.14926878466969237,34.0,284.0,181.7533783783784,186.0,45856040.0,514911900.0,False
Sudbury,preprocessed_Sudbury3D.hdf,277,378985,380968,1983,300,1683,0.15128593040847202,30.0,280.0,177.21666666666667,185.0,45852409.0,514917050.0,False
Sudbury,preprocessed_Sudbury3D.hdf,278,380968,382951,1983,300,1683,0.15128593040847202,38.0,237.0,133.95666666666668,140.0,45974009.0,515131250.0,False
Sudbury,preprocessed_Sudbury3D.hdf,279,382951,384934,1983,300,1683,0.15128593040847202,22.0,290.0,182.32,192.0,45848181.0,514921050.0,False
Sudbury,preprocessed_Sudbury3D.hdf,280,384934,386917,1983,300,1683,0.15128593040847202,58.0,287.0,200.58,205.5,45904600.0,515175950.0,False
Sudbury,preprocessed_Sudbury3D.hdf,281,386917,388900,1983,300,1683,0.15128593040847202,73.0,291.0,204.15333333333334,207.0,45908268.0,515172700.0,False
Sudbury,preprocessed_Sudbury3D.hdf,282,388900,390883,1983,300,1683,0.15128593040847202,86.0,293.0,201.77333333333334,204.0,45913000.0,515169050.0,False
Sudbury,preprocessed_Sudbury3D.hdf,283,390883,392866,1983,0,1983,0.0,,,,,45956450.0,514935000.0,False
Sudbury,preprocessed_Sudbury3D.hdf,284,392866,394849,1983,0,1983,0.0,,,,,45959368.0,514939150.0,False
Sudbury,preprocessed_Sudbury3D.hdf,285,394849,396832,1983,0,1983,0.0,,,,,45963809.0,514943500.0,False
Sudbury,preprocessed_Sudbury3D.hdf,286,396832,398815,1983,0,1983,0.0,,,,,45968318.0,514946850.0,False
Sudbury,preprocessed_Sudbury3D.hdf,288,398815,400798,1983,300,1683,0.15128593040847202,35.0,191.0,131.94,141.5,45968600.0,514953350.0,False
Sudbury,preprocessed_Sudbury3D.hdf,289,400798,402781,1983,300,1683,0.15128593040847202,60.0,258.0,175.78666666666666,179.5,45912918.0,515158850.0,False
Sudbury,preprocessed_Sudbury3D.hdf,290,402781,404764,1983,300,1683,0.15128593040847202,35.0,186.0,128.96333333333334,137.0,45970959.0,514957850.0,False
Sudbury,preprocessed_Sudbury3D.hdf,291,404764,406747,1983,300,1683,0.15128593040847202,72.0,272.0,195.86333333333334,200.5,45911240.0,515153350.0,False
Sudbury,preprocessed_Sudbury3D.hdf,292,406747,408730,1983,300,1683,0.15128593040847202,34.0,196.0,133.10666666666665,141.0,45975368.0,514961350.0,False
Sudbury,preprocessed_Sudbury3D.hdf,293,408730,410713,1983,300,1683,0.15128593040847202,36.0,196.0,136.00666666666666,144.0,45978731.0,514965800.0,False
Sudbury,preprocessed_Sudbury3D.hdf,294,410713,412696,1983,300,1683,0.15128593040847202,43.0,251.0,168.61333333333334,176.0,45909859.0,515147950.0,False
Sudbury,preprocessed_Sudbury3D.hdf,295,412696,414679,1983,299,1684,0.1507816439737771,38.0,195.0,135.15384615384616,143.0,45981390.0,514970950.0,False
Sudbury,preprocessed_Sudbury3D.hdf,296,414679,416662,1983,300,1683,0.15128593040847202,45.0,275.0,181.01666666666668,193.0,45911390.0,515142750.0,False
Sudbury,preprocessed_Sudbury3D.hdf,297,416662,418645,1983,298,1685,0.1502773575390822,48.0,196.0,135.53691275167785,141.0,45981059.0,514977050.0,False
Sudbury,preprocessed_Sudbury3D.hdf,298,418645,420628,1983,300,1683,0.15128593040847202,33.0,251.0,169.53333333333333,178.0,45912581.0,515137450.0,False
Sudbury,preprocessed_Sudbury3D.hdf,299,420628,422611,1983,300,1683,0.15128593040847202,63.0,208.0,143.29666666666665,145.5,45977150.0,514981400.0,False
Sudbury,preprocessed_Sudbury3D.hdf,300,422611,424594,1983,0,1983,0.0,,,,,45909650.0,515132300.0,False
Sudbury,preprocessed_Sudbury3D.hdf,301,424594,426577,1983,300,1683,0.15128593040847202,47.0,202.0,136.61,141.0,45973568.0,514986150.0,False
Sudbury,preprocessed_Sudbury3D.hdf,302,426577,428560,1983,0,1983,0.0,,,,,45904000.0,515127700.0,False
Sudbury,preprocessed_Sudbury3D.hdf,303,428560,430543,1983,0,1983,0.0,,,,,45904000.0,515127700.0,False
Sudbury,preprocessed_Sudbury3D.hdf,304,430543,432526,1983,300,1683,0.15128593040847202,52.0,197.0,131.65,137.5,45969581.0,514990950.0,False
Sudbury,preprocessed_Sudbury3D.hdf,305,432526,434509,1983,298,1685,0.1502773575390822,69.0,257.0,182.18791946308724,190.0,45910018.0,515123050.0,False
Sudbury,preprocessed_Sudbury3D.hdf,307,434509,436492,1983,0,1983,0.0,,,,,45961231.0,514999150.0,False
Sudbury,preprocessed_Sudbury3D.hdf,308,436492,438475,1983,300,1683,0.15128593040847202,80.0,265.0,193.37333333333333,202.0,45913450.0,515118950.0,False
Sudbury,preprocessed_Sudbury3D.hdf,309,438475,440458,1983,300,1683,0.15128593040847202,32.0,188.0,127.83,136.0,45955468.0,515000550.0,False
Sudbury,preprocessed_Sudbury3D.hdf,310,440458,442441,1983,300,1683,0.15128593040847202,75.0,263.0,189.48666666666668,199.0,45916840.0,515114600.0,False
Sudbury,preprocessed_Sudbury3D.hdf,311,442441,444424,1983,295,1688,0.1487644982349975,24.0,225.0,153.26101694915255,162.0,45921950.0,515104150.0,False
Sudbury,preprocessed_Sudbury3D.hdf,312,444424,446407,1983,0,1983,0.0,,,,,45949440.0,515002850.0,False
Sudbury,preprocessed_Sudbury3D.hdf,313,446407,448390,1983,295,1688,0.1487644982349975,32.0,225.0,150.29491525423728,159.0,45924781.0,515098500.0,False
Sudbury,preprocessed_Sudbury3D.hdf,314,448390,450373,1983,0,1983,0.0,,,,,45949290.0,515011600.0,False
Sudbury,preprocessed_Sudbury3D.hdf,315,450373,452356,1983,294,1689,0.14826021180030258,48.0,230.0,154.8639455782313,163.5,45927918.0,515093250.0,False
Sudbury,preprocessed_Sudbury3D.hdf,317,452356,454339,1983,0,1983,0.0,,,,,45947559.0,515015950.0,False
Sudbury,preprocessed_Sudbury3D.hdf,318,454339,456322,1983,296,1687,0.14926878466969237,36.0,231.0,147.4358108108108,153.0,45931200.0,515088650.0,False
Sudbury,preprocessed_Sudbury3D.hdf,319,456322,458305,1983,0,1983,0.0,,,,,45945818.0,515022400.0,False
Sudbury,preprocessed_Sudbury3D.hdf,320,458305,460288,1983,0,1983,0.0,,,,,45934218.0,515083900.0,False
Sudbury,preprocessed_Sudbury3D.hdf,321,460288,462271,1983,0,1983,0.0,,,,,45941309.0,515026600.0,False
Sudbury,preprocessed_Sudbury3D.hdf,322,462271,464254,1983,0,1983,0.0,,,,,45938368.0,515080250.0,False
Sudbury,preprocessed_Sudbury3D.hdf,323,464254,466237,1983,300,1683,0.15128593040847202,35.0,208.0,138.96333333333334,143.5,45941859.0,515076050.0,False
Sudbury,preprocessed_Sudbury3D.hdf,324,466237,468220,1983,0,1983,0.0,,,,,45939468.0,515031900.0,False
Sudbury,preprocessed_Sudbury3D.hdf,325,468220,470203,1983,300,1683,0.15128593040847202,51.0,218.0,142.66666666666666,145.5,45944290.0,515070850.0,False
Sudbury,preprocessed_Sudbury3D.hdf,326,470203,472186,1983,0,1983,0.0,,,,,45939440.0,515037750.0,False
Sudbury,preprocessed_Sudbury3D.hdf,327,472186,474169,1983,299,1684,0.1507816439737771,63.0,211.0,144.41137123745818,147.0,45945240.0,515065750.0,False
Sudbury,preprocessed_Sudbury3D.hdf,328,474169,476152,1983,0,1983,0.0,,,,,45943659.0,515041700.0,False
Sudbury,preprocessed_Sudbury3D.hdf,329,476152,478135,1983,300,1683,0.15128593040847202,52.0,209.0,137.54666666666665,142.0,45947090.0,515060650.0,False
Sudbury,preprocessed_Sudbury3D.hdf,330,478135,480118,1983,0,1983,0.0,,,,,45948768.0,515055250.0,False
Sudbury,preprocessed_Sudbury3D.hdf,331,480118,482101,1983,0,1983,0.0,,,,,45948768.0,515055250.0,False
Sudbury,preprocessed_Sudbury3D.hdf,332,482101,484084,1983,300,1683,0.15128593040847202,33.0,225.0,132.05,140.0,45948059.0,515044800.0,False
Sudbury,preprocessed_Sudbury3D.hdf,333,484084,486067,1983,297,1686,0.14977307110438728,36.0,225.0,132.03367003367003,140.0,45952268.0,515044450.0,False
Sudbury,preprocessed_Sudbury3D.hdf,338,486067,488050,1983,288,1695,0.14523449319213314,29.0,282.0,182.01388888888889,186.5,45842990.0,514923850.0,False
Sudbury,preprocessed_Sudbury3D.hdf,339,488050,490033,1983,300,1683,0.15128593040847202,37.0,198.0,130.38333333333333,136.5,46192840.0,515058950.0,False
Sudbury,preprocessed_Sudbury3D.hdf,340,490033,492016,1983,300,1683,0.15128593040847202,39.0,291.0,189.61666666666667,195.0,45839081.0,514928150.0,False
Sudbury,preprocessed_Sudbury3D.hdf,341,492016,493999,1983,279,1704,0.14069591527987896,30.0,194.0,127.78494623655914,135.0,45978218.0,515128800.0,False
Sudbury,preprocessed_Sudbury3D.hdf,342,493999,495982,1983,0,1983,0.0,,,,,45836040.0,514933100.0,False
Sudbury,preprocessed_Sudbury3D.hdf,343,495982,497965,1983,0,1983,0.0,,,,,45835518.0,514938250.0,False
Sudbury,preprocessed_Sudbury3D.hdf,344,497965,499948,1983,295,1688,0.1487644982349975,32.0,199.0,132.51525423728813,135.0,45981640.0,515124150.0,False
Sudbury,preprocessed_Sudbury3D.hdf,345,499948,501931,1983,0,1983,0.0,,,,,45833209.0,514943000.0,False
Sudbury,preprocessed_Sudbury3D.hdf,346,501931,503914,1983,300,1683,0.15128593040847202,42.0,195.0,124.99333333333334,125.5,46235068.0,515108650.0,False
Sudbury,preprocessed_Sudbury3D.hdf,347,503914,505897,1983,300,1683,0.15128593040847202,43.0,204.0,134.22333333333333,140.0,45985840.0,515120300.0,False
Sudbury,preprocessed_Sudbury3D.hdf,348,505897,507880,1983,0,1983,0.0,,,,,45829068.0,514946950.0,False
Sudbury,preprocessed_Sudbury3D.hdf,349,507880,509863,1983,299,1684,0.1507816439737771,54.0,212.0,134.66555183946488,140.0,45989440.0,515115800.0,False
Sudbury,preprocessed_Sudbury3D.hdf,351,509863,511846,1983,0,1983,0.0,,,,,45825731.0,514952050.0,False
Sudbury,preprocessed_Sudbury3D.hdf,352,511846,513829,1983,0,1983,0.0,,,,,46267118.0,515124950.0,False
Sudbury,preprocessed_Sudbury3D.hdf,353,513829,515812,1983,300,1683,0.15128593040847202,53.0,212.0,135.29666666666665,139.5,45993590.0,515112300.0,False
Sudbury,preprocessed_Sudbury3D.hdf,354,515812,517795,1983,0,1983,0.0,,,,,45821190.0,514956050.0,False
Sudbury,preprocessed_Sudbury3D.hdf,355,517795,519778,1983,0,1983,0.0,,,,,46278259.0,515129150.0,False
Sudbury,preprocessed_Sudbury3D.hdf,357,519778,521761,1983,0,1983,0.0,,,,,45819018.0,514961550.0,False
Sudbury,preprocessed_Sudbury3D.hdf,358,521761,523744,1983,300,1683,0.15128593040847202,43.0,208.0,136.20666666666668,141.0,45997250.0,515107850.0,False
Sudbury,preprocessed_Sudbury3D.hdf,359,523744,525727,1983,0,1983,0.0,,,,,46284600.0,515134250.0,False
Sudbury,preprocessed_Sudbury3D.hdf,360,525727,527710,1983,300,1683,0.15128593040847202,30.0,192.0,133.38333333333333,137.5,46001181.0,515103600.0,False
Sudbury,preprocessed_Sudbury3D.hdf,361,527710,529693,1983,0,1983,0.0,,,,,46290881.0,515138650.0,False
Sudbury,preprocessed_Sudbury3D.hdf,362,529693,531676,1983,0,1983,0.0,,,,,45819018.0,514961550.0,False
Sudbury,preprocessed_Sudbury3D.hdf,363,531676,533659,1983,0,1983,0.0,,,,,46005890.0,515099600.0,False
Sudbury,preprocessed_Sudbury3D.hdf,364,533659,535642,1983,0,1983,0.0,,,,,46298818.0,515143500.0,False
Sudbury,preprocessed_Sudbury3D.hdf,365,535642,537625,1983,0,1983,0.0,,,,,45820209.0,514967100.0,False
Sudbury,preprocessed_Sudbury3D.hdf,366,537625,539608,1983,0,1983,0.0,,,,,45820209.0,514967100.0,False
Sudbury,preprocessed_Sudbury3D.hdf,367,539608,541591,1983,300,1683,0.15128593040847202,44.0,203.0,139.25333333333333,149.0,46009350.0,515093700.0,False
Sudbury,preprocessed_Sudbury3D.hdf,368,541591,543574,1983,0,1983,0.0,,,,,46301968.0,515149600.0,False
Sudbury,preprocessed_Sudbury3D.hdf,369,543574,545557,1983,300,1683,0.15128593040847202,56.0,315.0,216.47333333333333,227.0,45817009.0,514970500.0,False
Sudbury,preprocessed_Sudbury3D.hdf,370,545557,547540,1983,300,1683,0.15128593040847202,52.0,200.0,138.13666666666666,148.0,46011890.0,515088850.0,False
Sudbury,preprocessed_Sudbury3D.hdf,371,547540,549523,1983,0,1983,0.0,,,,,45811650.0,514974850.0,False
Sudbury,preprocessed_Sudbury3D.hdf,372,549523,551506,1983,300,1683,0.15128593040847202,40.0,197.0,136.27333333333334,142.0,46015790.0,515084400.0,False
Sudbury,preprocessed_Sudbury3D.hdf,373,551506,553489,1983,0,1983,0.0,,,,,45807409.0,514979150.0,False
Sudbury,preprocessed_Sudbury3D.hdf,374,553489,555472,1983,0,1983,0.0,,,,,46310531.0,515162250.0,False
Sudbury,preprocessed_Sudbury3D.hdf,375,555472,557455,1983,300,1683,0.15128593040847202,30.0,193.0,135.45,142.0,46020500.0,515080750.0,False
Sudbury,preprocessed_Sudbury3D.hdf,376,557455,559438,1983,0,1983,0.0,,,,,45802900.0,514983050.0,False
Sudbury,preprocessed_Sudbury3D.hdf,377,559438,561421,1983,300,1683,0.15128593040847202,27.0,203.0,132.76666666666668,141.5,46023531.0,515075900.0,False
Sudbury,preprocessed_Sudbury3D.hdf,378,561421,563404,1983,0,1983,0.0,,,,,45799318.0,514987700.0,False
Sudbury,preprocessed_Sudbury3D.hdf,381,563404,565387,1983,268,1715,0.13514876449823499,96.0,337.0,237.30597014925374,245.0,45794850.0,514991450.0,False
Sudbury,preprocessed_Sudbury3D.hdf,382,565387,567370,1983,300,1683,0.15128593040847202,35.0,195.0,132.66666666666666,143.5,46027100.0,515071300.0,False
Sudbury,preprocessed_Sudbury3D.hdf,383,567370,569353,1983,260,1723,0.13111447302067575,99.0,342.0,242.9346153846154,251.0,45790818.0,514996000.0,False
Sudbury,preprocessed_Sudbury3D.hdf,384,569353,571336,1983,300,1683,0.15128593040847202,45.0,193.0,133.95,143.5,46032331.0,515072300.0,False
Sudbury,preprocessed_Sudbury3D.hdf,385,571336,573319,1983,293,1690,0.14775592536560767,115.0,350.0,257.36860068259386,266.0,45787709.0,515000800.0,False
Sudbury,preprocessed_Sudbury3D.hdf,386,573319,575302,1983,298,1685,0.1502773575390822,52.0,199.0,139.36577181208054,146.5,46037881.0,515069400.0,False
Sudbury,preprocessed_Sudbury3D.hdf,387,575302,577285,1983,0,1983,0.0,,,,,45784190.0,515005100.0,False
Sudbury,preprocessed_Sudbury3D.hdf,388,577285,579268,1983,0,1983,0.0,,,,,45779440.0,515008050.0,False
Sudbury,preprocessed_Sudbury3D.hdf,389,579268,581251,1983,300,1683,0.15128593040847202,36.0,194.0,133.86333333333334,140.0,46042881.0,515066600.0,False
Sudbury,preprocessed_Sudbury3D.hdf,390,581251,583234,1983,0,1983,0.0,,,,,45777809.0,515013750.0,False
Sudbury,preprocessed_Sudbury3D.hdf,391,583234,584410,1176,114,1062,0.09693877551020408,257.0,371.0,312.4035087719298,314.0,45774750.0,515020150.0,False
Sudbury,preprocessed_Sudbury3D.hdf,403,584410,585724,1314,300,1014,0.228310502283105,157.0,354.0,262.9033333333333,268.0,45799640.0,515050000.0,False
Sudbury,preprocessed_Sudbury3D.hdf,404,585724,587707,1983,300,1683,0.15128593040847202,27.0,194.0,134.2,144.0,46060009.0,515044400.0,False
Sudbury,preprocessed_Sudbury3D.hdf,405,587707,589690,1983,300,1683,0.15128593040847202,213.0,388.0,304.6333333333333,315.0,45804490.0,515049200.0,False
Sudbury,preprocessed_Sudbury3D.hdf,406,589690,591673,1983,0,1983,0.0,,,,,45810300.0,515054600.0,False
Sudbury,preprocessed_Sudbury3D.hdf,407,591673,593656,1983,0,1983,0.0,,,,,45815168.0,515055850.0,False
Sudbury,preprocessed_Sudbury3D.hdf,408,593656,595639,1983,0,1983,0.0,,,,,45819018.0,515053000.0,False
Sudbury,preprocessed_Sudbury3D.hdf,409,595639,597622,1983,0,1983,0.0,,,,,45822940.0,515049100.0,False
Sudbury,preprocessed_Sudbury3D.hdf,411,597622,599605,1983,0,1983,0.0,,,,,46011509.0,515005850.0,False
Sudbury,preprocessed_Sudbury3D.hdf,412,599605,601588,1983,0,1983,0.0,,,,,45827181.0,515045700.0,False
Sudbury,preprocessed_Sudbury3D.hdf,413,601588,603571,1983,0,1983,0.0,,,,,46009218.0,515009150.0,False
Sudbury,preprocessed_Sudbury3D.hdf,415,603571,605554,1983,0,1983,0.0,,,,,45827550.0,515040050.0,False
Sudbury,preprocessed_Sudbury3D.hdf,416,605554,607537,1983,0,1983,0.0,,,,,46006640.0,515012350.0,False
Sudbury,preprocessed_Sudbury3D.hdf,417,607537,609520,1983,0,1983,0.0,,,,,45834018.0,515038250.0,False
Sudbury,preprocessed_Sudbury3D.hdf,418,609520,611503,1983,0,1983,0.0,,,,,45838509.0,515035150.0,False
Sudbury,preprocessed_Sudbury3D.hdf,419,611503,613486,1983,0,1983,0.0,,,,,46003018.0,515016350.0,False
Sudbury,preprocessed_Sudbury3D.hdf,420,613486,615469,1983,0,1983,0.0,,,,,45841181.0,515030350.0,False
Sudbury,preprocessed_Sudbury3D.hdf,421,615469,617452,1983,0,1983,0.0,,,,,45997350.0,515017250.0,False
Sudbury,preprocessed_Sudbury3D.hdf,422,617452,619435,1983,0,1983,0.0,,,,,45844209.0,515025200.0,False
Sudbury,preprocessed_Sudbury3D.hdf,423,619435,621418,1983,0,1983,0.0,,,,,46321000.0,515176150.0,False
Sudbury,preprocessed_Sudbury3D.hdf,424,621418,623401,1983,0,1983,0.0,,,,,45991909.0,515019000.0,False
Sudbury,preprocessed_Sudbury3D.hdf,425,623401,625384,1983,300,1683,0.15128593040847202,63.0,264.0,188.36333333333334,198.0,45847250.0,515020500.0,False
Sudbury,preprocessed_Sudbury3D.hdf,426,625384,627367,1983,269,1714,0.1356530509329299,35.0,271.0,167.23048327137548,167.0,46325850.0,515183400.0,False
Sudbury,preprocessed_Sudbury3D.hdf,428,627367,629350,1983,299,1684,0.1507816439737771,48.0,189.0,128.37458193979933,135.0,45985559.0,515020100.0,False
Sudbury,preprocessed_Sudbury3D.hdf,429,629350,631333,1983,300,1683,0.15128593040847202,56.0,259.0,182.02,189.5,45849100.0,515015700.0,False
Sudbury,preprocessed_Sudbury3D.hdf,430,631333,633316,1983,278,1705,0.14019162884518407,48.0,282.0,174.4136690647482,179.0,46329000.0,515189350.0,False
Sudbury,preprocessed_Sudbury3D.hdf,431,633316,635299,1983,300,1683,0.15128593040847202,35.0,179.0,124.46666666666667,129.5,45986450.0,515026250.0,False
Sudbury,preprocessed_Sudbury3D.hdf,432,635299,637282,1983,286,1697,0.1442259203227433,30.0,184.0,127.05244755244755,133.5,45983931.0,515031100.0,False
Sudbury,preprocessed_Sudbury3D.hdf,433,637282,639265,1983,0,1983,0.0,,,,,45852881.0,515011350.0,False
Sudbury,preprocessed_Sudbury3D.hdf,434,639265,641248,1983,299,1684,0.1507816439737771,19.0,203.0,126.0200668896321,132.0,45979681.0,515034600.0,False
Sudbury,preprocessed_Sudbury3D.hdf,435,641248,643231,1983,300,1683,0.15128593040847202,35.0,241.0,170.82,181.5,45857100.0,515008100.0,False
Sudbury,preprocessed_Sudbury3D.hdf,436,643231,645214,1983,276,1707,0.13918305597579425,28.0,184.0,122.6195652173913,130.0,45977031.0,515039550.0,False
Sudbury,preprocessed_Sudbury3D.hdf,437,645214,647197,1983,299,1684,0.1507816439737771,25.0,237.0,163.08695652173913,175.0,45861531.0,515004050.0,False
Sudbury,preprocessed_Sudbury3D.hdf,438,647197,649180,1983,299,1684,0.1507816439737771,37.0,187.0,124.90301003344482,134.0,45972140.0,515042100.0,False
Sudbury,preprocessed_Sudbury3D.hdf,440,649180,651163,1983,300,1683,0.15128593040847202,35.0,177.0,124.77,132.5,45968131.0,515046000.0,False
Sudbury,preprocessed_Sudbury3D.hdf,441,651163,653146,1983,300,1683,0.15128593040847202,19.0,230.0,160.11333333333334,172.0,45867409.0,515000950.0,False
Sudbury,preprocessed_Sudbury3D.hdf,442,653146,655129,1983,299,1684,0.1507816439737771,34.0,194.0,129.2742474916388,139.0,45961968.0,515045000.0,False
Sudbury,preprocessed_Sudbury3D.hdf,443,655129,657112,1983,0,1983,0.0,,,,,45870331.0,514998100.0,False
Sudbury,preprocessed_Sudbury3D.hdf,444,657112,659095,1983,300,1683,0.15128593040847202,28.0,185.0,130.04333333333332,137.0,45957750.0,515048150.0,False
Sudbury,preprocessed_Sudbury3D.hdf,445,659095,661078,1983,300,1683,0.15128593040847202,30.0,231.0,151.40333333333334,164.0,45874600.0,514994650.0,False
Sudbury,preprocessed_Sudbury3D.hdf,446,661078,663061,1983,183,1800,0.09228441754916793,182.0,357.0,285.3825136612022,293.0,46434559.0,515119500.0,False
Sudbury,preprocessed_Sudbury3D.hdf,447,663061,665044,1983,291,1692,0.14674735249621784,38.0,194.0,133.1958762886598,141.0,45952209.0,515050900.0,False
Sudbury,preprocessed_Sudbury3D.hdf,448,665044,667027,1983,299,1684,0.1507816439737771,45.0,235.0,149.00334448160535,159.0,45878459.0,514989900.0,False
Sudbury,preprocessed_Sudbury3D.hdf,449,667027,669010,1983,195,1788,0.09833585476550681,168.0,363.0,277.89230769230767,282.0,46427900.0,515122100.0,False
Sudbury,preprocessed_Sudbury3D.hdf,450,669010,670993,1983,281,1702,0.14170448814926878,50.0,218.0,140.49466192170817,149.0,45881631.0,514985400.0,False
Sudbury,preprocessed_Sudbury3D.hdf,451,670993,672976,1983,300,1683,0.15128593040847202,40.0,244.0,139.68,145.5,45886131.0,514984050.0,False
Sudbury,preprocessed_Sudbury3D.hdf,452,672976,674959,1983,291,1692,0.14674735249621784,46.0,236.0,144.51202749140893,153.0,45887681.0,514988350.0,False
Sudbury,preprocessed_Sudbury3D.hdf,453,674959,676942,1983,300,1683,0.15128593040847202,48.0,232.0,144.65333333333334,155.5,45890131.0,514993500.0,False
Sudbury,preprocessed_Sudbury3D.hdf,454,676942,678925,1983,300,1683,0.15128593040847202,34.0,179.0,126.49666666666667,136.0,45973590.0,515052450.0,False
Sudbury,preprocessed_Sudbury3D.hdf,455,678925,680908,1983,0,1983,0.0,,,,,45895409.0,514994700.0,False
Sudbury,preprocessed_Sudbury3D.hdf,456,680908,682891,1983,300,1683,0.15128593040847202,44.0,233.0,145.16666666666666,156.0,45900640.0,514996300.0,False
Sudbury,preprocessed_Sudbury3D.hdf,457,682891,684874,1983,287,1696,0.14473020675743822,30.0,182.0,125.61672473867596,134.0,45974740.0,515057750.0,False
Sudbury,preprocessed_Sudbury3D.hdf,458,684874,686857,1983,293,1690,0.14775592536560767,28.0,183.0,125.99658703071673,133.0,45978059.0,515063050.0,False
Sudbury,preprocessed_Sudbury3D.hdf,459,686857,688840,1983,288,1695,0.14523449319213314,25.0,188.0,128.49652777777777,133.5,45978981.0,515068750.0,False
Sudbury,preprocessed_Sudbury3D.hdf,460,688840,690823,1983,300,1683,0.15128593040847202,28.0,225.0,135.94333333333333,144.0,45907500.0,514981350.0,False
Sudbury,preprocessed_Sudbury3D.hdf,461,690823,692806,1983,276,1707,0.13918305597579425,25.0,193.0,130.55072463768116,135.0,45982559.0,515074450.0,False
Sudbury,preprocessed_Sudbury3D.hdf,462,692806,694789,1983,300,1683,0.15128593040847202,28.0,225.0,135.94333333333333,144.0,45905740.0,514986750.0,False
Sudbury,preprocessed_Sudbury3D.hdf,463,694789,696772,1983,274,1709,0.13817448310640443,36.0,197.0,131.9890510948905,137.0,45980709.0,515082450.0,False
Sudbury,preprocessed_Sudbury3D.hdf,464,696772,698755,1983,0,1983,0.0,,,,,45907468.0,514981450.0,False
Sudbury,preprocessed_Sudbury3D.hdf,465,698755,700738,1983,287,1696,0.14473020675743822,35.0,183.0,128.1951219512195,134.0,45982031.0,515088400.0,False
Sudbury,preprocessed_Sudbury3D.hdf,466,700738,702721,1983,300,1683,0.15128593040847202,42.0,194.0,131.52666666666667,133.0,45908268.0,514976200.0,False
Sudbury,preprocessed_Sudbury3D.hdf,467,702721,704704,1983,289,1694,0.14573877962682805,32.0,187.0,128.560553633218,137.0,45985800.0,515094050.0,False
Sudbury,preprocessed_Sudbury3D.hdf,469,704704,706687,1983,300,1683,0.15128593040847202,36.0,187.0,126.65333333333334,128.0,45909350.0,514970700.0,False
Sudbury,preprocessed_Sudbury3D.hdf,470,706687,708670,1983,285,1698,0.1437216338880484,45.0,193.0,132.97543859649122,138.0,45986990.0,515101450.0,False
Sudbury,preprocessed_Sudbury3D.hdf,471,708670,710653,1983,300,1683,0.15128593040847202,28.0,202.0,127.55,130.0,45913331.0,514967050.0,False
Sudbury,preprocessed_Sudbury3D.hdf,472,710653,712636,1983,300,1683,0.15128593040847202,32.0,192.0,129.17666666666668,136.0,45917968.0,514964050.0,False
Sudbury,preprocessed_Sudbury3D.hdf,473,712636,714619,1983,291,1692,0.14674735249621784,56.0,192.0,134.4570446735395,141.0,45984768.0,515108150.0,False
Sudbury,preprocessed_Sudbury3D.hdf,474,714619,716602,1983,300,1683,0.15128593040847202,50.0,192.0,137.77,145.5,45921490.0,514959750.0,False
Sudbury,preprocessed_Sudbury3D.hdf,475,716602,718585,1983,300,1683,0.15128593040847202,37.0,191.0,130.91666666666666,138.5,45979790.0,515113800.0,False
Sudbury,preprocessed_Sudbury3D.hdf,476,718585,720568,1983,300,1683,0.15128593040847202,61.0,191.0,136.06333333333333,142.0,45925309.0,514955650.0,False
Sudbury,preprocessed_Sudbury3D.hdf,477,720568,722551,1983,292,1691,0.14725163893091275,30.0,194.0,131.37328767123287,135.0,45975231.0,515118500.0,False
Sudbury,preprocessed_Sudbury3D.hdf,478,722551,724534,1983,300,1683,0.15128593040847202,66.0,195.0,137.63666666666666,144.0,45928831.0,514951900.0,False
Sudbury,preprocessed_Sudbury3D.hdf,479,724534,726517,1983,292,1691,0.14725163893091275,26.0,195.0,129.2294520547945,136.0,45974218.0,515123800.0,False
Sudbury,preprocessed_Sudbury3D.hdf,480,726517,728500,1983,300,1683,0.15128593040847202,59.0,193.0,136.85666666666665,140.0,45932350.0,514948450.0,False
Sudbury,preprocessed_Sudbury3D.hdf,482,728500,730483,1983,280,1703,0.14120020171457387,47.0,204.0,132.34285714285716,135.5,45977109.0,515135650.0,False
Sudbury,preprocessed_Sudbury3D.hdf,483,730483,732466,1983,300,1683,0.15128593040847202,40.0,193.0,132.82666666666665,134.0,45934390.0,514943200.0,False
Sudbury,preprocessed_Sudbury3D.hdf,484,732466,734449,1983,292,1691,0.14725163893091275,37.0,201.0,132.6541095890411,135.0,45982790.0,515134050.0,False
Sudbury,preprocessed_Sudbury3D.hdf,485,734449,736432,1983,299,1684,0.1507816439737771,47.0,193.0,134.33444816053512,138.0,45936790.0,514938350.0,False
Sudbury,preprocessed_Sudbury3D.hdf,486,736432,738415,1983,291,1692,0.14674735249621784,28.0,201.0,131.1958762886598,138.0,45987581.0,515136450.0,False
Sudbury,preprocessed_Sudbury3D.hdf,487,738415,740398,1983,299,1684,0.1507816439737771,54.0,199.0,138.10702341137124,144.0,45940209.0,514933950.0,False
Sudbury,preprocessed_Sudbury3D.hdf,488,740398,742381,1983,290,1693,0.14624306606152296,29.0,196.0,129.51724137931035,136.0,45992759.0,515137400.0,False
Sudbury,preprocessed_Sudbury3D.hdf,489,742381,744364,1983,300,1683,0.15128593040847202,41.0,197.0,134.31666666666666,140.5,45945409.0,514932700.0,False
Sudbury,preprocessed_Sudbury3D.hdf,490,744364,746347,1983,289,1694,0.14573877962682805,28.0,193.0,128.53979238754326,135.0,45997890.0,515140250.0,False
Sudbury,preprocessed_Sudbury3D.hdf,491,746347,748330,1983,300,1683,0.15128593040847202,37.0,207.0,135.72,142.0,45950118.0,514933650.0,False
Sudbury,preprocessed_Sudbury3D.hdf,492,748330,750313,1983,279,1704,0.14069591527987896,29.0,184.0,125.76702508960574,132.0,46002181.0,515143350.0,False
Sudbury,preprocessed_Sudbury3D.hdf,493,750313,752295,1982,0,1982,0.0,,,,,45948809.0,515006250.0,False
Sudbury,preprocessed_Sudbury3D.hdf,494,752295,754277,1982,300,1682,0.15136226034308778,36.0,201.0,127.08,131.5,45944300.0,515009250.0,False
Sudbury,preprocessed_Sudbury3D.hdf,495,754277,756259,1982,299,1683,0.15085771947527749,36.0,198.0,126.74916387959867,132.0,45939700.0,515011950.0,False
Sudbury,preprocessed_Sudbury3D.hdf,496,756259,758241,1982,300,1682,0.15136226034308778,29.0,192.0,128.86,135.5,45935740.0,515015750.0,False
Sudbury,preprocessed_Sudbury3D.hdf,497,758241,760223,1982,300,1682,0.15136226034308778,56.0,253.0,182.02333333333334,191.5,45903518.0,515125150.0,False
Sudbury,preprocessed_Sudbury3D.hdf,498,760223,762205,1982,261,1721,0.13168516649848638,64.0,263.0,184.31417624521072,191.0,45899800.0,515128700.0,False
Sudbury,preprocessed_Sudbury3D.hdf,499,762205,764187,1982,300,1682,0.15136226034308778,21.0,189.0,130.49333333333334,138.5,45930909.0,515018800.0,False
Sudbury,preprocessed_Sudbury3D.hdf,501,764187,766169,1982,255,1727,0.12865792129162462,65.0,271.0,194.09803921568627,207.0,45896290.0,515132500.0,False
Sudbury,preprocessed_Sudbury3D.hdf,502,766169,768151,1982,0,1982,0.0,,,,,45926900.0,515023150.0,False
Sudbury,preprocessed_Sudbury3D.hdf,503,768151,770133,1982,300,1682,0.15136226034308778,74.0,281.0,202.78666666666666,212.5,45892659.0,515136200.0,False
Sudbury,preprocessed_Sudbury3D.hdf,504,770133,772115,1982,290,1692,0.14631685166498487,23.0,190.0,130.67241379310346,135.0,46092359.0,515150650.0,False
Sudbury,preprocessed_Sudbury3D.hdf,505,772115,774097,1982,300,1682,0.15136226034308778,79.0,280.0,207.51666666666668,217.0,45888331.0,515139950.0,False
Sudbury,preprocessed_Sudbury3D.hdf,506,774097,776079,1982,300,1682,0.15136226034308778,36.0,197.0,133.73,145.0,45923409.0,515026900.0,False
Sudbury,preprocessed_Sudbury3D.hdf,507,776079,778061,1982,291,1691,0.14682139253279516,34.0,201.0,133.84192439862542,140.0,46091981.0,515158850.0,False
Sudbury,preprocessed_Sudbury3D.hdf,508,778061,780043,1982,299,1683,0.15085771947527749,95.0,294.0,214.59197324414717,224.0,45884500.0,515143000.0,False
Sudbury,preprocessed_Sudbury3D.hdf,509,780043,782025,1982,292,1690,0.14732593340060546,45.0,197.0,135.40753424657535,140.5,46091340.0,515164900.0,False
Sudbury,preprocessed_Sudbury3D.hdf,510,782025,784007,1982,298,1684,0.1503531786074672,52.0,191.0,135.43624161073825,142.0,46088518.0,515169750.0,False
Sudbury,preprocessed_Sudbury3D.hdf,511,784007,785989,1982,300,1682,0.15136226034308778,118.0,302.0,226.49,231.0,45879490.0,515145550.0,False
Sudbury,preprocessed_Sudbury3D.hdf,512,785989,787971,1982,287,1695,0.144803229061554,50.0,194.0,136.81533101045295,143.0,46082659.0,515171200.0,False
Sudbury,preprocessed_Sudbury3D.hdf,514,787971,789953,1982,291,1691,0.14682139253279516,40.0,196.0,136.94158075601374,143.0,46078381.0,515173600.0,False
Sudbury,preprocessed_Sudbury3D.hdf,515,789953,791935,1982,292,1690,0.14732593340060546,27.0,195.0,136.6541095890411,142.0,46076140.0,515179100.0,False
Sudbury,preprocessed_Sudbury3D.hdf,516,791935,793917,1982,0,1982,0.0,,,,,45920431.0,515030800.0,False
Sudbury,preprocessed_Sudbury3D.hdf,517,793917,795899,1982,299,1683,0.15085771947527749,36.0,224.0,137.83277591973246,145.0,46074590.0,515185150.0,False
Sudbury,preprocessed_Sudbury3D.hdf,518,795899,797882,1983,291,1692,0.14674735249621784,20.0,195.0,127.79381443298969,131.0,46015140.0,515158650.0,False
Sudbury,preprocessed_Sudbury3D.hdf,519,797882,799865,1983,259,1724,0.13061018658598084,124.0,331.0,251.15057915057915,255.0,46335650.0,515282700.0,False
Sudbury,preprocessed_Sudbury3D.hdf,520,799865,801848,1983,300,1683,0.15128593040847202,49.0,201.0,140.72,150.5,45917000.0,515036100.0,False
Sudbury,preprocessed_Sudbury3D.hdf,521,801848,803831,1983,288,1695,0.14523449319213314,31.0,200.0,128.44097222222223,133.0,46019359.0,515159050.0,False
Sudbury,preprocessed_Sudbury3D.hdf,522,803831,805814,1983,266,1717,0.1341401916288452,107.0,321.0,244.89473684210526,251.0,46333381.0,515277500.0,False
Sudbury,preprocessed_Sudbury3D.hdf,523,805814,807797,1983,292,1691,0.14725163893091275,29.0,199.0,128.3835616438356,133.0,46024400.0,515161200.0,False
Sudbury,preprocessed_Sudbury3D.hdf,525,807797,809780,1983,290,1693,0.14624306606152296,37.0,196.0,129.74137931034483,135.5,46030659.0,515162400.0,False
Sudbury,preprocessed_Sudbury3D.hdf,526,809780,811763,1983,268,1715,0.13514876449823499,108.0,316.0,239.78731343283582,247.0,46331509.0,515273050.0,False
Sudbury,preprocessed_Sudbury3D.hdf,527,811763,813746,1983,291,1692,0.14674735249621784,48.0,198.0,133.5979381443299,140.0,46037018.0,515163150.0,False
Sudbury,preprocessed_Sudbury3D.hdf,528,813746,815729,1983,295,1688,0.1487644982349975,44.0,205.0,139.72881355932202,151.0,45912168.0,515033450.0,False
Sudbury,preprocessed_Sudbury3D.hdf,529,815729,817712,1983,256,1727,0.12909732728189613,103.0,310.0,230.05078125,236.0,46329540.0,515266900.0,False
Sudbury,preprocessed_Sudbury3D.hdf,530,817712,819695,1983,0,1983,0.0,,,,,46042668.0,515165050.0,False
Sudbury,preprocessed_Sudbury3D.hdf,531,819695,821678,1983,0,1983,0.0,,,,,46326368.0,515259650.0,False
Sudbury,preprocessed_Sudbury3D.hdf,532,821678,823661,1983,0,1983,0.0,,,,,46049118.0,515163500.0,False
Sudbury,preprocessed_Sudbury3D.hdf,533,823661,825644,1983,0,1983,0.0,,,,,46323200.0,515254650.0,False
Sudbury,preprocessed_Sudbury3D.hdf,534,825644,827627,1983,0,1983,0.0,,,,,46054609.0,515161200.0,False
Sudbury,preprocessed_Sudbury3D.hdf,535,827627,829610,1983,0,1983,0.0,,,,,46320650.0,515246400.0,False
Sudbury,preprocessed_Sudbury3D.hdf,536,829610,831593,1983,0,1983,0.0,,,,,45908081.0,515036300.0,False
Sudbury,preprocessed_Sudbury3D.hdf,537,831593,833576,1983,0,1983,0.0,,,,,46057790.0,515156550.0,False
Sudbury,preprocessed_Sudbury3D.hdf,538,833576,835559,1983,0,1983,0.0,,,,,45905781.0,515041600.0,False
Sudbury,preprocessed_Sudbury3D.hdf,539,835559,837542,1983,0,1983,0.0,,,,,46060718.0,515150650.0,False
Sudbury,preprocessed_Sudbury3D.hdf,540,837542,839524,1982,120,1862,0.060544904137235116,25.0,227.0,136.05833333333334,142.0,45899968.0,515043900.0,False
Sudbury,preprocessed_Sudbury3D.hdf,541,839524,841507,1983,285,1698,0.1437216338880484,46.0,194.0,133.15087719298245,144.0,46063959.0,515145200.0,False
Sudbury,preprocessed_Sudbury3D.hdf,542,841507,843490,1983,274,1709,0.13817448310640443,56.0,281.0,202.9160583941606,214.0,46318068.0,515241700.0,False
Sudbury,preprocessed_Sudbury3D.hdf,543,843490,845473,1983,288,1695,0.14523449319213314,35.0,196.0,133.07291666666666,142.0,46067681.0,515140700.0,False
Sudbury,preprocessed_Sudbury3D.hdf,544,845473,847456,1983,293,1690,0.14775592536560767,31.0,226.0,153.26962457337885,159.0,45897509.0,515048900.0,False
Sudbury,preprocessed_Sudbury3D.hdf,545,847456,849439,1983,291,1692,0.14674735249621784,32.0,201.0,136.66323024054984,142.0,46073681.0,515137750.0,False
Sudbury,preprocessed_Sudbury3D.hdf,546,849439,851422,1983,300,1683,0.15128593040847202,41.0,232.0,161.87333333333333,167.0,45892840.0,515052400.0,False
Sudbury,preprocessed_Sudbury3D.hdf,547,851422,853405,1983,288,1695,0.14523449319213314,30.0,195.0,134.69791666666666,139.5,46077459.0,515132800.0,False
Sudbury,preprocessed_Sudbury3D.hdf,549,853405,855388,1983,291,1692,0.14674735249621784,43.0,197.0,138.31958762886597,148.0,46081281.0,515128450.0,False
Sudbury,preprocessed_Sudbury3D.hdf,550,855388,857371,1983,274,1709,0.13817448310640443,38.0,275.0,190.44525547445255,194.5,46315518.0,515228500.0,False
Sudbury,preprocessed_Sudbury3D.hdf,551,857371,859354,1983,0,1983,0.0,,,,,45887981.0,515054800.0,False
Sudbury,preprocessed_Sudbury3D.hdf,552,859354,861337,1983,287,1696,0.14473020675743822,54.0,193.0,138.05923344947735,147.0,46086200.0,515126400.0,False
Sudbury,preprocessed_Sudbury3D.hdf,553,861337,863320,1983,263,1720,0.13262733232476046,18.0,266.0,178.33079847908746,184.0,46311950.0,515221700.0,False
Sudbury,preprocessed_Sudbury3D.hdf,554,863320,865303,1983,0,1983,0.0,,,,,45883340.0,515058250.0,False
Sudbury,preprocessed_Sudbury3D.hdf,555,865303,867286,1983,296,1687,0.14926878466969237,37.0,196.0,128.63851351351352,137.0,46091290.0,515123400.0,False
Sudbury,preprocessed_Sudbury3D.hdf,556,867286,869269,1983,286,1697,0.1442259203227433,31.0,191.0,131.3006993006993,136.5,46089459.0,515116600.0,False
Sudbury,preprocessed_Sudbury3D.hdf,557,869269,871252,1983,248,1735,0.12506303580433686,33.0,269.0,175.0040322580645,181.0,46317031.0,515214850.0,False
Sudbury,preprocessed_Sudbury3D.hdf,558,871252,873235,1983,295,1688,0.1487644982349975,55.0,254.0,171.74576271186442,178.0,45880150.0,515062500.0,False
Sudbury,preprocessed_Sudbury3D.hdf,559,873235,875218,1983,281,1702,0.14170448814926878,26.0,189.0,131.39857651245552,135.0,46089718.0,515109700.0,False
Sudbury,preprocessed_Sudbury3D.hdf,560,875218,877201,1983,277,1706,0.13968734241048916,61.0,255.0,175.35018050541515,181.0,45875100.0,515064800.0,False
Sudbury,preprocessed_Sudbury3D.hdf,561,877201,879184,1983,285,1698,0.1437216338880484,30.0,191.0,130.81754385964913,137.0,46093090.0,515104950.0,False
Sudbury,preprocessed_Sudbury3D.hdf,563,879184,881167,1983,0,1983,0.0,,,,,45870240.0,515067850.0,False
Sudbury,preprocessed_Sudbury3D.hdf,564,881167,883150,1983,0,1983,0.0,,,,,46095440.0,515100950.0,False
Sudbury,preprocessed_Sudbury3D.hdf,565,883150,885133,1983,260,1723,0.13111447302067575,38.0,264.0,172.4653846153846,176.5,46318018.0,515210100.0,False
Sudbury,preprocessed_Sudbury3D.hdf,566,885133,887116,1983,0,1983,0.0,,,,,45865800.0,515071650.0,False
Sudbury,preprocessed_Sudbury3D.hdf,567,887116,889099,1983,290,1693,0.14624306606152296,47.0,189.0,131.73103448275862,141.5,46098850.0,515096050.0,False
Sudbury,preprocessed_Sudbury3D.hdf,568,889099,891082,1983,247,1736,0.12455874936964195,49.0,268.0,168.22267206477733,172.0,46321290.0,515204700.0,False
Sudbury,preprocessed_Sudbury3D.hdf,569,891082,893065,1983,285,1698,0.1437216338880484,37.0,185.0,127.29473684210527,137.0,46101618.0,515092200.0,False
Sudbury,preprocessed_Sudbury3D.hdf,570,893065,895048,1983,0,1983,0.0,,,,,45860959.0,515074950.0,False
Sudbury,preprocessed_Sudbury3D.hdf,571,895048,897031,1983,261,1722,0.13161875945537066,64.0,279.0,176.78927203065135,181.0,46327909.0,515199700.0,False
Sudbury,preprocessed_Sudbury3D.hdf,572,897031,899014,1983,0,1983,0.0,,,,,45855390.0,515076250.0,False
Sudbury,preprocessed_Sudbury3D.hdf,573,899014,900997,1983,293,1690,0.14775592536560767,29.0,193.0,130.60409556313994,136.0,46109309.0,515092750.0,False
Sudbury,preprocessed_Sudbury3D.hdf,574,900997,902980,1983,0,1983,0.0,,,,,45851059.0,515078600.0,False
Sudbury,preprocessed_Sudbury3D.hdf,575,902980,904963,1983,0,1983,0.0,,,,,46115918.0,515089550.0,False
Sudbury,preprocessed_Sudbury3D.hdf,576,904963,906946,1983,281,1702,0.14170448814926878,35.0,182.0,124.29537366548043,133.0,46119959.0,515084700.0,False
Sudbury,preprocessed_Sudbury3D.hdf,577,906946,908929,1983,227,1756,0.11447302067574382,160.0,320.0,245.95594713656388,259.0,45847131.0,515082700.0,False
Sudbury,preprocessed_Sudbury3D.hdf,578,908929,910912,1983,290,1693,0.14624306606152296,41.0,187.0,125.00689655172414,129.0,46124090.0,515080700.0,False
Sudbury,preprocessed_Sudbury3D.hdf,579,910912,912895,1983,235,1748,0.11850731215330308,60.0,285.0,170.6468085106383,171.0,46329881.0,515197050.0,False
Sudbury,preprocessed_Sudbury3D.hdf,580,912895,914878,1983,0,1983,0.0,,,,,45841690.0,515086300.0,False
Sudbury,preprocessed_Sudbury3D.hdf,581,914878,916861,1983,300,1683,0.15128593040847202,32.0,183.0,124.34666666666666,126.5,46130409.0,515076700.0,False
Sudbury,preprocessed_Sudbury3D.hdf,582,916861,918844,1983,259,1724,0.13061018658598084,63.0,289.0,180.78764478764478,184.0,46336340.0,515193300.0,False
Sudbury,preprocessed_Sudbury3D.hdf,583,918844,920827,1983,284,1699,0.14321734745335352,23.0,189.0,123.67957746478874,126.5,46135009.0,515072300.0,False
Sudbury,preprocessed_Sudbury3D.hdf,584,920827,922810,1983,259,1724,0.13061018658598084,51.0,287.0,178.72200772200773,180.0,46337359.0,515188050.0,False
Sudbury,preprocessed_Sudbury3D.hdf,585,922810,924793,1983,300,1683,0.15128593040847202,126.0,310.0,234.24666666666667,241.5,45841259.0,515091900.0,False
Sudbury,preprocessed_Sudbury3D.hdf,586,924793,926776,1983,281,1702,0.14170448814926878,25.0,180.0,122.11032028469751,127.0,46138631.0,515067100.0,False
Sudbury,preprocessed_Sudbury3D.hdf,587,926776,928759,1983,289,1694,0.14573877962682805,37.0,178.0,120.68858131487889,125.0,46142459.0,515062400.0,False
Sudbury,preprocessed_Sudbury3D.hdf,588,928759,930742,1983,235,1748,0.11850731215330308,52.0,599.0,174.10212765957448,169.0,46341390.0,515185250.0,False
Sudbury,preprocessed_Sudbury3D.hdf,589,930742,932725,1983,247,1736,0.12455874936964195,46.0,289.0,179.1093117408907,173.0,46344640.0,515183000.0,False
Sudbury,preprocessed_Sudbury3D.hdf,590,932725,934708,1983,294,1689,0.14826021180030258,46.0,186.0,123.67006802721089,128.0,46145850.0,515058500.0,False
Sudbury,preprocessed_Sudbury3D.hdf,591,934708,936691,1983,0,1983,0.0,,,,,46348568.0,515180150.0,False
Sudbury,preprocessed_Sudbury3D.hdf,592,936691,938674,1983,299,1684,0.1507816439737771,41.0,193.0,128.90301003344482,134.0,46149709.0,515053450.0,False
Sudbury,preprocessed_Sudbury3D.hdf,593,938674,940657,1983,0,1983,0.0,,,,,46153431.0,515048200.0,False
Sudbury,preprocessed_Sudbury3D.hdf,594,940657,942640,1983,247,1736,0.12455874936964195,34.0,308.0,196.96356275303643,193.0,46354618.0,515176450.0,False
Sudbury,preprocessed_Sudbury3D.hdf,595,942640,944623,1983,295,1688,0.1487644982349975,22.0,186.0,119.10169491525424,126.0,46158568.0,515044350.0,False
Sudbury,preprocessed_Sudbury3D.hdf,596,944623,946606,1983,188,1795,0.09480584972264246,27.0,310.0,178.04787234042553,175.5,46360618.0,515173550.0,False
Sudbury,preprocessed_Sudbury3D.hdf,597,946606,948589,1983,283,1700,0.1427130610186586,27.0,188.0,118.85159010600707,121.0,46164690.0,515042450.0,False
Sudbury,preprocessed_Sudbury3D.hdf,598,948589,950572,1983,258,1725,0.13010590015128592,37.0,318.0,207.8217054263566,203.0,46366081.0,515169850.0,False
Sudbury,preprocessed_Sudbury3D.hdf,599,950572,952555,1983,295,1688,0.1487644982349975,21.0,190.0,119.60338983050848,119.0,46173181.0,515047200.0,False
Sudbury,preprocessed_Sudbury3D.hdf,600,952555,954538,1983,257,1726,0.129601613716591,44.0,332.0,214.5408560311284,211.0,46370009.0,515167050.0,False
Sudbury,preprocessed_Sudbury3D.hdf,601,954538,956521,1983,287,1696,0.14473020675743822,25.0,182.0,118.59581881533101,123.0,46176959.0,515051850.0,False
Sudbury,preprocessed_Sudbury3D.hdf,602,956521,958504,1983,293,1690,0.14775592536560767,30.0,187.0,119.07508532423208,122.0,46180800.0,515052900.0,False
Sudbury,preprocessed_Sudbury3D.hdf,603,958504,960487,1983,300,1683,0.15128593040847202,38.0,186.0,120.94,123.0,46186368.0,515055400.0,False
Sudbury,preprocessed_Sudbury3D.hdf,604,960487,962470,1983,216,1767,0.10892586989409984,49.0,327.0,210.09259259259258,198.5,46371640.0,515165450.0,False
Sudbury,preprocessed_Sudbury3D.hdf,605,962470,964453,1983,225,1758,0.11346444780635401,61.0,337.0,213.5911111111111,211.0,46376259.0,515160600.0,False
Sudbury,preprocessed_Sudbury3D.hdf,606,964453,966436,1983,154,1829,0.07766011094301563,71.0,343.0,203.0,193.0,46380050.0,515157400.0,False
Sudbury,preprocessed_Sudbury3D.hdf,607,966436,968419,1983,237,1746,0.11951588502269289,78.0,345.0,232.54430379746836,226.0,46384890.0,515151650.0,False
Sudbury,preprocessed_Sudbury3D.hdf,608,968419,970402,1983,231,1752,0.11649016641452345,92.0,362.0,241.71861471861473,231.0,46390950.0,515146750.0,False
Sudbury,preprocessed_Sudbury3D.hdf,609,970402,972385,1983,226,1757,0.11396873424104892,106.0,369.0,249.79646017699116,237.5,46393468.0,515144100.0,False
Sudbury,preprocessed_Sudbury3D.hdf,610,972385,974368,1983,300,1683,0.15128593040847202,32.0,192.0,120.10333333333334,120.0,46190068.0,515052550.0,False
Sudbury,preprocessed_Sudbury3D.hdf,611,974368,976351,1983,254,1729,0.1280887544125063,98.0,353.0,247.88582677165354,250.5,46397809.0,515141800.0,False
Sudbury,preprocessed_Sudbury3D.hdf,612,976351,978334,1983,300,1683,0.15128593040847202,20.0,194.0,120.79333333333334,122.5,46193768.0,515047250.0,False
Sudbury,preprocessed_Sudbury3D.hdf,613,978334,980097,1763,247,1516,0.14010209869540555,183.0,349.0,262.14574898785423,262.0,46352259.0,515020950.0,False
Sudbury,preprocessed_Sudbury3D.hdf,614,980097,982080,1983,233,1750,0.11749873928391326,119.0,367.0,257.15450643776825,247.0,46403418.0,515138350.0,False
Sudbury,preprocessed_Sudbury3D.hdf,615,982080,984063,1983,300,1683,0.15128593040847202,20.0,195.0,124.64666666666666,130.5,46197659.0,515041700.0,False
Sudbury,preprocessed_Sudbury3D.hdf,617,984063,985826,1763,249,1514,0.1412365286443562,173.0,339.0,250.61044176706827,246.0,46349040.0,515026800.0,False
Sudbury,preprocessed_Sudbury3D.hdf,618,985826,987809,1983,212,1771,0.10690872415532023,128.0,367.0,260.95754716981133,254.0,46408731.0,515134400.0,False
Sudbury,preprocessed_Sudbury3D.hdf,619,987809,989792,1983,300,1683,0.15128593040847202,32.0,211.0,127.78666666666666,134.0,46200981.0,515037000.0,False
Sudbury,preprocessed_Sudbury3D.hdf,620,989792,991555,1763,163,1600,0.09245604083947816,165.0,325.0,241.35582822085888,242.0,46345181.0,515031200.0,False
Sudbury,preprocessed_Sudbury3D.hdf,621,991555,993538,1983,196,1787,0.09884014120020171,142.0,363.0,258.9540816326531,259.0,46413159.0,515129700.0,False
Sudbury,preprocessed_Sudbury3D.hdf,622,993538,995521,1983,300,1683,0.15128593040847202,42.0,210.0,132.04,136.0,46202759.0,515031050.0,False
Sudbury,preprocessed_Sudbury3D.hdf,623,995521,997284,1763,260,1503,0.1474758933635848,151.0,321.0,233.36153846153846,230.0,46340750.0,515036100.0,False
Sudbury,preprocessed_Sudbury3D.hdf,624,997284,999267,1983,189,1794,0.09531013615733737,148.0,357.0,262.42857142857144,263.0,46416909.0,515126850.0,False
Sudbury,preprocessed_Sudbury3D.hdf,625,999267,1001250,1983,300,1683,0.15128593040847202,38.0,215.0,132.20666666666668,136.5,46206168.0,515031650.0,False
Sudbury,preprocessed_Sudbury3D.hdf,626,1001250,1003013,1763,266,1497,0.15087918321043675,146.0,315.0,228.9812030075188,227.0,46337268.0,515037350.0,False
Sudbury,preprocessed_Sudbury3D.hdf,627,1003013,1004996,1983,200,1783,0.10085728693898134,161.0,360.0,273.51,275.0,46422881.0,515124350.0,False
Sudbury,preprocessed_Sudbury3D.hdf,628,1004996,1006979,1983,279,1704,0.14069591527987896,24.0,217.0,131.40860215053763,131.0,46214118.0,515031950.0,False
Sudbury,preprocessed_Sudbury3D.hdf,629,1006979,1008962,1983,300,1683,0.15128593040847202,19.0,216.0,140.29333333333332,144.0,46217681.0,515025100.0,False
Sudbury,preprocessed_Sudbury3D.hdf,630,1008962,1010725,1763,263,1500,0.14917753828701077,136.0,302.0,217.4296577946768,217.0,46333559.0,515043650.0,False
Sudbury,preprocessed_Sudbury3D.hdf,631,1010725,1012708,1983,300,1683,0.15128593040847202,25.0,223.0,144.66,148.0,46219590.0,515019750.0,False
Sudbury,preprocessed_Sudbury3D.hdf,632,1012708,1014691,1983,300,1683,0.15128593040847202,34.0,230.0,152.92666666666668,155.5,46221840.0,515012550.0,False
Sudbury,preprocessed_Sudbury3D.hdf,633,1014691,1016674,1983,300,1683,0.15128593040847202,39.0,238.0,154.31666666666666,157.0,46221909.0,515009800.0,False
Sudbury,preprocessed_Sudbury3D.hdf,634,1016674,1018437,1763,262,1501,0.14861032331253546,129.0,297.0,211.46946564885496,211.0,46331159.0,515047600.0,False
Sudbury,preprocessed_Sudbury3D.hdf,635,1018437,1020420,1983,283,1700,0.1427130610186586,33.0,243.0,155.76325088339223,158.0,46220900.0,515003700.0,False
Sudbury,preprocessed_Sudbury3D.hdf,636,1020420,1022403,1983,300,1683,0.15128593040847202,55.0,243.0,165.51666666666668,171.0,46221259.0,514998000.0,False
Sudbury,preprocessed_Sudbury3D.hdf,637,1022403,1024166,1763,255,1508,0.14463981849120816,122.0,291.0,202.60392156862744,203.0,46328600.0,515051450.0,False
Sudbury,preprocessed_Sudbury3D.hdf,638,1024166,1026149,1983,287,1696,0.14473020675743822,71.0,250.0,171.0871080139373,177.0,46225340.0,514994350.0,False
Sudbury,preprocessed_Sudbury3D.hdf,639,1026149,1027912,1763,263,1500,0.14917753828701077,113.0,283.0,198.01140684410646,199.0,46324490.0,515054850.0,False
Sudbury,preprocessed_Sudbury3D.hdf,640,1027912,1029895,1983,290,1693,0.14624306606152296,76.0,249.0,176.69310344827585,185.0,46229231.0,514989900.0,False
Sudbury,preprocessed_Sudbury3D.hdf,641,1029895,1031658,1763,255,1508,0.14463981849120816,101.0,278.0,186.2235294117647,186.0,46319368.0,515059300.0,False
Sudbury,preprocessed_Sudbury3D.hdf,642,1031658,1033641,1983,298,1685,0.1502773575390822,83.0,269.0,183.85570469798657,192.0,46234690.0,514988200.0,False
Sudbury,preprocessed_Sudbury3D.hdf,643,1033641,1035404,1763,268,1495,0.1520136131593874,90.0,267.0,180.25,182.0,46314181.0,515062000.0,False
Sudbury,preprocessed_Sudbury3D.hdf,644,1035404,1037387,1983,296,1687,0.14926878466969237,89.0,279.0,188.49324324324326,198.0,46240250.0,514987900.0,False
Sudbury,preprocessed_Sudbury3D.hdf,645,1037387,1039150,1763,290,1473,0.1644923425978446,98.0,286.0,198.9758620689655,206.5,46240931.0,514981200.0,False
Sudbury,preprocessed_Sudbury3D.hdf,646,1039150,1040913,1763,299,1464,0.16959727736812252,82.0,275.0,183.0066889632107,182.0,46309900.0,515064450.0,False
Sudbury,preprocessed_Sudbury3D.hdf,647,1040913,1042676,1763,299,1464,0.16959727736812252,107.0,290.0,206.7391304347826,215.0,46244168.0,514977800.0,False
Sudbury,preprocessed_Sudbury3D.hdf,648,1042676,1044439,1763,299,1464,0.16959727736812252,72.0,266.0,175.36789297658862,177.0,46303809.0,515066250.0,False
Sudbury,preprocessed_Sudbury3D.hdf,649,1044439,1046202,1763,299,1464,0.16959727736812252,62.0,259.0,168.1036789297659,169.0,46296468.0,515068100.0,False
Sudbury,preprocessed_Sudbury3D.hdf,650,1046202,1047965,1763,294,1469,0.16676120249574589,113.0,294.0,210.99659863945578,219.5,46247890.0,514976100.0,False
Sudbury,preprocessed_Sudbury3D.hdf,651,1047965,1049728,1763,299,1464,0.16959727736812252,56.0,251.0,162.38127090301003,163.0,46291090.0,515068550.0,False
Sudbury,preprocessed_Sudbury3D.hdf,652,1049728,1051491,1763,287,1476,0.16279069767441862,122.0,305.0,216.97560975609755,224.0,46252750.0,514973500.0,False
Sudbury,preprocessed_Sudbury3D.hdf,654,1051491,1053254,1763,298,1465,0.16903006239364718,49.0,245.0,156.6510067114094,157.5,46284200.0,515069450.0,False
Sudbury,preprocessed_Sudbury3D.hdf,655,1053254,1055017,1763,300,1463,0.17016449234259784,132.0,313.0,227.30333333333334,237.0,46256181.0,514968500.0,False
Sudbury,preprocessed_Sudbury3D.hdf,656,1055017,1056780,1763,299,1464,0.16959727736812252,38.0,243.0,151.14046822742475,150.0,46282250.0,515074900.0,False
Sudbury,preprocessed_Sudbury3D.hdf,657,1056780,1058543,1763,298,1465,0.16903006239364718,141.0,318.0,234.3993288590604,243.0,46261600.0,514967450.0,False
Sudbury,preprocessed_Sudbury3D.hdf,658,1058543,1060306,1763,299,1464,0.16959727736812252,146.0,322.0,237.83612040133778,246.0,46262940.0,514962850.0,False
Sudbury,preprocessed_Sudbury3D.hdf,659,1060306,1062069,1763,299,1464,0.16959727736812252,32.0,239.0,147.1772575250836,147.0,46280609.0,515078500.0,False
Sudbury,preprocessed_Sudbury3D.hdf,660,1062069,1063832,1763,0,1763,0.0,,,,,46478281.0,515169850.0,False
Sudbury,preprocessed_Sudbury3D.hdf,661,1063832,1065595,1763,285,1478,0.16165626772546796,155.0,335.0,244.31578947368422,249.0,46265059.0,514956400.0,False
Sudbury,preprocessed_Sudbury3D.hdf,662,1065595,1067358,1763,300,1463,0.17016449234259784,23.0,235.0,143.34666666666666,142.5,46274509.0,515080200.0,False
Sudbury,preprocessed_Sudbury3D.hdf,663,1067358,1069121,1763,292,1471,0.16562677254679523,220.0,507.0,394.43150684931504,399.5,46473531.0,515172750.0,False
Sudbury,preprocessed_Sudbury3D.hdf,664,1069121,1070884,1763,300,1463,0.17016449234259784,162.0,345.0,253.61333333333334,258.5,46265100.0,514951250.0,False
Sudbury,preprocessed_Sudbury3D.hdf,665,1070884,1072647,1763,297,1466,0.16846284741917186,19.0,231.0,140.20875420875421,140.0,46271159.0,515081750.0,False
Sudbury,preprocessed_Sudbury3D.hdf,666,1072647,1074410,1763,0,1763,0.0,,,,,46469090.0,515178700.0,False
Sudbury,preprocessed_Sudbury3D.hdf,667,1074410,1076173,1763,0,1763,0.0,,,,,46267940.0,515081750.0,False
Sudbury,preprocessed_Sudbury3D.hdf,668,1076173,1077936,1763,0,1763,0.0,,,,,46464059.0,515181100.0,False
Sudbury,preprocessed_Sudbury3D.hdf,669,1077936,1079699,1763,0,1763,0.0,,,,,46261618.0,515079900.0,False
Sudbury,preprocessed_Sudbury3D.hdf,670,1079699,1081462,1763,0,1763,0.0,,,,,46268381.0,514950950.0,False
Sudbury,preprocessed_Sudbury3D.hdf,671,1081462,1083225,1763,0,1763,0.0,,,,,46458931.0,515183750.0,False
Sudbury,preprocessed_Sudbury3D.hdf,672,1083225,1084988,1763,0,1763,0.0,,,,,46256750.0,515082350.0,False
Sudbury,preprocessed_Sudbury3D.hdf,673,1084988,1086751,1763,0,1763,0.0,,,,,46452709.0,515185550.0,False
Sudbury,preprocessed_Sudbury3D.hdf,674,1086751,1088514,1763,0,1763,0.0,,,,,46249890.0,515088100.0,False
Sudbury,preprocessed_Sudbury3D.hdf,675,1088514,1090277,1763,0,1763,0.0,,,,,46448100.0,515186250.0,False
Sudbury,preprocessed_Sudbury3D.hdf,677,1090277,1092040,1763,0,1763,0.0,,,,,46248100.0,515098400.0,False
Sudbury,preprocessed_Sudbury3D.hdf,678,1092040,1093803,1763,0,1763,0.0,,,,,46444200.0,515188150.0,False
Sudbury,preprocessed_Sudbury3D.hdf,679,1093803,1095566,1763,299,1464,0.16959727736812252,167.0,459.0,345.96989966555185,359.0,46439968.0,515187250.0,False
Sudbury,preprocessed_Sudbury3D.hdf,680,1095566,1097329,1763,300,1463,0.17016449234259784,27.0,202.0,125.84666666666666,127.5,46247859.0,515106800.0,False
Sudbury,preprocessed_Sudbury3D.hdf,681,1097329,1099092,1763,299,1464,0.16959727736812252,160.0,453.0,339.67892976588627,353.0,46436009.0,515187500.0,False
Sudbury,preprocessed_Sudbury3D.hdf,682,1099092,1100855,1763,300,1463,0.17016449234259784,28.0,199.0,125.16,125.5,46248109.0,515110050.0,False
Sudbury,preprocessed_Sudbury3D.hdf,683,1100855,1102618,1763,298,1465,0.16903006239364718,152.0,441.0,330.9228187919463,345.0,46430118.0,515191950.0,False
Sudbury,preprocessed_Sudbury3D.hdf,684,1102618,1104381,1763,300,1463,0.17016449234259784,34.0,198.0,123.79666666666667,124.0,46248750.0,515115750.0,False
Sudbury,preprocessed_Sudbury3D.hdf,685,1104381,1106144,1763,298,1465,0.16903006239364718,147.0,435.0,325.8154362416107,339.5,46426281.0,515193200.0,False
Sudbury,preprocessed_Sudbury3D.hdf,686,1106144,1107907,1763,299,1464,0.16959727736812252,141.0,429.0,319.4046822742475,333.0,46422159.0,515195000.0,False
Sudbury,preprocessed_Sudbury3D.hdf,687,1107907,1109670,1763,299,1464,0.16959727736812252,133.0,419.0,310.98327759197326,325.0,46416740.0,515196150.0,False
Sudbury,preprocessed_Sudbury3D.hdf,688,1109670,1111433,1763,297,1466,0.16846284741917186,34.0,218.0,140.72390572390572,149.0,46202300.0,515023000.0,False
Sudbury,preprocessed_Sudbury3D.hdf,689,1111433,1113196,1763,300,1463,0.17016449234259784,39.0,215.0,139.51333333333332,147.0,46202918.0,515028150.0,False
Sudbury,preprocessed_Sudbury3D.hdf,690,1113196,1114959,1763,299,1464,0.16959727736812252,129.0,416.0,306.2341137123746,318.0,46412850.0,515198850.0,False
Sudbury,preprocessed_Sudbury3D.hdf,691,1114959,1116722,1763,299,1464,0.16959727736812252,122.0,405.0,297.2006688963211,307.0,46406181.0,515202500.0,False
Sudbury,preprocessed_Sudbury3D.hdf,692,1116722,1118485,1763,299,1464,0.16959727736812252,118.0,399.0,292.3010033444816,303.0,46402450.0,515205200.0,False
Sudbury,preprocessed_Sudbury3D.hdf,693,1118485,1120248,1763,299,1464,0.16959727736812252,114.0,391.0,284.7959866220736,297.0,46397009.0,515207900.0,False
Sudbury,preprocessed_Sudbury3D.hdf,694,1120248,1122011,1763,299,1464,0.16959727736812252,112.0,387.0,278.6655518394649,289.0,46391109.0,515210900.0,False
Sudbury,preprocessed_Sudbury3D.hdf,695,1122011,1123774,1763,300,1463,0.17016449234259784,34.0,196.0,124.39666666666666,125.0,46252718.0,515119650.0,False
Sudbury,preprocessed_Sudbury3D.hdf,696,1123774,1125537,1763,299,1464,0.16959727736812252,114.0,385.0,277.1705685618729,287.0,46388781.0,515215300.0,False
Sudbury,preprocessed_Sudbury3D.hdf,697,1125537,1127300,1763,300,1463,0.17016449234259784,18.0,201.0,126.50333333333333,128.0,46183731.0,515041600.0,False
Sudbury,preprocessed_Sudbury3D.hdf,698,1127300,1129063,1763,300,1463,0.17016449234259784,38.0,196.0,124.44,126.5,46254840.0,515125750.0,False
Sudbury,preprocessed_Sudbury3D.hdf,699,1129063,1130826,1763,300,1463,0.17016449234259784,22.0,202.0,127.09,127.5,46179700.0,515041000.0,False
Sudbury,preprocessed_Sudbury3D.hdf,700,1130826,1132589,1763,299,1464,0.16959727736812252,120.0,385.0,279.2006688963211,286.0,46388350.0,515219950.0,False
Sudbury,preprocessed_Sudbury3D.hdf,701,1132589,1134352,1763,279,1484,0.158252977878616,39.0,196.0,125.16487455197132,126.0,46245750.0,515129000.0,False
Sudbury,preprocessed_Sudbury3D.hdf,702,1134352,1136115,1763,0,1763,0.0,,,,,46173359.0,515040550.0,False
Sudbury,preprocessed_Sudbury3D.hdf,703,1136115,1137878,1763,299,1464,0.16959727736812252,122.0,384.0,277.59866220735785,283.0,46386218.0,515224300.0,False
Sudbury,preprocessed_Sudbury3D.hdf,704,1137878,1139641,1763,300,1463,0.17016449234259784,24.0,187.0,125.66,130.5,46239009.0,515129800.0,False
Sudbury,preprocessed_Sudbury3D.hdf,705,1139641,1141404,1763,299,1464,0.16959727736812252,135.0,388.0,285.81605351170566,290.0,46387040.0,515230100.0,False
Sudbury,preprocessed_Sudbury3D.hdf,706,1141404,1143167,1763,0,1763,0.0,,,,,46170050.0,515040900.0,False
Sudbury,preprocessed_Sudbury3D.hdf,707,1143167,1144930,1763,299,1464,0.16959727736812252,140.0,388.0,283.7725752508361,286.0,46383590.0,515237500.0,False
Sudbury,preprocessed_Sudbury3D.hdf,708,1144930,1146693,1763,299,1464,0.16959727736812252,21.0,187.0,126.82943143812709,130.0,46232431.0,515132600.0,False
Sudbury,preprocessed_Sudbury3D.hdf,709,1146693,1148456,1763,270,1493,0.15314804310833807,141.0,385.0,278.68888888888887,281.5,46379890.0,515242550.0,False
Sudbury,preprocessed_Sudbury3D.hdf,710,1148456,1150219,1763,299,1464,0.16959727736812252,41.0,184.0,131.23076923076923,138.0,46227109.0,515139050.0,False
Sudbury,preprocessed_Sudbury3D.hdf,711,1150219,1151982,1763,297,1466,0.16846284741917186,48.0,189.0,130.9090909090909,139.0,46224259.0,515142650.0,False
Sudbury,preprocessed_Sudbury3D.hdf,712,1151982,1153745,1763,299,1464,0.16959727736812252,134.0,376.0,278.5953177257525,287.0,46372409.0,515249850.0,False
Sudbury,preprocessed_Sudbury3D.hdf,713,1153745,1155508,1763,298,1465,0.16903006239364718,38.0,188.0,131.64093959731542,142.0,46220709.0,515146400.0,False
Sudbury,preprocessed_Sudbury3D.hdf,714,1155508,1157271,1763,299,1464,0.16959727736812252,132.0,372.0,278.3010033444816,287.0,46369600.0,515253200.0,False
Sudbury,preprocessed_Sudbury3D.hdf,715,1157271,1159034,1763,300,1463,0.17016449234259784,26.0,191.0,133.74666666666667,140.0,46214731.0,515149500.0,False
Sudbury,preprocessed_Sudbury3D.hdf,716,1159034,1160797,1763,299,1464,0.16959727736812252,138.0,374.0,283.3545150501672,291.0,46368781.0,515260950.0,False
Sudbury,preprocessed_Sudbury3D.hdf,717,1160797,1162560,1763,300,1463,0.17016449234259784,22.0,189.0,137.33333333333334,144.5,46211131.0,515154400.0,False
Sudbury,preprocessed_Sudbury3D.hdf,718,1162560,1164323,1763,299,1464,0.16959727736812252,139.0,376.0,283.82608695652175,291.0,46366800.0,515264600.0,False
Sudbury,preprocessed_Sudbury3D.hdf,719,1164323,1166086,1763,299,1464,0.16959727736812252,43.0,221.0,137.47826086956522,144.0,46073590.0,515190500.0,False
Sudbury,preprocessed_Sudbury3D.hdf,720,1166086,1167849,1763,299,1464,0.16959727736812252,138.0,372.0,281.1571906354515,286.0,46362300.0,515268550.0,False
Sudbury,preprocessed_Sudbury3D.hdf,721,1167849,1169612,1763,299,1464,0.16959727736812252,52.0,209.0,137.68896321070235,143.0,46072600.0,515196300.0,False
Sudbury,preprocessed_Sudbury3D.hdf,722,1169612,1171375,1763,299,1464,0.16959727736812252,51.0,212.0,138.36120401337791,143.0,46074431.0,515202450.0,False
Sudbury,preprocessed_Sudbury3D.hdf,723,1171375,1173138,1763,0,1763,0.0,,,,,46358059.0,515269000.0,False
Sudbury,preprocessed_Sudbury3D.hdf,724,1173138,1174901,1763,299,1464,0.16959727736812252,44.0,204.0,135.83612040133778,138.0,46077681.0,515207050.0,False
Sudbury,preprocessed_Sudbury3D.hdf,725,1174901,1176664,1763,298,1465,0.16903006239364718,37.0,202.0,134.4765100671141,138.5,46078409.0,515212450.0,False
Sudbury,preprocessed_Sudbury3D.hdf,726,1176664,1178427,1763,299,1464,0.16959727736812252,40.0,208.0,137.9665551839465,143.0,46082250.0,515216350.0,False
Sudbury,preprocessed_Sudbury3D.hdf,727,1178427,1180190,1763,299,1464,0.16959727736812252,39.0,209.0,142.5351170568562,151.0,46083140.0,515220850.0,False
Sudbury,preprocessed_Sudbury3D.hdf,728,1180190,1181953,1763,299,1464,0.16959727736812252,132.0,368.0,275.82608695652175,280.0,46352718.0,515272750.0,False
Sudbury,preprocessed_Sudbury3D.hdf,729,1181953,1183716,1763,296,1467,0.16789563244469655,27.0,205.0,138.29054054054055,147.0,46081000.0,515226100.0,False
Sudbury,preprocessed_Sudbury3D.hdf,730,1183716,1185479,1763,300,1463,0.17016449234259784,24.0,189.0,136.07666666666665,142.5,46206140.0,515149450.0,False
Sudbury,preprocessed_Sudbury3D.hdf,731,1185479,1187242,1763,298,1465,0.16903006239364718,134.0,359.0,275.5536912751678,281.0,46349359.0,515276550.0,False
Sudbury,preprocessed_Sudbury3D.hdf,732,1187242,1189005,1763,299,1464,0.16959727736812252,131.0,360.0,270.2608695652174,278.0,46343950.0,515277550.0,False
Sudbury,preprocessed_Sudbury3D.hdf,733,1189005,1190768,1763,299,1464,0.16959727736812252,37.0,210.0,140.73244147157192,149.0,46078640.0,515231950.0,False
Sudbury,preprocessed_Sudbury3D.hdf,734,1190768,1192531,1763,295,1468,0.1673284174702212,53.0,204.0,144.06440677966103,155.0,46076500.0,515237200.0,False
Sudbury,preprocessed_Sudbury3D.hdf,735,1192531,1194294,1763,299,1464,0.16959727736812252,142.0,362.0,272.32107023411373,281.0,46337090.0,515286950.0,False
Sudbury,preprocessed_Sudbury3D.hdf,736,1194294,1196057,1763,294,1469,0.16676120249574589,65.0,203.0,149.62244897959184,157.5,46073100.0,515241200.0,False
Sudbury,preprocessed_Sudbury3D.hdf,737,1196057,1197820,1763,300,1463,0.17016449234259784,48.0,211.0,146.76,151.0,46068618.0,515244850.0,False
Sudbury,preprocessed_Sudbury3D.hdf,739,1197820,1199583,1763,300,1463,0.17016449234259784,29.0,209.0,136.51333333333332,140.5,46065890.0,515249600.0,False
Sudbury,preprocessed_Sudbury3D.hdf,740,1199583,1201346,1763,298,1465,0.16903006239364718,28.0,208.0,140.05704697986576,144.0,46063059.0,515254550.0,False
Sudbury,preprocessed_Sudbury3D.hdf,741,1201346,1203109,1763,300,1463,0.17016449234259784,45.0,216.0,145.21666666666667,151.0,46058459.0,515257750.0,False
Sudbury,preprocessed_Sudbury3D.hdf,742,1203109,1204872,1763,299,1464,0.16959727736812252,155.0,364.0,278.7324414715719,287.0,46334590.0,515296200.0,False
Sudbury,preprocessed_Sudbury3D.hdf,743,1204872,1206635,1763,299,1464,0.16959727736812252,57.0,225.0,149.247491638796,151.0,46052718.0,515259750.0,False
Sudbury,preprocessed_Sudbury3D.hdf,744,1206635,1208398,1763,292,1471,0.16562677254679523,39.0,186.0,136.19520547945206,148.0,46201031.0,515154950.0,False
Sudbury,preprocessed_Sudbury3D.hdf,745,1208398,1210161,1763,300,1463,0.17016449234259784,71.0,236.0,161.79333333333332,166.0,46050918.0,515254450.0,False
Sudbury,preprocessed_Sudbury3D.hdf,746,1210161,1211924,1763,299,1464,0.16959727736812252,159.0,365.0,279.943143812709,287.0,46330531.0,515298900.0,False
Sudbury,preprocessed_Sudbury3D.hdf,747,1211924,1213687,1763,300,1463,0.17016449234259784,40.0,191.0,134.76333333333332,148.0,46197990.0,515160750.0,False
Sudbury,preprocessed_Sudbury3D.hdf,748,1213687,1215450,1763,299,1464,0.16959727736812252,63.0,240.0,156.87959866220737,163.0,46050100.0,515248050.0,False
Sudbury,preprocessed_Sudbury3D.hdf,749,1215450,1217213,1763,299,1464,0.16959727736812252,143.0,363.0,276.3578595317726,282.0,46325990.0,515301350.0,False
Sudbury,preprocessed_Sudbury3D.hdf,750,1217213,1218976,1763,300,1463,0.17016449234259784,34.0,191.0,134.93,147.0,46196631.0,515164200.0,False
Sudbury,preprocessed_Sudbury3D.hdf,751,1218976,1220739,1763,298,1465,0.16903006239364718,45.0,223.0,147.30872483221478,151.0,46049368.0,515242450.0,False
Sudbury,preprocessed_Sudbury3D.hdf,752,1220739,1222502,1763,299,1464,0.16959727736812252,136.0,358.0,276.371237458194,284.0,46321550.0,515305950.0,False
Sudbury,preprocessed_Sudbury3D.hdf,753,1222502,1224265,1763,295,1468,0.1673284174702212,25.0,196.0,134.8271186440678,143.0,46193118.0,515168550.0,False
Sudbury,preprocessed_Sudbury3D.hdf,754,1224265,1226028,1763,300,1463,0.17016449234259784,46.0,219.0,145.11333333333334,150.0,46044081.0,515243050.0,False
Sudbury,preprocessed_Sudbury3D.hdf,755,1226028,1227791,1763,299,1464,0.16959727736812252,18.0,193.0,135.05685618729098,142.0,46190518.0,515170450.0,False
Sudbury,preprocessed_Sudbury3D.hdf,756,1227791,1229554,1763,298,1465,0.16903006239364718,133.0,357.0,275.496644295302,283.0,46317831.0,515308400.0,False
Sudbury,preprocessed_Sudbury3D.hdf,757,1229554,1231317,1763,300,1463,0.17016449234259784,78.0,254.0,167.62,169.5,46040681.0,515247600.0,False
Sudbury,preprocessed_Sudbury3D.hdf,758,1231317,1233080,1763,299,1464,0.16959727736812252,21.0,192.0,135.6086956521739,142.0,46187290.0,515173300.0,False
Sudbury,preprocessed_Sudbury3D.hdf,759,1233080,1234843,1763,0,1763,0.0,,,,,46312481.0,515312650.0,False
Sudbury,preprocessed_Sudbury3D.hdf,760,1234843,1236606,1763,300,1463,0.17016449234259784,105.0,265.0,186.81,188.5,46039690.0,515252950.0,False
Sudbury,preprocessed_Sudbury3D.hdf,761,1236606,1238369,1763,299,1464,0.16959727736812252,113.0,262.0,188.42140468227424,189.0,46039240.0,515258250.0,False
Sudbury,preprocessed_Sudbury3D.hdf,762,1238369,1240132,1763,298,1465,0.16903006239364718,29.0,199.0,137.1476510067114,144.0,46185168.0,515176500.0,False
Sudbury,preprocessed_Sudbury3D.hdf,763,1240132,1241895,1763,300,1463,0.17016449234259784,90.0,254.0,174.36,175.5,46036559.0,515262000.0,False
Sudbury,preprocessed_Sudbury3D.hdf,764,1241895,1243643,1748,300,1448,0.17162471395881007,33.0,251.0,165.54666666666665,166.0,46031040.0,515263950.0,False
Sudbury,preprocessed_Sudbury3D.hdf,765,1243643,1245406,1763,300,1463,0.17016449234259784,56.0,232.0,147.68,149.0,46025809.0,515265850.0,False
Sudbury,preprocessed_Sudbury3D.hdf,766,1245406,1247169,1763,300,1463,0.17016449234259784,42.0,193.0,136.50666666666666,150.0,46199181.0,515157100.0,False
Sudbury,preprocessed_Sudbury3D.hdf,767,1247169,1248932,1763,300,1463,0.17016449234259784,68.0,247.0,163.04,167.0,46020231.0,515267850.0,False
Sudbury,preprocessed_Sudbury3D.hdf,768,1248932,1250695,1763,0,1763,0.0,,,,,46015381.0,515270800.0,False
Sudbury,preprocessed_Sudbury3D.hdf,769,1250695,1252458,1763,278,1485,0.15768576290414066,78.0,270.0,180.77338129496403,186.5,46010490.0,515273300.0,False
Sudbury,preprocessed_Sudbury3D.hdf,770,1252458,1254221,1763,289,1474,0.16392512762336925,56.0,261.0,175.159169550173,182.0,46004681.0,515273450.0,False
Sudbury,preprocessed_Sudbury3D.hdf,771,1254221,1255984,1763,278,1485,0.15768576290414066,41.0,275.0,183.40287769784172,185.0,45998940.0,515274000.0,False
Sudbury,preprocessed_Sudbury3D.hdf,772,1255984,1257747,1763,263,1500,0.14917753828701077,57.0,284.0,183.65399239543726,186.0,45993240.0,515275350.0,False
Sudbury,preprocessed_Sudbury3D.hdf,773,1257747,1259510,1763,257,1506,0.14577424844015882,68.0,287.0,191.65369649805447,194.0,45988281.0,515277700.0,False
Sudbury,preprocessed_Sudbury3D.hdf,774,1259510,1261273,1763,0,1763,0.0,,,,,45982950.0,515280250.0,False
Sudbury,preprocessed_Sudbury3D.hdf,775,1261273,1263036,1763,0,1763,0.0,,,,,45977731.0,515282750.0,False
Sudbury,preprocessed_Sudbury3D.hdf,776,1263036,1264799,1763,0,1763,0.0,,,,,45972100.0,515283400.0,False
Sudbury,preprocessed_Sudbury3D.hdf,777,1264799,1266562,1763,0,1763,0.0,,,,,45966440.0,515279750.0,False
Sudbury,preprocessed_Sudbury3D.hdf,778,1266562,1268325,1763,0,1763,0.0,,,,,45960859.0,515281150.0,False
Sudbury,preprocessed_Sudbury3D.hdf,782,1268325,1270088,1763,299,1464,0.16959727736812252,114.0,347.0,266.7993311036789,277.0,46306318.0,515311500.0,False
Sudbury,preprocessed_Sudbury3D.hdf,783,1270088,1271851,1763,298,1465,0.16903006239364718,122.0,349.0,236.81543624161074,237.5,46368809.0,515094600.0,False
Sudbury,preprocessed_Sudbury3D.hdf,784,1271851,1273614,1763,297,1466,0.16846284741917186,40.0,221.0,128.92929292929293,137.0,46007259.0,515173150.0,False
Sudbury,preprocessed_Sudbury3D.hdf,785,1273614,1275377,1763,297,1466,0.16846284741917186,110.0,358.0,266.23569023569024,277.0,46299340.0,515314000.0,False
Sudbury,preprocessed_Sudbury3D.hdf,786,1275377,1277140,1763,0,1763,0.0,,,,,46010959.0,515162750.0,False
Sudbury,preprocessed_Sudbury3D.hdf,787,1277140,1278903,1763,299,1464,0.16959727736812252,108.0,355.0,267.0769230769231,278.0,46296890.0,515319250.0,False
Sudbury,preprocessed_Sudbury3D.hdf,788,1278903,1280666,1763,299,1464,0.16959727736812252,118.0,344.0,233.61204013377926,235.0,46366459.0,515096700.0,False
Sudbury,preprocessed_Sudbury3D.hdf,789,1280666,1282429,1763,296,1467,0.16789563244469655,37.0,195.0,128.1891891891892,134.5,46003368.0,515177650.0,False
Sudbury,preprocessed_Sudbury3D.hdf,790,1282429,1284192,1763,0,1763,0.0,,,,,46286100.0,515334100.0,False
Sudbury,preprocessed_Sudbury3D.hdf,803,1284192,1285955,1763,299,1464,0.16959727736812252,145.0,397.0,296.3344481605351,307.0,46286759.0,515351250.0,False
Sudbury,preprocessed_Sudbury3D.hdf,804,1285955,1287718,1763,297,1466,0.16846284741917186,43.0,215.0,132.87878787878788,136.0,45988309.0,515196350.0,False
Sudbury,preprocessed_Sudbury3D.hdf,805,1287718,1289481,1763,299,1464,0.16959727736812252,63.0,300.0,188.55183946488293,188.0,46337318.0,515111050.0,False
Sudbury,preprocessed_Sudbury3D.hdf,806,1289481,1291244,1763,297,1466,0.16846284741917186,33.0,212.0,133.06397306397307,135.0,45983950.0,515200350.0,False
Sudbury,preprocessed_Sudbury3D.hdf,807,1291244,1293007,1763,298,1465,0.16903006239364718,53.0,288.0,181.76510067114094,183.0,46334009.0,515114250.0,False
Sudbury,preprocessed_Sudbury3D.hdf,808,1293007,1294770,1763,297,1466,0.16846284741917186,25.0,217.0,135.87542087542087,139.0,45979568.0,515204250.0,False
Sudbury,preprocessed_Sudbury3D.hdf,809,1294770,1296533,1763,294,1469,0.16676120249574589,40.0,283.0,174.63945578231292,176.0,46332109.0,515123500.0,False
Sudbury,preprocessed_Sudbury3D.hdf,810,1296533,1298296,1763,297,1466,0.16846284741917186,23.0,225.0,138.95286195286195,144.0,45974268.0,515207600.0,False
Sudbury,preprocessed_Sudbury3D.hdf,811,1298296,1300059,1763,0,1763,0.0,,,,,46285940.0,515357150.0,False
Sudbury,preprocessed_Sudbury3D.hdf,812,1300059,1301822,1763,289,1474,0.16392512762336925,36.0,229.0,146.14532871972318,151.0,45968218.0,515208300.0,False
Sudbury,preprocessed_Sudbury3D.hdf,813,1301822,1303585,1763,299,1464,0.16959727736812252,29.0,282.0,169.10033444816054,170.0,46328100.0,515128950.0,False
Sudbury,preprocessed_Sudbury3D.hdf,814,1303585,1305348,1763,299,1464,0.16959727736812252,163.0,404.0,305.23745819397993,315.0,46285281.0,515362650.0,False
Sudbury,preprocessed_Sudbury3D.hdf,815,1305348,1307111,1763,283,1480,0.1605218377765173,41.0,227.0,145.26855123674912,148.0,45962318.0,515209150.0,False
Sudbury,preprocessed_Sudbury3D.hdf,816,1307111,1308874,1763,299,1464,0.16959727736812252,21.0,279.0,165.94648829431438,170.0,46326081.0,515133500.0,False
Sudbury,preprocessed_Sudbury3D.hdf,817,1308874,1310637,1763,297,1466,0.16846284741917186,168.0,423.0,313.0942760942761,321.0,46283131.0,515370150.0,False
Sudbury,preprocessed_Sudbury3D.hdf,819,1310637,1312400,1763,297,1466,0.16846284741917186,51.0,239.0,157.14141414141415,161.0,45956250.0,515208850.0,False
Sudbury,preprocessed_Sudbury3D.hdf,820,1312400,1314163,1763,242,1521,0.13726602382302894,42.0,245.0,151.61157024793388,159.5,45953390.0,515214800.0,False
Sudbury,preprocessed_Sudbury3D.hdf,821,1314163,1315926,1763,0,1763,0.0,,,,,46280109.0,515374600.0,False
Sudbury,preprocessed_Sudbury3D.hdf,822,1315926,1317689,1763,0,1763,0.0,,,,,45949200.0,515219900.0,False
Sudbury,preprocessed_Sudbury3D.hdf,823,1317689,1319452,1763,0,1763,0.0,,,,,46326790.0,515137700.0,False
Sudbury,preprocessed_Sudbury3D.hdf,824,1319452,1321215,1763,151,1612,0.08564946114577425,40.0,276.0,147.3112582781457,147.0,45943550.0,515222350.0,False
Sudbury,preprocessed_Sudbury3D.hdf,825,1321215,1322962,1747,271,1476,0.1551230681167716,177.0,407.0,313.309963099631,325.0,46275240.0,515377150.0,False
Sudbury,preprocessed_Sudbury3D.hdf,826,1322962,1324725,1763,129,1634,0.07317073170731707,156.0,279.0,216.48062015503876,214.0,45940518.0,515227700.0,False
Sudbury,preprocessed_Sudbury3D.hdf,827,1324725,1326488,1763,0,1763,0.0,,,,,45937668.0,515232700.0,False
Sudbury,preprocessed_Sudbury3D.hdf,828,1326488,1328251,1763,0,1763,0.0,,,,,46268440.0,515378300.0,False
Sudbury,preprocessed_Sudbury3D.hdf,829,1328251,1330014,1763,292,1471,0.16562677254679523,20.0,282.0,165.45890410958904,171.0,46326790.0,515137700.0,False
Sudbury,preprocessed_Sudbury3D.hdf,830,1330014,1331777,1763,0,1763,0.0,,,,,46262731.0,515379250.0,False
Sudbury,preprocessed_Sudbury3D.hdf,831,1331777,1333540,1763,0,1763,0.0,,,,,45939140.0,515238900.0,False
Sudbury,preprocessed_Sudbury3D.hdf,832,1333540,1335303,1763,0,1763,0.0,,,,,46330118.0,515142900.0,False
Sudbury,preprocessed_Sudbury3D.hdf,833,1335303,1337066,1763,0,1763,0.0,,,,,45936881.0,515244050.0,False
Sudbury,preprocessed_Sudbury3D.hdf,834,1337066,1338829,1763,0,1763,0.0,,,,,46257668.0,515378100.0,False
Sudbury,preprocessed_Sudbury3D.hdf,835,1338829,1340592,1763,0,1763,0.0,,,,,46329440.0,515148800.0,False
Sudbury,preprocessed_Sudbury3D.hdf,837,1340592,1342355,1763,0,1763,0.0,,,,,46323590.0,515150400.0,False
Sudbury,preprocessed_Sudbury3D.hdf,838,1342355,1344118,1763,0,1763,0.0,,,,,46319518.0,515151100.0,False
Sudbury,preprocessed_Sudbury3D.hdf,839,1344118,1345881,1763,0,1763,0.0,,,,,46041118.0,515260150.0,False
Sudbury,preprocessed_Sudbury3D.hdf,840,1345881,1347644,1763,16,1747,0.009075439591605219,311.0,377.0,351.6875,362.0,46246700.0,515379550.0,False
Sudbury,preprocessed_Sudbury3D.hdf,841,1347644,1349407,1763,0,1763,0.0,,,,,46316290.0,515152800.0,False
Sudbury,preprocessed_Sudbury3D.hdf,842,1349407,1351170,1763,0,1763,0.0,,,,,46046859.0,515261250.0,False
Sudbury,preprocessed_Sudbury3D.hdf,843,1351170,1352933,1763,0,1763,0.0,,,,,46241150.0,515381500.0,False
Sudbury,preprocessed_Sudbury3D.hdf,847,1352933,1354696,1763,136,1627,0.07714123652864435,136.0,378.0,278.625,295.0,46236081.0,515392050.0,False
Sudbury,preprocessed_Sudbury3D.hdf,848,1354696,1356459,1763,261,1502,0.14804310833806011,50.0,223.0,149.62452107279694,150.0,46050700.0,515272050.0,False
Sudbury,preprocessed_Sudbury3D.hdf,849,1356459,1358222,1763,264,1499,0.1497447532614861,16.0,264.0,141.46212121212122,133.0,46307881.0,515156500.0,False
Sudbury,preprocessed_Sudbury3D.hdf,850,1358222,1359985,1763,0,1763,0.0,,,,,46232000.0,515395350.0,False
Sudbury,preprocessed_Sudbury3D.hdf,851,1359985,1361748,1763,299,1464,0.16959727736812252,33.0,227.0,148.9866220735786,149.0,46050700.0,515278350.0,False
Sudbury,preprocessed_Sudbury3D.hdf,852,1361748,1363511,1763,294,1469,0.16676120249574589,21.0,252.0,148.2312925170068,147.0,46305500.0,515162100.0,False
Sudbury,preprocessed_Sudbury3D.hdf,853,1363511,1365274,1763,298,1465,0.16903006239364718,26.0,234.0,149.13422818791946,152.0,46048918.0,515284200.0,False
Sudbury,preprocessed_Sudbury3D.hdf,854,1365274,1367037,1763,96,1667,0.05445263754963131,172.0,367.0,269.3333333333333,264.5,46229459.0,515399800.0,False
Sudbury,preprocessed_Sudbury3D.hdf,855,1367037,1368800,1763,274,1489,0.15541690300623937,28.0,249.0,139.47080291970804,132.5,46300100.0,515167450.0,False
Sudbury,preprocessed_Sudbury3D.hdf,856,1368800,1370563,1763,288,1475,0.16335791264889393,29.0,243.0,142.55208333333334,141.5,46294609.0,515173050.0,False
Sudbury,preprocessed_Sudbury3D.hdf,857,1370563,1372326,1763,297,1466,0.16846284741917186,33.0,242.0,151.92592592592592,154.0,46048190.0,515289500.0,False
Sudbury,preprocessed_Sudbury3D.hdf,858,1372326,1374089,1763,279,1484,0.158252977878616,28.0,238.0,139.25089605734766,137.0,46289940.0,515177050.0,False
Sudbury,preprocessed_Sudbury3D.hdf,859,1374089,1375852,1763,0,1763,0.0,,,,,46226818.0,515401550.0,False
Sudbury,preprocessed_Sudbury3D.hdf,860,1375852,1377615,1763,297,1466,0.16846284741917186,44.0,245.0,155.97643097643098,161.0,46048768.0,515295850.0,False
Sudbury,preprocessed_Sudbury3D.hdf,861,1377615,1379378,1763,288,1475,0.16335791264889393,25.0,239.0,142.64930555555554,138.5,46285290.0,515180850.0,False
Sudbury,preprocessed_Sudbury3D.hdf,862,1379378,1381141,1763,294,1469,0.16676120249574589,49.0,244.0,157.8843537414966,163.0,46050431.0,515300300.0,False
Sudbury,preprocessed_Sudbury3D.hdf,863,1381141,1382904,1763,285,1478,0.16165626772546796,21.0,231.0,140.94736842105263,140.0,46277718.0,515183750.0,False
Sudbury,preprocessed_Sudbury3D.hdf,864,1382904,1384667,1763,159,1604,0.09018718094157686,45.0,245.0,127.68553459119497,129.0,46051231.0,515305450.0,False
Sudbury,preprocessed_Sudbury3D.hdf,865,1384667,1386430,1763,245,1518,0.13896766874645491,33.0,231.0,144.5591836734694,156.0,46277031.0,515192250.0,False
Sudbury,preprocessed_Sudbury3D.hdf,866,1386430,1388193,1763,109,1654,0.06182643221781055,38.0,159.0,101.59633027522936,111.0,46049781.0,515310350.0,False
Sudbury,preprocessed_Sudbury3D.hdf,867,1388193,1389956,1763,0,1763,0.0,,,,,46275468.0,515194700.0,False
Sudbury,preprocessed_Sudbury3D.hdf,869,1389956,1391719,1763,198,1565,0.11230856494611458,33.0,265.0,158.54545454545453,152.5,46044690.0,515313750.0,False
Sudbury,preprocessed_Sudbury3D.hdf,870,1391719,1393482,1763,0,1763,0.0,,,,,46271540.0,515201000.0,False
Sudbury,preprocessed_Sudbury3D.hdf,871,1393482,1395245,1763,259,1504,0.14690867838910948,145.0,389.0,286.8455598455598,302.0,46251668.0,515376400.0,False
Sudbury,preprocessed_Sudbury3D.hdf,872,1395245,1397008,1763,199,1564,0.1128757799205899,22.0,268.0,160.35175879396985,154.0,46041168.0,515314400.0,False
Sudbury,preprocessed_Sudbury3D.hdf,873,1397008,1398771,1763,0,1763,0.0,,,,,46266200.0,515207750.0,False
Sudbury,preprocessed_Sudbury3D.hdf,874,1398771,1400534,1763,238,1525,0.13499716392512762,26.0,252.0,157.4579831932773,163.5,46036731.0,515315650.0,False
Sudbury,preprocessed_Sudbury3D.hdf,875,1400534,1402297,1763,0,1763,0.0,,,,,46262081.0,515210700.0,False
Sudbury,preprocessed_Sudbury3D.hdf,876,1402297,1404060,1763,190,1573,0.10777084515031196,38.0,272.0,159.87894736842105,159.5,46030959.0,515318400.0,False
Sudbury,preprocessed_Sudbury3D.hdf,877,1404060,1405823,1763,0,1763,0.0,,,,,46258140.0,515214400.0,False
Sudbury,preprocessed_Sudbury3D.hdf,878,1405823,1407586,1763,94,1669,0.05331820760068066,44.0,244.0,142.9468085106383,149.0,46026400.0,515321650.0,False
Sudbury,preprocessed_Sudbury3D.hdf,879,1407586,1409349,1763,288,1475,0.16335791264889393,116.0,366.0,267.4895833333333,284.5,46242640.0,515361800.0,False
Sudbury,preprocessed_Sudbury3D.hdf,880,1409349,1411112,1763,0,1763,0.0,,,,,46255581.0,515218600.0,False
Sudbury,preprocessed_Sudbury3D.hdf,881,1411112,1412875,1763,275,1488,0.15598411798071468,59.0,285.0,188.16,191.0,46020781.0,515326600.0,False
Sudbury,preprocessed_Sudbury3D.hdf,882,1412875,1414638,1763,0,1763,0.0,,,,,46237331.0,515345200.0,False
Sudbury,preprocessed_Sudbury3D.hdf,883,1414638,1416401,1763,97,1666,0.055019852524106634,74.0,270.0,166.82474226804123,178.0,46018090.0,515330700.0,False
Sudbury,preprocessed_Sudbury3D.hdf,884,1416401,1418164,1763,50,1713,0.02836074872376631,98.0,178.0,137.24,138.5,46015040.0,515334450.0,False
Sudbury,preprocessed_Sudbury3D.hdf,885,1418164,1419927,1763,294,1469,0.16676120249574589,84.0,340.0,229.76190476190476,247.0,46225100.0,515336400.0,False
Sudbury,preprocessed_Sudbury3D.hdf,886,1419927,1421690,1763,84,1679,0.0476460578559274,98.0,248.0,166.85714285714286,161.5,46012768.0,515338000.0,False
Sudbury,preprocessed_Sudbury3D.hdf,887,1421690,1423453,1763,73,1690,0.041406693136698806,102.0,249.0,164.12328767123287,161.0,46012568.0,515341900.0,False
Sudbury,preprocessed_Sudbury3D.hdf,888,1423453,1425216,1763,0,1763,0.0,,,,,46173609.0,515216650.0,False
Sudbury,preprocessed_Sudbury3D.hdf,889,1425216,1426979,1763,0,1763,0.0,,,,,46009931.0,515345650.0,False
Sudbury,preprocessed_Sudbury3D.hdf,890,1426979,1428742,1763,0,1763,0.0,,,,,46179459.0,515231300.0,False
Sudbury,preprocessed_Sudbury3D.hdf,891,1428742,1430505,1763,287,1476,0.16279069767441862,110.0,276.0,206.7177700348432,215.0,46267781.0,514999350.0,False
Sudbury,preprocessed_Sudbury3D.hdf,892,1430505,1432268,1763,277,1486,0.15711854792966534,105.0,270.0,200.69675090252707,208.0,46265081.0,515002600.0,False
Sudbury,preprocessed_Sudbury3D.hdf,893,1432268,1434031,1763,260,1503,0.1474758933635848,101.0,272.0,194.86153846153846,201.0,46262950.0,515005350.0,False
Sudbury,preprocessed_Sudbury3D.hdf,894,1434031,1435794,1763,293,1470,0.16619398752127057,96.0,265.0,192.82935153583617,200.0,46264509.0,515010800.0,False
Sudbury,preprocessed_Sudbury3D.hdf,895,1435794,1437557,1763,289,1474,0.16392512762336925,85.0,257.0,186.44982698961937,193.0,46258190.0,515011850.0,False
Sudbury,preprocessed_Sudbury3D.hdf,896,1437557,1439320,1763,0,1763,0.0,,,,,46180740.0,515247050.0,False
Sudbury,preprocessed_Sudbury3D.hdf,897,1439320,1441083,1763,297,1466,0.16846284741917186,76.0,251.0,180.26262626262627,188.0,46256590.0,515018550.0,False
Sudbury,preprocessed_Sudbury3D.hdf,898,1441083,1442846,1763,0,1763,0.0,,,,,46035500.0,515399750.0,False
Sudbury,preprocessed_Sudbury3D.hdf,899,1442846,1444609,1763,299,1464,0.16959727736812252,70.0,247.0,176.1304347826087,185.0,46258350.0,515025250.0,False
Sudbury,preprocessed_Sudbury3D.hdf,900,1444609,1446372,1763,95,1668,0.05388542257515598,131.0,305.0,225.73684210526315,239.0,46041018.0,515392550.0,False
Sudbury,preprocessed_Sudbury3D.hdf,901,1446372,1448135,1763,295,1468,0.1673284174702212,58.0,240.0,167.18983050847459,176.0,46253700.0,515030350.0,False
Sudbury,preprocessed_Sudbury3D.hdf,902,1448135,1449898,1763,30,1733,0.017016449234259785,126.0,179.0,144.73333333333332,138.5,46045509.0,515388500.0,False
Sudbury,preprocessed_Sudbury3D.hdf,903,1449898,1451661,1763,295,1468,0.1673284174702212,50.0,238.0,163.92542372881357,175.0,46252700.0,515035200.0,False
Sudbury,preprocessed_Sudbury3D.hdf,904,1451661,1453424,1763,278,1485,0.15768576290414066,32.0,367.0,256.1043165467626,274.0,46055240.0,515381350.0,False
Sudbury,preprocessed_Sudbury3D.hdf,905,1453424,1455187,1763,299,1464,0.16959727736812252,39.0,232.0,156.53177257525084,168.0,46249700.0,515041250.0,False
Sudbury,preprocessed_Sudbury3D.hdf,906,1455187,1456950,1763,298,1465,0.16903006239364718,28.0,225.0,149.93959731543623,162.5,46247131.0,515045300.0,False
Sudbury,preprocessed_Sudbury3D.hdf,907,1456950,1458713,1763,0,1763,0.0,,,,,46060950.0,515377900.0,False
Sudbury,preprocessed_Sudbury3D.hdf,908,1458713,1460476,1763,293,1470,0.16619398752127057,18.0,220.0,145.61433447098977,157.0,46240318.0,515046450.0,False
Sudbury,preprocessed_Sudbury3D.hdf,909,1460476,1462239,1763,167,1596,0.09472490073737946,102.0,356.0,252.92215568862275,298.0,46065668.0,515372550.0,False
Sudbury,preprocessed_Sudbury3D.hdf,910,1462239,1464002,1763,296,1467,0.16789563244469655,25.0,215.0,141.59797297297297,155.0,46236618.0,515050850.0,False
Sudbury,preprocessed_Sudbury3D.hdf,911,1464002,1465765,1763,131,1632,0.07430516165626773,92.0,349.0,217.793893129771,220.0,46070218.0,515368050.0,False
Sudbury,preprocessed_Sudbury3D.hdf,912,1465765,1467528,1763,298,1465,0.16903006239364718,30.0,210.0,137.0,151.0,46230668.0,515054050.0,False
Sudbury,preprocessed_Sudbury3D.hdf,913,1467528,1469291,1763,0,1763,0.0,,,,,46213459.0,515239800.0,False
Sudbury,preprocessed_Sudbury3D.hdf,914,1469291,1471054,1763,212,1551,0.12024957458876914,10.0,374.0,246.98584905660377,276.0,46074231.0,515363950.0,False
Sudbury,preprocessed_Sudbury3D.hdf,915,1471054,1472817,1763,298,1465,0.16903006239364718,37.0,209.0,134.60738255033556,150.0,46228468.0,515058450.0,False
Sudbury,preprocessed_Sudbury3D.hdf,916,1472817,1474580,1763,0,1763,0.0,,,,,46078468.0,515361050.0,False
Sudbury,preprocessed_Sudbury3D.hdf,917,1474580,1476343,1763,0,1763,0.0,,,,,46209068.0,515241600.0,False
Sudbury,preprocessed_Sudbury3D.hdf,918,1476343,1478106,1763,297,1466,0.16846284741917186,34.0,202.0,132.79124579124579,145.0,46225250.0,515062300.0,False
Sudbury,preprocessed_Sudbury3D.hdf,919,1478106,1479869,1763,0,1763,0.0,,,,,46084431.0,515360950.0,False
Sudbury,preprocessed_Sudbury3D.hdf,920,1479869,1481632,1763,0,1763,0.0,,,,,46205500.0,515245250.0,False
Sudbury,preprocessed_Sudbury3D.hdf,921,1481632,1483395,1763,298,1465,0.16903006239364718,24.0,201.0,127.9496644295302,137.0,46221468.0,515065800.0,False
Sudbury,preprocessed_Sudbury3D.hdf,922,1483395,1485158,1763,214,1549,0.12138400453771979,57.0,331.0,225.70560747663552,226.5,46090009.0,515358900.0,False
Sudbury,preprocessed_Sudbury3D.hdf,923,1485158,1486921,1763,0,1763,0.0,,,,,46201840.0,515248300.0,False
Sudbury,preprocessed_Sudbury3D.hdf,924,1486921,1488684,1763,299,1464,0.16959727736812252,22.0,190.0,125.32441471571906,130.0,46215450.0,515069100.0,False
Sudbury,preprocessed_Sudbury3D.hdf,935,1488684,1490447,1763,0,1763,0.0,,,,,46187400.0,515261900.0,False
Sudbury,preprocessed_Sudbury3D.hdf,936,1490447,1492210,1763,292,1471,0.16562677254679523,16.0,187.0,123.06164383561644,131.0,46197300.0,515087000.0,False
Sudbury,preprocessed_Sudbury3D.hdf,937,1492210,1493973,1763,0,1763,0.0,,,,,46184050.0,515265650.0,False
Sudbury,preprocessed_Sudbury3D.hdf,938,1493973,1495736,1763,298,1465,0.16903006239364718,16.0,192.0,124.17114093959732,129.0,46192040.0,515086400.0,False
Sudbury,preprocessed_Sudbury3D.hdf,939,1495736,1497499,1763,0,1763,0.0,,,,,46180431.0,515269350.0,False
Sudbury,preprocessed_Sudbury3D.hdf,940,1497499,1499262,1763,290,1473,0.1644923425978446,24.0,179.0,124.76896551724138,130.0,46190790.0,515092150.0,False
Sudbury,preprocessed_Sudbury3D.hdf,941,1499262,1501025,1763,0,1763,0.0,,,,,46188000.0,515097200.0,False
Sudbury,preprocessed_Sudbury3D.hdf,942,1501025,1502788,1763,0,1763,0.0,,,,,46108190.0,515351500.0,False
Sudbury,preprocessed_Sudbury3D.hdf,943,1502788,1504551,1763,0,1763,0.0,,,,,46177159.0,515272550.0,False
Sudbury,preprocessed_Sudbury3D.hdf,944,1504551,1506314,1763,293,1470,0.16619398752127057,38.0,182.0,126.05119453924915,131.0,46183568.0,515101350.0,False
Sudbury,preprocessed_Sudbury3D.hdf,945,1506314,1508077,1763,0,1763,0.0,,,,,46112768.0,515352900.0,False
Sudbury,preprocessed_Sudbury3D.hdf,946,1508077,1509840,1763,0,1763,0.0,,,,,46173040.0,515276350.0,False
Sudbury,preprocessed_Sudbury3D.hdf,947,1509840,1511603,1763,0,1763,0.0,,,,,46177918.0,515105650.0,False
Sudbury,preprocessed_Sudbury3D.hdf,948,1511603,1513366,1763,0,1763,0.0,,,,,46169268.0,515280550.0,False
Sudbury,preprocessed_Sudbury3D.hdf,950,1513366,1515129,1763,296,1467,0.16789563244469655,18.0,192.0,129.07094594594594,134.5,46173890.0,515109550.0,False
Sudbury,preprocessed_Sudbury3D.hdf,951,1515129,1516892,1763,297,1466,0.16846284741917186,42.0,255.0,149.5252525252525,153.0,46165031.0,515284750.0,False
Sudbury,preprocessed_Sudbury3D.hdf,952,1516892,1518655,1763,0,1763,0.0,,,,,46118909.0,515354300.0,False
Sudbury,preprocessed_Sudbury3D.hdf,953,1518655,1520418,1763,294,1469,0.16676120249574589,29.0,189.0,131.2517006802721,137.0,46169450.0,515112350.0,False
Sudbury,preprocessed_Sudbury3D.hdf,954,1520418,1522181,1763,164,1599,0.09302325581395349,72.0,297.0,181.1280487804878,181.5,46124381.0,515349600.0,False
Sudbury,preprocessed_Sudbury3D.hdf,955,1522181,1523944,1763,297,1466,0.16846284741917186,40.0,188.0,128.65993265993265,137.0,46165068.0,515115950.0,False
Sudbury,preprocessed_Sudbury3D.hdf,956,1523944,1525707,1763,280,1483,0.15882019285309132,44.0,188.0,128.28214285714284,135.0,46161531.0,515121150.0,False
Sudbury,preprocessed_Sudbury3D.hdf,957,1525707,1527470,1763,290,1473,0.1644923425978446,72.0,303.0,210.03103448275863,212.5,46128959.0,515345700.0,False
Sudbury,preprocessed_Sudbury3D.hdf,958,1527470,1529233,1763,292,1471,0.16562677254679523,36.0,208.0,131.16438356164383,137.5,46153450.0,515130500.0,False
Sudbury,preprocessed_Sudbury3D.hdf,959,1529233,1530996,1763,291,1472,0.1650595575723199,30.0,190.0,131.19243986254295,139.0,46156331.0,515126550.0,False
Sudbury,preprocessed_Sudbury3D.hdf,960,1530996,1532759,1763,274,1489,0.15541690300623937,19.0,192.0,132.54014598540147,138.5,46159250.0,515124550.0,False
Sudbury,preprocessed_Sudbury3D.hdf,961,1532759,1534522,1763,271,1492,0.1537152580828134,41.0,186.0,127.54981549815498,132.0,46161609.0,515126600.0,False
Sudbury,preprocessed_Sudbury3D.hdf,962,1534522,1536285,1763,240,1523,0.13613159387407828,33.0,192.0,129.94166666666666,133.0,46160650.0,515133650.0,False
Sudbury,preprocessed_Sudbury3D.hdf,963,1536285,1538048,1763,95,1668,0.05388542257515598,271.0,384.0,329.0421052631579,336.0,46103609.0,515446700.0,False
Sudbury,preprocessed_Sudbury3D.hdf,964,1538048,1539811,1763,297,1466,0.16846284741917186,18.0,199.0,133.94276094276094,139.0,46162359.0,515140500.0,False
Sudbury,preprocessed_Sudbury3D.hdf,965,1539811,1541574,1763,114,1649,0.06466250709018719,173.0,383.0,295.7456140350877,304.0,46105400.0,515438850.0,False
Sudbury,preprocessed_Sudbury3D.hdf,966,1541574,1543337,1763,223,1540,0.12648893930799773,175.0,385.0,304.0269058295964,315.0,46104940.0,515433100.0,False
Sudbury,preprocessed_Sudbury3D.hdf,967,1543337,1545100,1763,120,1643,0.06806579693703914,179.0,394.0,276.8666666666667,271.0,46105259.0,515426300.0,False
Sudbury,preprocessed_Sudbury3D.hdf,968,1545100,1546863,1763,103,1660,0.058423142370958595,158.0,361.0,252.74757281553397,251.0,46106240.0,515420850.0,False
Sudbury,preprocessed_Sudbury3D.hdf,969,1546863,1548626,1763,0,1763,0.0,,,,,46106609.0,515415150.0,False
Sudbury,preprocessed_Sudbury3D.hdf,970,1548626,1550389,1763,0,1763,0.0,,,,,46105131.0,515410150.0,False
Sudbury,preprocessed_Sudbury3D.hdf,971,1550389,1552152,1763,26,1737,0.01474758933635848,124.0,224.0,177.53846153846155,176.0,46103009.0,515403600.0,False
Sudbury,preprocessed_Sudbury3D.hdf,972,1552152,1553915,1763,0,1763,0.0,,,,,46104681.0,515397650.0,False
Sudbury,preprocessed_Sudbury3D.hdf,973,1553915,1555678,1763,212,1551,0.12024957458876914,125.0,377.0,272.00471698113205,279.0,46106718.0,515392050.0,False
Sudbury,preprocessed_Sudbury3D.hdf,974,1555678,1557441,1763,0,1763,0.0,,,,,46105350.0,515385650.0,False
Sudbury,preprocessed_Sudbury3D.hdf,975,1557441,1559204,1763,0,1763,0.0,,,,,46105540.0,515380550.0,False
Sudbury,preprocessed_Sudbury3D.hdf,976,1559204,1560967,1763,292,1471,0.16562677254679523,33.0,191.0,130.19520547945206,139.0,46162950.0,515153300.0,False
Sudbury,preprocessed_Sudbury3D.hdf,977,1560967,1562730,1763,79,1684,0.04480998298355077,132.0,285.0,215.36708860759492,221.0,46108881.0,515375400.0,False
Sudbury,preprocessed_Sudbury3D.hdf,978,1562730,1564493,1763,288,1475,0.16335791264889393,42.0,193.0,132.85069444444446,141.5,46163231.0,515157950.0,False
Sudbury,preprocessed_Sudbury3D.hdf,979,1564493,1566256,1763,82,1681,0.046511627906976744,141.0,282.0,211.15853658536585,215.5,46114581.0,515374100.0,False
Sudbury,preprocessed_Sudbury3D.hdf,980,1566256,1568019,1763,280,1483,0.15882019285309132,76.0,301.0,218.33928571428572,229.0,46289640.0,515279700.0,False
Sudbury,preprocessed_Sudbury3D.hdf,981,1568019,1569782,1763,248,1515,0.1406693136698809,46.0,312.0,127.20564516129032,131.0,46164340.0,515161200.0,False
Sudbury,preprocessed_Sudbury3D.hdf,982,1569782,1571545,1763,213,1550,0.12081678956324447,82.0,302.0,208.1361502347418,210.0,46285100.0,515282050.0,False
Sudbury,preprocessed_Sudbury3D.hdf,983,1571545,1573308,1763,297,1466,0.16846284741917186,38.0,190.0,129.31649831649833,139.0,46164418.0,515168400.0,False
Sudbury,preprocessed_Sudbury3D.hdf,984,1573308,1575071,1763,0,1763,0.0,,,,,46282190.0,515285500.0,False
Sudbury,preprocessed_Sudbury3D.hdf,985,1575071,1576834,1763,297,1466,0.16846284741917186,30.0,193.0,130.54882154882154,138.0,46163218.0,515174350.0,False
Sudbury,preprocessed_Sudbury3D.hdf,986,1576834,1578597,1763,291,1472,0.1650595575723199,28.0,193.0,131.26116838487974,138.0,46167768.0,515179300.0,False
Sudbury,preprocessed_Sudbury3D.hdf,987,1578597,1580360,1763,216,1547,0.12251843448667045,56.0,292.0,202.1712962962963,201.5,46279318.0,515287850.0,False
Sudbury,preprocessed_Sudbury3D.hdf,988,1580360,1582123,1763,0,1763,0.0,,,,,46276100.0,515292450.0,False
Sudbury,preprocessed_Sudbury3D.hdf,989,1582123,1583886,1763,0,1763,0.0,,,,,46272759.0,515295900.0,False
Sudbury,preprocessed_Sudbury3D.hdf,990,1583886,1585649,1763,0,1763,0.0,,,,,46268400.0,515297050.0,False
Sudbury,preprocessed_Sudbury3D.hdf,991,1585649,1587412,1763,0,1763,0.0,,,,,46264009.0,515298300.0,False
Sudbury,preprocessed_Sudbury3D.hdf,992,1587412,1589175,1763,0,1763,0.0,,,,,46260440.0,515301950.0,False
Sudbury,preprocessed_Sudbury3D.hdf,993,1589175,1590938,1763,0,1763,0.0,,,,,46208168.0,515396000.0,False
Sudbury,preprocessed_Sudbury3D.hdf,994,1590938,1592701,1763,0,1763,0.0,,,,,46260159.0,515307550.0,False
Sudbury,preprocessed_Sudbury3D.hdf,995,1592701,1594464,1763,0,1763,0.0,,,,,46204531.0,515399850.0,False
Sudbury,preprocessed_Sudbury3D.hdf,996,1594464,1596227,1763,0,1763,0.0,,,,,46258168.0,515313400.0,False
Sudbury,preprocessed_Sudbury3D.hdf,997,1596227,1597990,1763,0,1763,0.0,,,,,46199940.0,515403600.0,False
Sudbury,preprocessed_Sudbury3D.hdf,998,1597990,1599753,1763,0,1763,0.0,,,,,46195318.0,515407700.0,False
Sudbury,preprocessed_Sudbury3D.hdf,999,1599753,1601516,1763,0,1763,0.0,,,,,46252340.0,515314900.0,False
Sudbury,preprocessed_Sudbury3D.hdf,1000,1601516,1602186,670,0,670,0.0,,,,,46190550.0,515411550.0,False
Sudbury,preprocessed_Sudbury3D.hdf,1004,1614527,1616290,1763,299,1464,0.16959727736812252,26.0,227.0,137.5418060200669,139.0,46167518.0,515211200.0,False
Sudbury,preprocessed_Sudbury3D.hdf,1005,1616290,1618053,1763,299,1464,0.16959727736812252,200.0,449.0,342.0903010033445,345.0,46170859.0,515425450.0,False
Sudbury,preprocessed_Sudbury3D.hdf,1006,1618053,1619816,1763,298,1465,0.16903006239364718,47.0,200.0,133.33221476510067,141.0,46166600.0,515217350.0,False
Sudbury,preprocessed_Sudbury3D.hdf,1007,1619816,1621579,1763,300,1463,0.17016449234259784,28.0,290.0,190.31666666666666,205.0,46222909.0,515302300.0,False
Sudbury,preprocessed_Sudbury3D.hdf,1009,1621579,1623342,1763,0,1763,0.0,,,,,46169159.0,515431400.0,False
Sudbury,preprocessed_Sudbury3D.hdf,1010,1623342,1625105,1763,299,1464,0.16959727736812252,39.0,213.0,138.52173913043478,144.0,46160018.0,515220400.0,False
Sudbury,preprocessed_Sudbury3D.hdf,1011,1625105,1626868,1763,0,1763,0.0,,,,,46218009.0,515304700.0,False
Sudbury,preprocessed_Sudbury3D.hdf,1012,1626868,1628631,1763,0,1763,0.0,,,,,46163690.0,515434200.0,False
Sudbury,preprocessed_Sudbury3D.hdf,1013,1628631,1630394,1763,299,1464,0.16959727736812252,34.0,206.0,138.89966555183946,145.0,46153409.0,515220750.0,False
Sudbury,preprocessed_Sudbury3D.hdf,1014,1630394,1632157,1763,300,1463,0.17016449234259784,45.0,299.0,193.30666666666667,206.0,46215409.0,515309450.0,False
Sudbury,preprocessed_Sudbury3D.hdf,1015,1632157,1633920,1763,280,1483,0.15882019285309132,211.0,441.0,340.275,346.0,46158081.0,515432550.0,False
Sudbury,preprocessed_Sudbury3D.hdf,1016,1633920,1635683,1763,299,1464,0.16959727736812252,36.0,197.0,132.29765886287626,139.0,46146318.0,515221450.0,False
Sudbury,preprocessed_Sudbury3D.hdf,1017,1635683,1637446,1763,291,1472,0.1650595575723199,40.0,284.0,190.96907216494844,204.0,46213059.0,515314200.0,False
Sudbury,preprocessed_Sudbury3D.hdf,1018,1637446,1639209,1763,0,1763,0.0,,,,,46151990.0,515433200.0,False
Sudbury,preprocessed_Sudbury3D.hdf,1019,1639209,1640972,1763,299,1464,0.16959727736812252,44.0,202.0,131.9866220735786,141.0,46140281.0,515221900.0,False
Sudbury,preprocessed_Sudbury3D.hdf,1020,1640972,1642735,1763,300,1463,0.17016449234259784,212.0,430.0,334.51666666666665,340.0,46147959.0,515437100.0,False
Sudbury,preprocessed_Sudbury3D.hdf,1021,1642735,1644498,1763,299,1464,0.16959727736812252,45.0,200.0,137.09698996655518,145.0,46134290.0,515221800.0,False
Sudbury,preprocessed_Sudbury3D.hdf,1022,1644498,1646261,1763,298,1465,0.16903006239364718,223.0,439.0,347.98322147651004,354.0,46143881.0,515439800.0,False
Sudbury,preprocessed_Sudbury3D.hdf,1023,1646261,1648024,1763,265,1498,0.15031196823596144,46.0,289.0,192.05283018867925,205.0,46210118.0,515320200.0,False
Sudbury,preprocessed_Sudbury3D.hdf,1024,1648024,1649787,1763,0,1763,0.0,,,,,46141618.0,515444900.0,False
Sudbury,preprocessed_Sudbury3D.hdf,1025,1649787,1651550,1763,0,1763,0.0,,,,,46206381.0,515325050.0,False
Sudbury,preprocessed_Sudbury3D.hdf,1026,1651550,1653313,1763,299,1464,0.16959727736812252,37.0,203.0,139.53177257525084,146.0,46130681.0,515225200.0,False
Sudbury,preprocessed_Sudbury3D.hdf,1027,1653313,1655076,1763,0,1763,0.0,,,,,46140331.0,515450950.0,False
Sudbury,preprocessed_Sudbury3D.hdf,1028,1655076,1656839,1763,298,1465,0.16903006239364718,53.0,308.0,206.20469798657717,219.5,46201400.0,515330100.0,False
Sudbury,preprocessed_Sudbury3D.hdf,1029,1656839,1658602,1763,0,1763,0.0,,,,,46140781.0,515456250.0,False
Sudbury,preprocessed_Sudbury3D.hdf,1030,1658602,1660365,1763,298,1465,0.16903006239364718,39.0,307.0,208.6778523489933,223.0,46197300.0,515334650.0,False
Sudbury,preprocessed_Sudbury3D.hdf,1031,1660365,1662128,1763,286,1477,0.16222348269994327,29.0,300.0,208.34265734265733,220.5,46194831.0,515339400.0,False
Sudbury,preprocessed_Sudbury3D.hdf,1032,1662128,1663891,1763,295,1468,0.1673284174702212,24.0,299.0,210.88474576271187,223.0,46191140.0,515343350.0,False
Sudbury,preprocessed_Sudbury3D.hdf,1033,1663891,1665654,1763,299,1464,0.16959727736812252,43.0,199.0,133.8428093645485,143.0,46159818.0,515197350.0,False
Sudbury,preprocessed_Sudbury3D.hdf,1034,1665654,1667417,1763,269,1494,0.15258082813386273,39.0,302.0,208.7806691449814,217.0,46186140.0,515346450.0,False
Sudbury,preprocessed_Sudbury3D.hdf,1035,1667417,1669180,1763,299,1464,0.16959727736812252,46.0,303.0,210.54515050167225,217.0,46179759.0,515345200.0,False
Sudbury,preprocessed_Sudbury3D.hdf,1036,1669180,1670943,1763,285,1478,0.16165626772546796,59.0,300.0,210.40350877192984,217.0,46174068.0,515347850.0,False
Sudbury,preprocessed_Sudbury3D.hdf,1037,1670943,1672706,1763,300,1463,0.17016449234259784,243.0,464.0,368.37666666666667,375.0,46143640.0,515461100.0,False
Sudbury,preprocessed_Sudbury3D.hdf,1038,1672706,1674469,1763,0,1763,0.0,,,,,46169290.0,515348750.0,False
Sudbury,preprocessed_Sudbury3D.hdf,1039,1674469,1676232,1763,0,1763,0.0,,,,,46143318.0,515466800.0,False
Sudbury,preprocessed_Sudbury3D.hdf,1040,1676232,1677995,1763,299,1464,0.16959727736812252,50.0,192.0,132.62541806020067,142.0,46154909.0,515198500.0,False
Sudbury,preprocessed_Sudbury3D.hdf,1041,1677995,1679758,1763,300,1463,0.17016449234259784,72.0,297.0,208.68333333333334,220.0,46162281.0,515349950.0,False
Sudbury,preprocessed_Sudbury3D.hdf,1042,1679758,1681521,1763,0,1763,0.0,,,,,46140931.0,515472500.0,False
Sudbury,preprocessed_Sudbury3D.hdf,1043,1681521,1683284,1763,264,1499,0.1497447532614861,87.0,300.0,210.21212121212122,215.5,46158450.0,515354150.0,False
Sudbury,preprocessed_Sudbury3D.hdf,1044,1683284,1685047,1763,299,1464,0.16959727736812252,42.0,193.0,132.90635451505017,144.0,46150450.0,515198550.0,False
Sudbury,preprocessed_Sudbury3D.hdf,1045,1685047,1686810,1763,0,1763,0.0,,,,,46137009.0,515476250.0,False
Sudbury,preprocessed_Sudbury3D.hdf,1046,1686810,1688573,1763,293,1470,0.16619398752127057,97.0,315.0,222.81569965870307,227.0,46154759.0,515358550.0,False
Sudbury,preprocessed_Sudbury3D.hdf,1047,1688573,1690336,1763,299,1464,0.16959727736812252,33.0,193.0,130.0401337792642,140.0,46147731.0,515202950.0,False
Sudbury,preprocessed_Sudbury3D.hdf,1048,1690336,1692099,1763,226,1537,0.1281905842314237,268.0,504.0,399.19026548672565,401.0,46134968.0,515482250.0,False
Sudbury,preprocessed_Sudbury3D.hdf,1049,1692099,1693862,1763,299,1464,0.16959727736812252,33.0,208.0,138.08361204013377,143.0,46144109.0,515208000.0,False
Sudbury,preprocessed_Sudbury3D.hdf,1050,1693862,1695625,1763,0,1763,0.0,,,,,46132590.0,515485500.0,False
Sudbury,preprocessed_Sudbury3D.hdf,1051,1695625,1697388,1763,287,1476,0.16279069767441862,108.0,336.0,228.28571428571428,229.0,46150900.0,515362300.0,False
Sudbury,preprocessed_Sudbury3D.hdf,1052,1697388,1699151,1763,298,1465,0.16903006239364718,41.0,230.0,135.2281879194631,142.0,46141509.0,515214600.0,False
Sudbury,preprocessed_Sudbury3D.hdf,1053,1699151,1700914,1763,299,1464,0.16959727736812252,44.0,197.0,133.55518394648828,140.0,46138318.0,515216900.0,False
Sudbury,preprocessed_Sudbury3D.hdf,1054,1700914,1702677,1763,282,1481,0.15995462280204198,117.0,336.0,230.15248226950354,230.5,46146440.0,515367050.0,False
Sudbury,preprocessed_Sudbury3D.hdf,1055,1702677,1704440,1763,298,1465,0.16903006239364718,123.0,350.0,246.21140939597316,249.5,46141818.0,515369550.0,False
Sudbury,preprocessed_Sudbury3D.hdf,1056,1704440,1706203,1763,283,1480,0.1605218377765173,140.0,344.0,254.36042402826854,256.0,46136381.0,515371600.0,False
Sudbury,preprocessed_Sudbury3D.hdf,1057,1706203,1707966,1763,299,1464,0.16959727736812252,42.0,201.0,141.77591973244148,148.0,46130331.0,515220900.0,False
Sudbury,preprocessed_Sudbury3D.hdf,1058,1707966,1709729,1763,267,1496,0.1514463981849121,146.0,356.0,262.58801498127343,267.0,46130731.0,515371750.0,False
Sudbury,preprocessed_Sudbury3D.hdf,1059,1709729,1711492,1763,298,1465,0.16903006239364718,35.0,207.0,142.60738255033556,150.5,46124690.0,515220000.0,False
Sudbury,preprocessed_Sudbury3D.hdf,1060,1711492,1713255,1763,298,1465,0.16903006239364718,137.0,364.0,269.0973154362416,276.5,46124931.0,515371800.0,False
Sudbury,preprocessed_Sudbury3D.hdf,1061,1713255,1715018,1763,298,1465,0.16903006239364718,35.0,198.0,136.8523489932886,141.5,46121109.0,515230250.0,False
Sudbury,preprocessed_Sudbury3D.hdf,1062,1715018,1716781,1763,0,1763,0.0,,,,,46165390.0,515420800.0,False
Sudbury,preprocessed_Sudbury3D.hdf,1063,1716781,1718544,1763,300,1463,0.17016449234259784,138.0,361.0,272.93666666666667,279.0,46120640.0,515372400.0,False
Sudbury,preprocessed_Sudbury3D.hdf,1064,1718544,1720307,1763,0,1763,0.0,,,,,46160409.0,515416300.0,False
Sudbury,preprocessed_Sudbury3D.hdf,1065,1720307,1722070,1763,299,1464,0.16959727736812252,41.0,201.0,136.66555183946488,143.0,46122009.0,515233900.0,False
Sudbury,preprocessed_Sudbury3D.hdf,1066,1722070,1723833,1763,0,1763,0.0,,,,,46154068.0,515412900.0,False
Sudbury,preprocessed_Sudbury3D.hdf,1067,1723833,1725596,1763,297,1466,0.16846284741917186,44.0,229.0,136.5218855218855,145.0,46123381.0,515239150.0,False
Sudbury,preprocessed_Sudbury3D.hdf,1068,1725596,1727359,1763,0,1763,0.0,,,,,46150540.0,515405600.0,False
Sudbury,preprocessed_Sudbury3D.hdf,1069,1727359,1729122,1763,0,1763,0.0,,,,,46154609.0,515398950.0,False
Sudbury,preprocessed_Sudbury3D.hdf,1070,1729122,1730885,1763,300,1463,0.17016449234259784,52.0,226.0,140.24,149.0,46123309.0,515246200.0,False
Sudbury,preprocessed_Sudbury3D.hdf,1071,1730885,1732648,1763,0,1763,0.0,,,,,46159868.0,515396450.0,False
Sudbury,preprocessed_Sudbury3D.hdf,1072,1732648,1734411,1763,0,1763,0.0,,,,,46165431.0,515396350.0,False
Sudbury,preprocessed_Sudbury3D.hdf,1073,1734411,1736174,1763,282,1481,0.15995462280204198,45.0,203.0,136.76241134751774,141.0,46122531.0,515252250.0,False
Sudbury,preprocessed_Sudbury3D.hdf,1074,1736174,1737937,1763,0,1763,0.0,,,,,46171381.0,515395350.0,False
Sudbury,preprocessed_Sudbury3D.hdf,1075,1737937,1739700,1763,300,1463,0.17016449234259784,32.0,215.0,138.66,145.5,46119400.0,515257500.0,False
Sudbury,preprocessed_Sudbury3D.hdf,1076,1739700,1741463,1763,0,1763,0.0,,,,,46177568.0,515393550.0,False
Sudbury,preprocessed_Sudbury3D.hdf,1077,1741463,1743226,1763,283,1480,0.1605218377765173,27.0,211.0,141.15901060070672,145.0,46113181.0,515260900.0,False
Sudbury,preprocessed_Sudbury3D.hdf,1078,1743226,1744989,1763,0,1763,0.0,,,,,46176881.0,515387700.0,False
Sudbury,preprocessed_Sudbury3D.hdf,1079,1744989,1746752,1763,298,1465,0.16903006239364718,39.0,212.0,141.36912751677852,145.0,46105090.0,515261000.0,False
Sudbury,preprocessed_Sudbury3D.hdf,1080,1746752,1748515,1763,295,1468,0.1673284174702212,100.0,349.0,252.98305084745763,256.0,46173090.0,515382250.0,False
Sudbury,preprocessed_Sudbury3D.hdf,1081,1748515,1750278,1763,296,1467,0.16789563244469655,50.0,212.0,140.34121621621622,146.0,46099159.0,515263950.0,False
Sudbury,preprocessed_Sudbury3D.hdf,1082,1750278,1752041,1763,292,1471,0.16562677254679523,107.0,359.0,252.0,257.0,46169518.0,515378450.0,False
Sudbury,preprocessed_Sudbury3D.hdf,1083,1752041,1753804,1763,299,1464,0.16959727736812252,50.0,212.0,140.50501672240802,150.0,46090481.0,515263000.0,False
Sudbury,preprocessed_Sudbury3D.hdf,1084,1753804,1755567,1763,299,1464,0.16959727736812252,47.0,196.0,134.5284280936455,145.0,46067109.0,515149700.0,False
Sudbury,preprocessed_Sudbury3D.hdf,1085,1755567,1757330,1763,285,1478,0.16165626772546796,102.0,336.0,240.40701754385964,245.0,46164000.0,515376300.0,False
Sudbury,preprocessed_Sudbury3D.hdf,1086,1757330,1759093,1763,298,1465,0.16903006239364718,43.0,212.0,141.25503355704697,146.0,46084668.0,515262550.0,False
Sudbury,preprocessed_Sudbury3D.hdf,1087,1759093,1760856,1763,297,1466,0.16846284741917186,42.0,193.0,134.53535353535352,144.0,46071490.0,515147100.0,False
Sudbury,preprocessed_Sudbury3D.hdf,1088,1760856,1762619,1763,276,1487,0.15655133295519003,108.0,329.0,234.81884057971016,238.0,46158468.0,515373050.0,False
Sudbury,preprocessed_Sudbury3D.hdf,1089,1762619,1764382,1763,299,1464,0.16959727736812252,31.0,207.0,141.561872909699,143.0,46077240.0,515261850.0,False
Sudbury,preprocessed_Sudbury3D.hdf,1091,1764382,1766145,1763,299,1464,0.16959727736812252,33.0,193.0,134.93645484949832,142.0,46076568.0,515146550.0,False
Sudbury,preprocessed_Sudbury3D.hdf,1092,1766145,1767908,1763,297,1466,0.16846284741917186,109.0,336.0,233.0841750841751,236.0,46153340.0,515369450.0,False
Sudbury,preprocessed_Sudbury3D.hdf,1093,1767908,1769671,1763,296,1467,0.16789563244469655,27.0,202.0,137.39864864864865,140.5,46069868.0,515258450.0,False
Sudbury,preprocessed_Sudbury3D.hdf,1094,1769671,1771434,1763,297,1466,0.16846284741917186,31.0,195.0,138.57575757575756,142.0,46081390.0,515146300.0,False
Sudbury,preprocessed_Sudbury3D.hdf,1096,1771434,1773197,1763,292,1471,0.16562677254679523,27.0,207.0,139.90753424657535,143.5,46063809.0,515257400.0,False
Sudbury,preprocessed_Sudbury3D.hdf,1097,1773197,1774960,1763,272,1491,0.1542824730572887,126.0,357.0,262.45588235294116,263.5,46114600.0,515371050.0,False
Sudbury,preprocessed_Sudbury3D.hdf,1098,1774960,1776723,1763,268,1495,0.1520136131593874,100.0,340.0,240.48134328358208,243.5,46109718.0,515367700.0,False
Sudbury,preprocessed_Sudbury3D.hdf,1099,1776723,1778486,1763,296,1467,0.16789563244469655,40.0,199.0,138.22297297297297,145.0,46092259.0,515143550.0,False
Sudbury,preprocessed_Sudbury3D.hdf,1100,1778486,1780249,1763,0,1763,0.0,,,,,46107140.0,515362400.0,False
Sudbury,preprocessed_Sudbury3D.hdf,1101,1780249,1782012,1763,299,1464,0.16959727736812252,40.0,351.0,139.90301003344482,148.0,46090700.0,515141300.0,False
Sudbury,preprocessed_Sudbury3D.hdf,1102,1782012,1783775,1763,234,1529,0.13272830402722632,77.0,318.0,213.60256410256412,213.5,46104590.0,515357750.0,False
Sudbury,preprocessed_Sudbury3D.hdf,1103,1783775,1785538,1763,0,1763,0.0,,,,,46087900.0,515136700.0,False
Sudbury,preprocessed_Sudbury3D.hdf,1104,1785538,1787301,1763,0,1763,0.0,,,,,46085231.0,515132400.0,False
Sudbury,preprocessed_Sudbury3D.hdf,1105,1787301,1789064,1763,0,1763,0.0,,,,,46081118.0,515122650.0,False
Sudbury,preprocessed_Sudbury3D.hdf,1106,1789064,1790827,1763,0,1763,0.0,,,,,46063259.0,515054100.0,False
Sudbury,preprocessed_Sudbury3D.hdf,1107,1790827,1792590,1763,0,1763,0.0,,,,,46079159.0,515116750.0,False
Sudbury,preprocessed_Sudbury3D.hdf,1108,1792590,1794353,1763,0,1763,0.0,,,,,46062918.0,515068450.0,False
Sudbury,preprocessed_Sudbury3D.hdf,1109,1794353,1796116,1763,0,1763,0.0,,,,,46076790.0,515112000.0,False
Sudbury,preprocessed_Sudbury3D.hdf,1110,1796116,1797879,1763,0,1763,0.0,,,,,46058681.0,515079200.0,False
Sudbury,preprocessed_Sudbury3D.hdf,1111,1797879,1799642,1763,0,1763,0.0,,,,,46075159.0,515106650.0,False
Sudbury,preprocessed_Sudbury3D.hdf,1112,1799642,1801405,1763,0,1763,0.0,,,,,46072318.0,515101100.0,False
Sudbury,preprocessed_Sudbury3D.hdf,1113,1801405,1803168,1763,0,1763,0.0,,,,,46068050.0,515094300.0,False
Sudbury,preprocessed_Sudbury3D.hdf,1114,1803168,1804931,1763,0,1763,0.0,,,,,46060800.0,515073850.0,False
Sudbury,preprocessed_Sudbury3D.hdf,1115,1804931,1806694,1763,0,1763,0.0,,,,,46062368.0,515091250.0,False
Sudbury,preprocessed_Sudbury3D.hdf,1116,1806694,1808457,1763,0,1763,0.0,,,,,46054900.0,515082950.0,False
Sudbury,preprocessed_Sudbury3D.hdf,1117,1808457,1810220,1763,0,1763,0.0,,,,,46057268.0,515089900.0,False
Sudbury,preprocessed_Sudbury3D.hdf,1779,1602186,1603949,1763,0,1763,0.0,,,,,46241531.0,515305900.0,False
Sudbury,preprocessed_Sudbury3D.hdf,1780,1603949,1605712,1763,297,1466,0.16846284741917186,27.0,201.0,138.4983164983165,142.0,46172890.0,515198650.0,False
Sudbury,preprocessed_Sudbury3D.hdf,1781,1605712,1607475,1763,215,1548,0.12195121951219512,200.0,436.0,334.57209302325583,334.0,46179768.0,515418150.0,False
Sudbury,preprocessed_Sudbury3D.hdf,1782,1607475,1609238,1763,300,1463,0.17016449234259784,45.0,304.0,201.32,211.5,46236440.0,515305450.0,False
Sudbury,preprocessed_Sudbury3D.hdf,1783,1609238,1611001,1763,299,1464,0.16959727736812252,40.0,204.0,139.08026755852842,145.0,46169850.0,515204100.0,False
Sudbury,preprocessed_Sudbury3D.hdf,1784,1611001,1612764,1763,0,1763,0.0,,,,,46175181.0,515421300.0,False
Sudbury,preprocessed_Sudbury3D.hdf,1785,1612764,1614527,1763,0,1763,0.0,,,,,46228618.0,515306250.0,False
